chip_id,decoder,sndr_db,snr_db,sfdr_db,thd_db,enob,dnl_min_lsb,dnl_max_lsb,inl_min_lsb,inl_max_lsb,missing_codes,saturation_fraction,code_rmse_to_oracle_affine_lsb,code_max_to_oracle_affine_lsb,code_gain_to_oracle,weight_rmse_gain_aligned_lsb,weight_max_gain_aligned_lsb
0,NOMINAL_SRM,62.273606904424,80.61005128572221,66.48816552487848,-66.18753277353966,10.0520941701701,-1.0,3.5058442451374354,-50.19060642637786,50.19190514751953,1054,0.031982421875,18.577478865298286,45.069719140741654,0.9990215680741642,8.28577078091534,24.064665675408833
0,CAL_CURRENT_SRM,95.63129085785995,96.53320123389891,112.57984074010379,-116.98607626720337,15.593237684029893,-0.5144352549821467,0.9422589800714132,-0.8409680471205786,0.8120975371562852,0,0.0,0.4274086704096177,1.2718242362871024,1.029731912652987,0.1976046474463295,0.5190420314354114
0,CAL_ZERO_COMP_ERROR_SRM,93.04680268102422,95.51802450681231,108.79490606423126,-107.81434387074114,15.163920711133592,-0.5121080338750286,0.9515678644998857,-1.6426642252231634,1.4005035477225911,0,0.0,0.5479339642777018,1.8799341639896738,1.0248247579347236,0.25946243516339185,0.5394112126232358
0,ORACLE_SRM,97.06056050875219,97.24809430216995,123.95939877921725,-125.71312158544977,15.830657891819301,0.0,0.0,0.0,0.0,0,0.0,4.348309318354037e-12,7.275957614183426e-12,1.0000000000000002,0.0,0.0
1,NOMINAL_SRM,55.44203252054052,79.89213481346737,58.464008092941455,-56.87711255202111,8.91728114959145,-1.0,6.006200745311259,-95.60020465514476,95.60109047590348,839,0.02587890625,42.682673150884085,83.82727651722325,1.0009332349035382,18.87614019177993,65.73826411158734
1,CAL_CURRENT_SRM,95.62042506267785,96.65200619465013,116.14784545121847,-120.75251667043818,15.591432734664096,-0.5034753217819894,0.9860987128720424,-0.6185996475085261,1.108173682162558,0,0.0,0.44069577934580884,1.3147570959772565,1.0070030436710153,0.17849871992475558,0.5416023076435827
1,CAL_ZERO_COMP_ERROR_SRM,92.127843344697,95.61502461720515,103.51329960958648,-100.10302741539219,15.011269658587542,-0.50007629627369,0.99969481490524,-1.4170964690084535,1.3295388653218176,0,0.0,0.5881075372913545,1.9248833653327893,1.0001555018717025,0.26443522802246083,0.5997951971794464
1,ORACLE_SRM,97.28784662784919,97.72352974690128,123.69361829393945,-126.49785039121028,15.868413061104517,0.0,0.0,0.0,0.0,0,0.0,4.348309318354037e-12,7.275957614183426e-12,1.0000000000000002,0.0,0.0
2,NOMINAL_SRM,59.30036628182059,79.93511119740167,62.91244826034804,-61.28576652599552,9.558200379039965,-1.0,2.998657185583056,-61.164738914151435,61.1644032105472,883,0.0,28.046440950762765,50.92736045033416,0.9995116851013748,11.43216480375509,40.994452590344736
2,CAL_CURRENT_SRM,95.16362960471065,96.57801150148214,111.10839177703335,-110.11386178967044,15.515553090483497,-0.5052262149996185,0.979095140001526,-1.2194247348744947,1.2089723048752576,0,0.0,0.4509885780665622,1.4970063958385253,1.0105711500655916,0.23130758988760858,0.5814435502942388
2,CAL_ZERO_COMP_ERROR_SRM,93.4667752187603,95.51298007060089,108.88512319833326,-115.01305878454488,15.233683591156197,-1.0,0.9793694875942258,-1.6632435071870926,1.652928250984206,4,0.0,0.5329113631958559,1.8133200125430449,1.010409107758948,0.23579038987606957,0.5565984704408038
2,ORACLE_SRM,97.15895084338386,97.48381912955169,123.1233429799801,-124.59515671692503,15.847001801226556,0.0,0.0,0.0,0.0,0,0.0,4.348309318354037e-12,7.275957614183426e-12,1.0000000000000002,0.0,0.0
3,NOMINAL_SRM,55.81968530797997,79.21681075054379,58.13203295385121,-57.08879467997454,8.980014170760793,-1.0,1.4990081484420301,-72.91091647083957,72.91051973021638,639,0.0,42.07812324412649,76.1875198229809,1.0002009068187676,17.250882851496453,62.38371136075148
3,CAL_CURRENT_SRM,95.34860982743821,96.19606333529828,115.56389621930393,-113.26294412466629,15.546280702232261,-0.5098154407220625,0.9607382371117501,-0.8632170841312602,1.3337707619650685,0,0.0,0.444956349056773,1.431143134181184,1.0200143873195433,0.20181798449244626,0.5821399789834985
3,CAL_ZERO_COMP_ERROR_SRM,91.99700543464755,95.85812773606597,101.80229777124723,-100.57082160120422,14.989535786486304,-0.506507972838941,0.973968108644236,-1.634073395895323,1.621057450217441,0,0.0,0.6077048403011327,2.1911056417948203,1.0131904170335966,0.20600381958662817,0.3923498550178124
3,ORACLE_SRM,97.15363739086695,97.35730805869107,123.61331227008698,-126.35325752110703,15.846119167918097,0.0,0.0,0.0,0.0,0,0.0,4.348309318354037e-12,7.275957614183426e-12,1.0000000000000002,0.0,0.0
4,NOMINAL_SRM,54.343110649469814,76.96755337492083,57.14157766049625,-55.6773210809431,8.734735988284024,-1.0,1.501144968246214,-100.81056118710728,100.81101917440543,995,0.0184326171875,48.653980813784436,88.26484517649715,1.0016648720545192,21.598877610550062,71.70827803634893
4,CAL_CURRENT_SRM,94.75261486765058,95.9885753512833,110.75773192597607,-106.56780017646861,15.447278217217704,-0.5089151515613914,0.9643393937544344,-0.8138003646934034,1.2870549100092399,0,0.0,0.464668785051614,1.4659558957609988,1.0181632349054925,0.21830552388245486,0.681842645606693
4,CAL_ZERO_COMP_ERROR_SRM,94.06719778935397,96.15798035444425,106.43608543488912,-112.48572550257123,15.33342155969335,-1.0,0.9833063753166298,-1.4060106204412832,1.4060106204412826,1,0.0,0.5079799436407125,1.6498425653680897,1.0084282110041978,0.17943908130980546,0.370361139318355
4,ORACLE_SRM,97.11485638030283,97.53169979421577,123.31138338283958,-122.62492756764773,15.839677139585188,0.0,0.0,0.0,0.0,0,0.0,4.348309318354037e-12,7.275957614183426e-12,1.0000000000000002,0.0,0.0
5,NOMINAL_SRM,57.204676224793445,75.38996281954441,64.07821442874112,-63.98505200505235,9.210079107108546,-1.0,1.498664835584039,-73.43762874799937,73.43709468223311,1875,0.0,32.01711535113918,61.965041625917365,0.9995606162657636,11.708032550757963,36.744671345772986
5,CAL_CURRENT_SRM,95.75440786926025,97.0358733495106,107.6261355915253,-107.39591055330155,15.613689014827283,-0.5111660448472919,0.9553358206108324,-0.6207435891566908,1.0872454546148151,0,0.0,0.4350118332096932,1.3438563518284354,1.0228391909780588,0.1654915126645049,0.4339957787090114
5,CAL_ZERO_COMP_ERROR_SRM,92.07599610769807,94.6842129210666,106.49812641098178,-107.00845667263829,15.002657160747189,-0.5177123150754958,1.8937261095470257,-1.5845102123341472,2.0313732671076608,0,0.0,0.6213539908656377,2.2564269811955455,1.0367385799167377,0.35441217752538545,0.8786860092469979
5,ORACLE_SRM,97.15536297371989,97.4647447859057,123.34103106852021,-124.10521241017074,15.846405809588022,0.0,0.0,0.0,0.0,0,0.0,4.348309318354037e-12,7.275957614183426e-12,1.0000000000000002,0.0,0.0
6,NOMINAL_SRM,57.9627373819567,78.15654149822814,61.40144704704214,-60.67755495755759,9.336002887368224,-1.0,2.4981841486861787,-71.5011749626148,71.50065614795372,1750,0.0,32.467954688626094,67.90451032876445,1.0002815292720593,13.278659418325013,40.50314017915662
6,CAL_CURRENT_SRM,95.30104734953133,96.87171398667458,110.83280037752418,-111.90383974058811,15.538379958393909,-0.5018501987533094,0.9925992049867625,-0.8198326046983608,1.310581610931814,0,0.0,0.45076960836814417,1.307449161360637,1.0037293490722972,0.1607826279682216,0.4620155122359719
6,CAL_ZERO_COMP_ERROR_SRM,92.98407229179253,95.78012949510816,101.98924976863228,-100.79008725890311,15.153500380696434,-0.5006218193748235,0.9975127225007059,-1.2999839776602806,1.79811851953581,0,0.0,0.554494233273991,1.8985092678531146,1.0012308866826258,0.2013146724171055,0.401329474697377
6,ORACLE_SRM,97.13020031782546,97.344830205965,122.38831358528091,-124.2628262433219,15.842225966416189,0.0,0.0,0.0,0.0,0,0.0,4.348309318354037e-12,7.275957614183426e-12,1.0000000000000002,0.0,0.0
7,NOMINAL_SRM,59.48237749964437,78.47957723485575,67.87796134039412,-68.35334845127181,9.588434800605379,-1.0,1.5012595227553778,-56.82352941176778,56.824033220869985,878,0.0191650390625,26.733661930992913,60.93285691391429,0.9992664007784858,11.116788536231388,33.596432423848455
7,CAL_CURRENT_SRM,95.76052167157384,96.86956970458574,113.06095879731303,-112.62090980336865,15.61470459660695,-0.5054703593499656,0.9781185626001372,-0.8366674296177614,0.8257267109178301,0,0.0,0.4316866846979211,1.3448668963646924,1.011061585731198,0.17966845350963787,0.4275011544246148
7,CAL_ZERO_COMP_ERROR_SRM,92.6435520033927,95.05101356515242,107.21208216193986,-107.44925051475218,15.09693554873633,-1.0,0.9671470752046631,-1.3450930425958842,1.8204533489993804,1,0.0,0.5667006327492012,2.034169520267824,1.0167075568215105,0.2685222428765352,0.608172751588679
7,ORACLE_SRM,97.18527761729275,97.66443187094653,122.63093072207333,-126.24059197961381,15.851375019483847,0.0,0.0,0.0,0.0,0,0.0,4.348309318354037e-12,7.275957614183426e-12,1.0000000000000002,0.0,0.0
8,NOMINAL_SRM,51.64061382698848,75.75322375435289,54.681367219417105,-52.54585971016389,8.285816250330313,-1.0,3.4970473792629893,-117.84293888760801,117.84228274966638,463,0.0,70.12347905160229,106.77977081346216,1.0014628533866416,29.34559975021408,112.35698371095714
8,CAL_CURRENT_SRM,95.29137121609284,96.63209979593795,107.34770513930772,-106.02063915603688,15.536772627257948,-0.505413179317764,0.9783472827289441,-1.247701592291087,0.7314620543377958,0,0.0,0.44639713651384044,1.5018130883108824,1.0109442469865744,0.2207563366549547,0.537606889844028
8,CAL_ZERO_COMP_ERROR_SRM,93.64733066708564,95.82443468950441,107.16152476730852,-107.50851470408244,15.263676190545787,-0.5034561684596017,1.4827191577019914,-1.3956969558251315,1.388784618905928,0,0.0,0.5269108556983623,1.900937104030163,1.0069597632148062,0.20718368812294163,0.43691326921202744
8,ORACLE_SRM,97.19910434214003,97.47869084184337,122.97543206947275,-124.08476716551804,15.853671817631234,0.0,0.0,0.0,0.0,0,0.0,4.348309318354037e-12,7.275957614183426e-12,1.0000000000000002,0.0,0.0
9,NOMINAL_SRM,61.33111163996625,82.49909520212269,65.41297058291543,-63.50163345615666,9.895533495011007,-1.0,4.996978713664454,-53.4150606546088,53.414557106886285,421,0.0,21.837590626177647,45.88805380336089,0.9993658543235491,10.13841541526734,30.361644857766805
9,CAL_CURRENT_SRM,94.307929463116,95.75821064529121,109.46792396325375,-108.74354863990786,15.373410209819934,-0.5066147859922179,0.9735408560311285,-1.0295719844357978,1.0163424124513618,0,0.0,0.4876238396299472,1.5523467827206332,1.0134078679867393,0.2239007486077581,0.6333442072170712
9,CAL_ZERO_COMP_ERROR_SRM,91.36830964565463,94.10966739094519,104.15994112722431,-101.55922902731956,14.885101270042298,-0.5054589567327133,1.4727052163364331,-2.000404367165386,2.473109583501801,0,0.0,0.6528089633311794,2.145106659121666,1.0110155619010321,0.2570688873284096,0.6044842020686474
9,ORACLE_SRM,97.15379919616034,97.38238618681306,123.45859557313231,-122.59810513556741,15.84614604587381,0.0,0.0,0.0,0.0,0,0.0,4.348309318354037e-12,7.275957614183426e-12,1.0000000000000002,0.0,0.0
10,NOMINAL_SRM,60.00279779905629,78.47224017371136,65.77705747521233,-64.4632384354584,9.674883355324965,-1.0,1.5009158907037095,-54.0467409555772,54.047107311858674,1338,0.016357421875,22.668680514744466,43.0911564594453,1.0004169498127342,9.715280695673735,38.495101654354585
10,CAL_CURRENT_SRM,95.67560871295953,96.65111804407476,115.40876479750233,-117.66206337670907,15.600599453979989,-0.5062410351878414,0.9750358592486346,-0.8885464033936584,0.8760643330179754,0,0.0,0.43436572340625246,1.3493532117608993,1.0126446692477618,0.16044242291650126,0.46168496219029365
10,CAL_ZERO_COMP_ERROR_SRM,91.59697782685333,94.31065693860171,105.01177370113938,-105.44071200542989,14.923086017749723,-1.0,1.4475471122301062,-2.049820706492714,2.0288395513847566,10,0.0,0.6390513840245247,2.1797980104765884,1.0214485668295994,0.25396368694874427,0.7435015572085639
10,ORACLE_SRM,97.14448456769276,97.32209050484288,124.2713670515419,-122.78265408848088,15.844598765397468,0.0,0.0,0.0,0.0,0,0.0,4.348309318354037e-12,7.275957614183426e-12,1.0000000000000002,0.0,0.0
11,NOMINAL_SRM,59.17667439652619,77.79009371246978,65.07625625837858,-73.02659063755395,9.537653554240231,-1.0,2.5063670411985015,-65.76308186195809,65.76490101658624,1212,0.0379638671875,27.61981049415606,50.060771306889364,0.9991219826037377,12.454332456445469,51.49141493713432
11,CAL_CURRENT_SRM,94.56715085699186,95.65303698498346,112.1342404069364,-110.93052615504631,15.416470242025225,-1.0,1.4255741206988635,-1.0588235294117647,1.02905317769131,2,0.0,0.47899048279094547,1.398978464463653,1.0306964212954086,0.22953598265476075,0.7052665933941427
11,CAL_ZERO_COMP_ERROR_SRM,93.3031384154019,94.81245042534081,110.18218836089405,-108.94038721574819,15.206501397907294,-0.5094454786828211,1.4527726065858944,-1.3680532242805263,1.315622425000763,0,0.0,0.557221801968895,1.752694187918678,1.0192455319029932,0.24453449421753964,0.7622068036496898
11,ORACLE_SRM,97.15161267998651,97.5054572725803,123.37918637022918,-125.588148125673,15.845782837207063,0.0,0.0,0.0,0.0,0,0.0,4.348309318354037e-12,7.275957614183426e-12,1.0000000000000002,0.0,0.0
12,NOMINAL_SRM,59.91832567493048,83.17348503147332,62.75327386172212,-61.47473379955399,9.660851441018353,-1.0,2.9978637369344625,-50.87953002213247,50.87899595636611,186,0.0,26.287418143070678,45.72378568500426,1.0002112896244408,10.615491603751488,39.12506414276868
12,CAL_CURRENT_SRM,95.10472720247948,96.46170504646854,111.83891577397772,-113.66206049892097,15.505768638285629,-0.5115475291263247,0.9538098834947013,-0.7126507816612878,1.1780081942823157,0,0.0,0.44946831544270016,1.3731691646535182,1.023646355921653,0.1992407538622084,0.5597355632852441
12,CAL_ZERO_COMP_ERROR_SRM,93.08585936011143,95.84056970457347,102.46124243921606,-101.09791164487817,15.170408531579971,-1.0,0.9694814905240028,-1.3387401959288308,1.3234809411908321,1,0.0,0.5626584713927627,1.859658846545102,1.0154971491696387,0.2848593324253174,0.7012135328374143
12,ORACLE_SRM,97.20670730278322,97.48896820612588,122.87617770946865,-125.31149263121162,15.854934767904188,0.0,0.0,0.0,0.0,0,0.0,4.348309318354037e-12,7.275957614183426e-12,1.0000000000000002,0.0,0.0
13,NOMINAL_SRM,56.55833829830124,77.92382418293569,59.42929752257987,-57.71190338893462,9.102714003040074,-1.0,1.5008013676674858,-76.19820493643213,76.19852548349901,1508,0.0150146484375,38.57619653042333,75.07977391183715,0.9985631336327593,16.989020739496812,59.71200055187728
13,CAL_CURRENT_SRM,95.05330669706437,95.96518105764798,112.59182841733227,-111.82847092425692,15.497227026090428,-0.5087968261234455,0.9648126955062182,-0.85806057831693,0.8404669260700389,0,0.0,0.4650635238751915,1.3787658485707652,1.0179058765515758,0.22130031495617525,0.6474562704692843
13,CAL_ZERO_COMP_ERROR_SRM,90.95579134408993,94.32986589951221,105.30206767946521,-113.13325325647168,14.816576635230886,-1.0,0.9763485160601206,-2.3236438544289313,2.3118181124589916,43,0.0,0.6849997840462371,2.3001609460225154,1.0119939253645636,0.288412536475606,0.6370427235801799
13,ORACLE_SRM,97.08972144710869,97.31258637258362,123.28653921610007,-126.35289976970549,15.835501901513071,0.0,0.0,0.0,0.0,0,0.0,4.348309318354037e-12,7.275957614183426e-12,1.0000000000000002,0.0,0.0
14,NOMINAL_SRM,58.67505774008907,78.27437021749904,62.94364862325912,-60.01795050167907,9.454328528253999,-1.0,1.501183151916706,-70.82536677709417,70.82584003786086,717,0.0185546875,30.676286998653147,62.74652329264063,1.0008499889487448,13.861977253505401,48.121786390973284
14,CAL_CURRENT_SRM,65.85606756450534,96.38396001927931,76.80620619616624,-72.1423217879096,10.647187303073975,-0.4987609374043933,1.0049562503824268,-1.051535825735789,1.0540139509270023,0,0.044189453125,2.3650850595295654,80.38270968919824,0.997546914572085,0.17035025101034765,0.47395498204968334
14,CAL_ZERO_COMP_ERROR_SRM,92.301377324181,95.23066896324393,106.82487427276214,-105.65597368396409,15.040095901026746,-0.5014877773369548,0.9940488906521805,-1.6811883907589826,1.6811883907589853,0,0.0,0.6047223136193446,2.088429883427125,1.0029938528459066,0.27428449502362745,0.6486257303277227
14,ORACLE_SRM,97.20253873705255,97.51916709665647,122.7278150637632,-126.44921529452742,15.854242315125008,0.0,0.0,0.0,0.0,0,0.0,4.348309318354037e-12,7.275957614183426e-12,1.0000000000000002,0.0,0.0
15,NOMINAL_SRM,60.25031529416249,80.21738006208159,65.08199636214773,-64.67919430483084,9.715999218299418,-1.0,6.012144511277046,-62.07853043006652,62.58113282534017,1282,0.037109375,22.487312088250906,45.704484753321594,0.999102927598378,11.290005688056864,32.18829807837028
15,CAL_CURRENT_SRM,95.53993828326439,96.46938908793366,112.48419684235276,-111.88543709866721,15.57806283775156,-0.5173266193636988,0.9306935225452047,-0.9888303959716187,0.917006179903868,0,0.0,0.44054751365799594,1.3767548633531987,1.0359066201660068,0.19885595824901067,0.5058297416009339
15,CAL_ZERO_COMP_ERROR_SRM,92.85197386143581,95.64768170365616,101.83690029825323,-103.708452712519,15.131557119839835,-1.0,0.9180419174925802,-1.188888125920331,1.6024552328198556,9,0.0,0.579181634052552,1.9828146910144824,1.0427380156666688,0.27193054237473396,0.72420967380409
15,ORACLE_SRM,97.27080728682861,97.62254853240339,121.53910974184055,-129.52958361818233,15.865582605785484,0.0,0.0,0.0,0.0,0,0.0,4.348309318354037e-12,7.275957614183426e-12,1.0000000000000002,0.0,0.0
16,NOMINAL_SRM,64.45176653334346,86.98754926575654,68.45026002850945,-65.82134137279942,10.41391470653546,-1.0,5.999679560540169,-33.35866330968183,33.358617532616115,160,0.0,15.739516002393351,29.259512000098766,0.9998004332892154,7.687304323788657,23.67182851687903
16,CAL_CURRENT_SRM,95.85018007989157,96.67368644911468,119.31829147547018,-119.55224657610357,15.629598019915544,-0.5063248645761806,0.9747005416952774,-1.0042572671091783,0.991607537956817,0,0.0,0.4245922364774811,1.2434019769061706,1.0128236255466594,0.18273596351860188,0.48433270653032423
16,CAL_ZERO_COMP_ERROR_SRM,93.67358204477823,96.25940332736167,107.57821763439014,-108.80749096679165,15.268036884514656,-0.5031968138676106,1.4840159306619465,-1.49787133396404,1.299668874172179,0,0.0,0.541046677065839,1.6363829635665752,1.0064312284120494,0.19356174346931815,0.38387220401546074
16,ORACLE_SRM,97.16229585301463,97.54522371855417,122.23816335909888,-123.64684761527757,15.847557450666882,0.0,0.0,0.0,0.0,0,0.0,4.348309318354037e-12,7.275957614183426e-12,1.0000000000000002,0.0,0.0
17,NOMINAL_SRM,61.51604790588026,80.73298929165429,66.30589472300626,-65.10726760315232,9.9262538049635,-1.0,1.4998664825397312,-53.794833255766115,54.294806552274096,1089,0.0,20.000267017918024,38.54448109249097,1.0008747898803214,9.286434834197099,34.39694274309113
17,CAL_CURRENT_SRM,95.07171953211873,96.51292879053122,109.65305411358015,-108.90245798764053,15.500285636564573,-0.5067521171892881,0.9729915312428472,-0.9613183794918729,0.9478141451132965,0,0.0,0.45960995567103763,1.415136515177437,1.0136913515416919,0.2285551104139296,0.6163655695201911
17,CAL_ZERO_COMP_ERROR_SRM,93.52827760872943,95.84245917381494,109.79398835664163,-111.14087641258607,15.243899935004888,-0.5036087586785687,0.985564965285725,-1.268284122987706,1.2610666056305688,0,0.0,0.5286247593144097,1.7950557363583357,1.0072751349580709,0.3271402183994506,0.8738720610487007
17,ORACLE_SRM,97.3424632196594,97.60563588030693,121.83174306469446,-125.05899527055709,15.877485584661029,0.0,0.0,0.0,0.0,0,0.0,4.348309318354037e-12,7.275957614183426e-12,1.0000000000000002,0.0,0.0
18,NOMINAL_SRM,55.68220961141323,78.64333319292386,59.71874483764654,-57.97968790003614,8.95717767631449,-1.0,2.9951170384838406,-99.872219000824,99.87099826044496,895,0.0,41.18784728350164,76.61671680206564,0.999381551051403,18.072733251272435,57.55075886314444
18,CAL_CURRENT_SRM,95.42262012890107,96.84990244754098,106.54846862152118,-104.93109113201052,15.558574772242704,-0.5075685903500473,0.9697256385998108,-1.0260170293282875,1.010879848628193,0,0.0,0.45292688188406277,1.4246598980480485,1.0153626190420637,0.20061720263871669,0.5057094240135385
18,CAL_ZERO_COMP_ERROR_SRM,93.42543766285772,95.95343068538253,104.47090004769254,-103.37503936331922,15.226816887517893,-1.0,0.9717398602252267,-1.169743949705497,1.1556138798181097,4,0.0,0.540934278642466,1.7635205520327872,1.014335074288113,0.21453148686684287,0.4728257255194208
18,ORACLE_SRM,97.14242324681027,97.57746874408326,123.5744295399973,-122.15457857544467,15.844256353290742,0.0,0.0,0.0,0.0,0,0.0,4.348309318354037e-12,7.275957614183426e-12,1.0000000000000002,0.0,0.0
19,NOMINAL_SRM,62.84417061671759,81.04585147229758,65.82627397321045,-63.92359840242803,10.14687219546804,-1.0,1.4995040817883574,-38.33647669184389,38.273594262606785,615,0.0,18.670778544064305,49.825483480408366,1.0008341148585849,10.722622341350315,28.398118258184695
19,CAL_CURRENT_SRM,95.31895871083107,96.28264293112736,112.98342399080154,-112.16204429441265,15.541355267579911,-0.5046082949308756,0.9815668202764978,-0.928571428571431,0.9193548387096797,0,0.0,0.44727562783303654,1.3459246894490207,1.0092960906123618,0.20092313365035674,0.6177658196407059
19,CAL_ZERO_COMP_ERROR_SRM,94.47229052479216,95.72070469417534,115.6748007674336,-121.90116521618721,15.400712711759494,-0.5053712576677756,0.9785149693288977,-1.1704763939329201,1.119388409070101,0,0.0,0.4790802616382309,1.5300406980077241,1.010852921530848,0.2319232421284686,0.6675366966900036
19,ORACLE_SRM,97.10481014464291,97.3681500095406,123.01170952015367,-124.31061332914025,15.838008329674903,0.0,0.0,0.0,0.0,0,0.0,4.348309318354037e-12,7.275957614183426e-12,1.0000000000000002,0.0,0.0
20,NOMINAL_SRM,56.94779243858683,79.50796065891522,60.849378168641536,-59.07773781714626,9.167407381825056,-1.0,6.990844586861982,-79.35294117647062,79.34836346990151,1302,0.0,37.89717305792161,80.00307236819212,1.0013470226830403,16.564677990982467,52.379059518527356
20,CAL_CURRENT_SRM,95.4976215700066,96.42160461848123,114.70357444930308,-113.50343967558348,15.571033483389801,-0.5115970336008788,0.9536118655964845,-0.9069185460982083,0.8837244788964506,0,0.0,0.4380414004402127,1.3230344633943787,1.0237483321532377,0.22152573663680042,0.5591020559037574
20,CAL_ZERO_COMP_ERROR_SRM,93.02430658468137,95.91735027359407,105.64211378947162,-104.80797974904108,15.160183818053383,-0.5079118028534371,1.4604409857328142,-1.726070038910528,1.7102464332036502,0,0.0,0.571100990753872,1.945983625981171,1.0160663239503962,0.24953191995133606,0.590046972425796
20,ORACLE_SRM,97.20348224936777,97.64617575391271,123.50393472961954,-125.11010128317459,15.854399044745476,0.0,0.0,0.0,0.0,0,0.0,4.348309318354037e-12,7.275957614183426e-12,1.0000000000000002,0.0,0.0
21,NOMINAL_SRM,61.710002450652574,79.2153639607092,70.76752358609697,-69.25030801082183,9.958472167882489,-1.0,1.496910048065919,-52.22027924009744,52.21904325932387,941,0.0,20.583247364722624,47.551024525488174,1.0009196964223328,10.270802664928407,29.738395902417324
21,CAL_CURRENT_SRM,95.33000145384429,96.56093961032126,110.9563995926999,-111.03389276625882,15.543189610273139,-0.510078583962768,0.9596856641489282,-1.0973373006790266,1.0771801327534907,0,0.0,0.44673459826195905,1.3004167339204287,1.0205597200573941,0.17207355485101056,0.5384588568562165
21,CAL_ZERO_COMP_ERROR_SRM,92.24969990544999,96.23910960877456,104.13338641502006,-103.58299780010286,15.031511612200994,-0.5085909604174932,0.965636158330027,-1.406842249824519,1.348429822687444,0,0.0,0.6052446486100677,1.8741172681457101,1.017477759405025,0.24643770317449784,0.7545000503341726
21,ORACLE_SRM,97.06998694333672,97.40491330673723,122.70296796309833,-124.37666330827334,15.832223744740318,0.0,0.0,0.0,0.0,0,0.0,4.348309318354037e-12,7.275957614183426e-12,1.0000000000000002,0.0,0.0
22,NOMINAL_SRM,55.97789451266945,75.92799574252423,59.90114768641965,-59.183353615021105,9.006294769546422,-1.0,2.001763479933736,-101.5665580078043,102.06743974777116,1617,0.0208740234375,38.47453020136092,78.84454281169201,1.000981600201841,17.178583374052323,59.961914657469606
22,CAL_CURRENT_SRM,95.62809676557264,96.71960367304644,112.51466553601409,-112.23552583663795,15.592707103915721,-0.5091020065613794,0.9635919737544822,-0.8541695277332723,0.7896849011978335,0,0.0,0.4370538341946519,1.3643902647527284,1.0185417472550675,0.18384460693605703,0.46699449875028876
22,CAL_ZERO_COMP_ERROR_SRM,91.16361110574444,94.25805243034652,101.37899213996616,-99.83252953247043,14.851098190322997,-1.0,1.43427176317998,-2.1998626688029295,2.173571374074921,4,0.0,0.6567322575875525,2.1964241121459054,1.0269819683280663,0.30816883083728747,0.7369878022108267
22,ORACLE_SRM,97.12334216593078,97.37891155308147,122.1727567711077,-124.66922655845175,15.841086738526707,0.0,0.0,0.0,0.0,0,0.0,4.348309318354037e-12,7.275957614183426e-12,1.0000000000000002,0.0,0.0
23,NOMINAL_SRM,59.21293445930733,78.60412071894275,66.36625038169726,-64.8453149731822,9.543676820482945,-1.0,1.5007631956528376,-65.63183441706892,65.63213969533012,838,0.0145263671875,27.983291278565904,65.8963634013032,0.9983924101839947,13.623676214123764,41.29709674015794
23,CAL_CURRENT_SRM,95.73487657071782,96.49075290295711,117.78448118246857,-122.46354540284841,15.61044461307605,-1.0,0.95547417410544,-1.0031738765545128,0.9613946746013581,1,0.0,0.4310383330291308,1.2630037292838097,1.022781482329739,0.16511138376224707,0.4767183193638047
23,CAL_ZERO_COMP_ERROR_SRM,91.51381203996957,95.33779462426696,104.63509190787377,-103.70434712524252,14.909271102984977,-0.511635004196231,0.9534599832150759,-2.327916380559843,2.304646372167389,0,0.0,0.6620153558502208,2.1645180242707056,1.023859358587449,0.31886533284211044,0.8244610021647532
23,ORACLE_SRM,97.16061967431682,97.4575136382139,123.57352351605236,-125.43657544432585,15.847279015667246,0.0,0.0,0.0,0.0,0,0.0,4.348309318354037e-12,7.275957614183426e-12,1.0000000000000002,0.0,0.0
24,NOMINAL_SRM,59.67001879868913,77.45315102430109,66.0294484175275,-64.21711691555562,9.61960445160949,-1.0,3.0022596454799455,-65.33259538605049,65.33316029742046,1133,0.0203857421875,26.314379471135698,56.989656409741656,1.0002112430239347,11.247352698652756,35.47678396109313
24,CAL_CURRENT_SRM,94.6956673068096,96.45849982125823,109.48062030734162,-115.54251170707289,15.437818489503256,-0.5061647389141515,0.9753410443433943,-1.0680410168767358,1.0557115390484328,0,0.0,0.4713501079159457,1.592845580003086,1.0124861674778942,0.219609220051308,0.5279018289674013
24,CAL_ZERO_COMP_ERROR_SRM,93.31122364770076,96.42206871341175,106.2846022830761,-103.07473215930469,15.207844459750957,-1.0,0.98812848096437,-1.3671168078126117,1.3611810482947957,2,0.0,0.5323145167511589,1.8826550363774004,1.0059697414558122,0.26939163263593485,0.5856066436253968
24,ORACLE_SRM,97.2111287740134,97.52474124596496,123.03485692716563,-123.03846500790905,15.855669231563688,0.0,0.0,0.0,0.0,0,0.0,4.348309318354037e-12,7.275957614183426e-12,1.0000000000000002,0.0,0.0
25,NOMINAL_SRM,56.12288499486826,77.78557676562619,59.94793842946909,-59.60583392127202,9.030379567253865,-1.0,3.5063262125240673,-82.69073377952776,82.6921396045331,2060,0.0333251953125,39.437097364037534,82.43401930966502,0.9986335952438212,17.033817216180815,52.89423657741645
25,CAL_CURRENT_SRM,94.48506603673246,95.92351810841464,110.11139184803342,-116.7538724842243,15.40283488982267,-0.5137712672617685,0.9449149309529261,-1.482337682154574,1.454795147631037,0,0.0,0.48279733961280435,1.4556931439419714,1.02834553823866,0.2304975210804449,0.6433811472873074
25,CAL_ZERO_COMP_ERROR_SRM,92.23833040304095,95.19947830259105,107.38423189480008,-111.64981654322688,15.029622990538364,-1.0,0.9519951171129928,-2.1372854200045763,2.113282978561074,14,0.0,0.5894176546218665,2.0736093653067655,1.0246199078846012,0.2993690344526149,0.832358170404234
25,ORACLE_SRM,97.25043871939712,97.69331395372568,123.37343098609881,-123.70565378112482,15.862199122823442,0.0,0.0,0.0,0.0,0,0.0,4.348309318354037e-12,7.275957614183426e-12,1.0000000000000002,0.0,0.0
26,NOMINAL_SRM,52.627769497248806,75.32767859553296,55.1261693656424,-54.30216701235277,8.449795597549636,-1.0,4.002328119871457,-104.7903012816104,105.29099971757182,957,0.0184326171875,60.06119453766305,113.66675702068278,1.0003156865444918,24.99492309996382,82.37985712523732
26,CAL_CURRENT_SRM,95.0100495482732,96.52325887840193,108.32513964409388,-108.0435041513364,15.49004145320153,-1.0,0.9698782311471905,-1.286370433668018,1.2863704336680184,2,0.0,0.4602678000102853,1.4123602441250114,1.0153085875605574,0.1948363678750296,0.5343220301809026
26,CAL_ZERO_COMP_ERROR_SRM,94.38486513516209,95.87532505678821,111.62631743079125,-111.43550501361952,15.386190221787722,-0.5075455863279164,0.9698176546883346,-1.0959945067521173,1.0809033340962846,0,0.0,0.47920231538441244,1.591216527733195,1.0153293331847582,0.23013269029366482,0.53504226747296
26,ORACLE_SRM,97.17168930303993,97.48717890270784,122.9595193227294,-122.83963215955224,15.849117824425237,0.0,0.0,0.0,0.0,0,0.0,4.348309318354037e-12,7.275957614183426e-12,1.0000000000000002,0.0,0.0
27,NOMINAL_SRM,61.88436451009132,81.55512724551383,65.87267431061873,-64.65040349410516,9.98743596513145,-1.0,7.007575757575758,-50.439393939392566,50.44034090908958,948,0.02685546875,19.428798808877144,42.41711157597638,0.9998574145293501,11.391356044180025,29.197357978304353
27,CAL_CURRENT_SRM,95.42772651250272,96.62232817075343,112.47507794703894,-111.86822329010366,15.559423008721382,-0.5068284122987716,0.9726863508049133,-0.9024185549706262,0.8887617303730828,0,0.0,0.4425831858173603,1.3662585496567772,1.013850650449371,0.17779880263889908,0.5130450909611923
27,CAL_ZERO_COMP_ERROR_SRM,91.30901223216462,95.86123702784042,103.37217571955925,-103.68764741099427,14.87525120135625,-1.0,0.9777523460746167,-1.793865873197528,1.7827420462348365,14,0.0,0.6987543793934778,2.15635943684174,1.0112598208692127,0.32334442530301133,0.8830962800004158
27,ORACLE_SRM,97.08125462688804,97.29495312965321,123.39489994941196,-124.55395666332291,15.834095452971436,0.0,0.0,0.0,0.0,0,0.0,4.348309318354037e-12,7.275957614183426e-12,1.0000000000000002,0.0,0.0
28,NOMINAL_SRM,60.703129777090716,79.22712140616328,70.16303779872628,-74.02277850400621,9.791217570945303,-1.0,2.9967040009765924,-51.57570116275521,51.57487716299936,699,0.0,22.74943173123054,50.96638919040561,1.0010933389507473,9.668791837844726,27.951709319097972
28,CAL_CURRENT_SRM,95.07039257325306,96.32239669086509,112.40269865893522,-118.32290205967405,15.50006521150383,-1.0,0.962249179827573,-1.068665598535134,1.0497901884489205,4,0.0,0.45833580420328257,1.3624842006829567,1.0192471275310429,0.1945246595094517,0.5586476819064004
28,CAL_ZERO_COMP_ERROR_SRM,91.69526522005101,96.1206795149196,104.26335057981889,-103.48656155788586,14.939412827251,-1.0,0.9764856678543363,-1.6186054673491452,1.1127268843129527,5,0.0,0.639004689005648,1.9043665606686773,1.0119046318754428,0.2521645805609847,0.5647712434356436
28,ORACLE_SRM,97.20937128022156,97.61301009298393,124.01801739762077,-128.8046414012344,15.855377289073349,0.0,0.0,0.0,0.0,0,0.0,4.348309318354037e-12,7.275957614183426e-12,1.0000000000000002,0.0,0.0
29,NOMINAL_SRM,57.29924598253661,77.46122894204224,62.18952707215251,-60.33145938651308,9.225788369192129,-1.0,1.9992446726533357,-77.58308219335223,78.08270452967855,903,0.0,35.169852341448916,77.36282885593573,1.0003599647671908,15.697657695570504,46.07225145296252
29,CAL_CURRENT_SRM,95.3961088370336,96.24220384266992,117.70032554279533,-122.13378458883722,15.554170903161728,-1.0,0.9667958616901149,-0.8315530869472331,0.8149510177922907,2,0.0,0.44996224037483,1.3651628718580469,1.0168836937597905,0.2074554925433514,0.5808130618056921
29,CAL_ZERO_COMP_ERROR_SRM,92.08045148858653,95.51415502978645,102.68710651281275,-99.55777170028287,15.003397257240287,-1.0,1.4730674153874324,-1.7100436414685305,1.6992706076235053,23,0.0,0.5890233580257483,2.025020143340953,1.0108810052518735,0.23407071600623724,0.5500350307756889
29,ORACLE_SRM,97.19627869130423,97.64483426658919,122.88693429438872,-124.02094769522972,15.853202440415986,0.0,0.0,0.0,0.0,0,0.0,4.348309318354037e-12,7.275957614183426e-12,1.0000000000000002,0.0,0.0
30,NOMINAL_SRM,54.410065370006535,76.38236210055115,57.912746757651625,-55.93652177830373,8.745858034884808,-1.0,1.9993362274832336,-103.4852405984532,103.98490871219518,1254,0.0,49.88456411356052,86.06413915186022,0.9987992344312957,20.62073927178208,76.61219123240153
30,CAL_CURRENT_SRM,94.80065771874195,95.7581321852515,115.4939089748805,-114.24807133109829,15.455258757266105,-0.5038453321939758,1.4807733390301214,-1.111407818842127,1.1037171544541764,0,0.0,0.47363845700567453,1.4514035873071407,1.007741049595802,0.22059940251894067,0.6175697148237411
30,CAL_ZERO_COMP_ERROR_SRM,93.15609050415979,94.9474274625493,103.51355628229079,-101.68042539004104,15.182074834578039,-0.507209887846189,0.9711604486152436,-1.311970702677962,1.2975509269855854,0,0.0,0.5590407741709423,1.8250352272880264,1.014633099599,0.29936149847386545,0.8380350424544538
30,ORACLE_SRM,97.19544823286988,97.58577742648998,122.97453101372949,-123.9576333208801,15.853064490509947,0.0,0.0,0.0,0.0,0,0.0,4.348309318354037e-12,7.275957614183426e-12,1.0000000000000002,0.0,0.0
31,NOMINAL_SRM,56.91520894022499,77.52182337390953,61.23434616469968,-58.815269937598494,9.161994840568937,-1.0,3.502679593862127,-78.4622795633255,78.4628750286282,1502,0.0211181640625,37.389699813152596,75.75916586835578,0.9984877998470112,17.095312510104442,53.815918926622544
31,CAL_CURRENT_SRM,94.91670676277752,96.52596491457788,111.31399633093653,-110.27386047369131,15.4745360071059,-0.5115512558366649,0.9537949766533402,-0.9734183782464064,0.9503158665730763,0,0.0,0.4627543740026519,1.497854690893064,1.023648685379705,0.20184175449683492,0.4885734592097961
31,CAL_ZERO_COMP_ERROR_SRM,93.30191514340589,96.15940651239258,105.76079470566148,-104.61955212661076,15.206298196579052,-0.5091325246051728,0.9634699015793087,-1.4466010528724995,1.428336003662158,0,0.0,0.5497509636655535,1.785928796587541,1.018611721772151,0.22759120287713153,0.45564529631775486
31,ORACLE_SRM,97.12086068658472,97.36822277716412,123.11885909594281,-124.44403466188753,15.84067453265527,0.0,0.0,0.0,0.0,0,0.0,4.348309318354037e-12,7.275957614183426e-12,1.0000000000000002,0.0,0.0
32,NOMINAL_SRM,58.45805310024153,76.79040054919662,67.89658670537996,-70.30683936330159,9.418281245887298,-1.0,6.998535111545152,-60.88457899716178,60.884395886104926,822,0.0,28.46398223523102,54.89929707917645,1.000948027990979,11.05753209425648,34.56221800045205
32,CAL_CURRENT_SRM,94.71714359741864,96.31749268060561,111.52188809434733,-118.8192385116278,15.441385979637648,-1.0,0.9744865260780664,-1.0472426526688439,1.0344859157078772,1,0.0,0.4805440498819361,1.473948700720939,1.0129268477181324,0.21826299330938376,0.546166621508462
32,CAL_ZERO_COMP_ERROR_SRM,93.30605959766817,95.2337680325133,111.55991361539385,-109.93152157838936,15.206986644130925,-1.0,0.9857632239507435,-1.1870541470522977,1.627104807391532,1,0.0,0.5464075345349981,1.8705500950927672,1.0071673176679263,0.32330934397509364,0.8604462362701497
32,ORACLE_SRM,97.14517765536516,97.48312822261937,122.54392847009926,-125.0823252263916,15.84471389624006,0.0,0.0,0.0,0.0,0,0.0,4.348309318354037e-12,7.275957614183426e-12,1.0000000000000002,0.0,0.0
33,NOMINAL_SRM,51.87691964024263,72.65213598631138,56.252193230367446,-54.958045289593585,8.325069707681502,-1.0,3.0033904258649784,-131.22014096230677,131.72141237200537,2281,0.025390625,65.99370303935329,139.30519887922128,0.9987791595828036,27.160216434205317,83.50214918846177
33,CAL_CURRENT_SRM,94.05631887910017,95.73137684565799,108.7647665543459,-107.77258198123613,15.331614431744216,-0.5148241397726405,0.9407034409094379,-1.3884184023804076,1.3587701228351263,0,0.0,0.5100265819573564,1.64370491007503,1.0305654844172514,0.27284987893912654,0.736062605828181
33,CAL_ZERO_COMP_ERROR_SRM,93.43616114623599,95.72102769838288,106.99030607103506,-105.620881560014,15.228598197049168,-0.510635700552385,0.9574571977904598,-1.452528458510088,1.3674428540910062,0,0.0,0.5395742628609069,1.995424625925807,1.0217373736523625,0.22802639652015202,0.5460836660395785
33,ORACLE_SRM,97.11760407953618,97.35102820578604,123.04794020351025,-126.65862842503986,15.840133568029266,0.0,0.0,0.0,0.0,0,0.0,4.348309318354037e-12,7.275957614183426e-12,1.0000000000000002,0.0,0.0
34,NOMINAL_SRM,60.18184283636302,82.73999892581529,63.94013707812617,-62.53403538858903,9.704625055874256,-1.0,1.4997520390023573,-50.57008140749598,51.06993263089852,517,0.0,22.342254497226133,44.94553393888873,0.9993399368802754,9.758585883979357,29.619138834001205
34,CAL_CURRENT_SRM,94.79165347965905,96.37038406481653,109.58143837130343,-112.96610109668828,15.453763036488214,-1.0,0.9601428266243475,-1.0894192327646712,1.069490646076845,2,0.0,0.47612612519003694,1.6319779976727204,1.0203411139439653,0.23148857377262783,0.609565890231309
34,CAL_ZERO_COMP_ERROR_SRM,91.67961145496687,95.22215491999212,106.05790650371813,-103.13513610403318,14.936812534047654,-1.0,0.9632867933165483,-1.7043717097734061,1.6600595101853612,3,0.0,0.6420829203144377,2.1832696501714963,1.0186932888101288,0.25714128660268437,0.576254955133777
34,ORACLE_SRM,97.1170480969164,97.48706973878899,123.39886782275764,-124.91120113350364,15.84004121211236,0.0,0.0,0.0,0.0,0,0.0,4.348309318354037e-12,7.275957614183426e-12,1.0000000000000002,0.0,0.0
35,NOMINAL_SRM,64.88757492750551,82.76284364589588,70.08029466608089,-69.43921264987962,10.486308127492611,-1.0,4.9945983062485695,-37.22198825055173,37.22108796825988,1001,0.0,14.478122043541301,30.410073025870588,1.0004757134511488,6.333823712883486,22.514677766974273
35,CAL_CURRENT_SRM,94.99557447876921,96.0250545651482,112.31950743519965,-109.92423789825723,15.487636956606181,-0.5142216254158147,0.9431134983367413,-1.0293435468611707,1.0009002960295414,0,0.0,0.45230677331159214,1.3861861315890565,1.029281664106652,0.20129320952876506,0.6100923660161683
35,CAL_ZERO_COMP_ERROR_SRM,92.115056558566,95.08973877764127,106.35572824332155,-109.79946051704067,15.009145607735215,-1.0,0.9415875728629415,-1.8598590044862386,1.7095553453169527,5,0.0,0.6170566709546774,2.0834752973198647,1.0301055677987008,0.2555397451212633,0.6363896759975134
35,ORACLE_SRM,97.16620720079662,97.49432365563584,124.09455438036261,-124.59595388866893,15.848207176212064,0.0,0.0,0.0,0.0,0,0.0,4.348309318354037e-12,7.275957614183426e-12,1.0000000000000002,0.0,0.0
36,NOMINAL_SRM,65.3474982526499,82.02596851425086,71.38005793007945,-76.04773263761422,10.562707350938522,-1.0,4.9956053346354565,-32.60831019013032,32.607577745902894,1020,0.0,14.068048293235494,33.38110551502541,1.0008703539149357,6.579310541915198,19.927498510600344
36,CAL_CURRENT_SRM,94.7862886692916,96.5022783202702,110.05684319438976,-117.18746140878379,15.452871871975349,-0.5032807397686696,0.9868770409253214,-1.2948088015381318,1.2882473220007926,0,0.0,0.4817032875695773,1.5828567246326202,1.0066202956767774,0.18653513320538773,0.5051369582433516
36,CAL_ZERO_COMP_ERROR_SRM,92.61336886013332,96.00649582251599,101.84760494946345,-99.41131074435737,15.091921737563675,-1.0,0.9942625202185125,-1.2222968230231586,1.219428083132415,23,0.0,0.564749414544209,1.6865191814795253,1.0028776918560645,0.20669275681910984,0.6263474388033501
36,ORACLE_SRM,97.11351740911412,97.4401535747924,122.87473854173112,-125.93814300874955,15.839454719121948,0.0,0.0,0.0,0.0,0,0.0,4.348309318354037e-12,7.275957614183426e-12,1.0000000000000002,0.0,0.0
37,NOMINAL_SRM,62.197515502358584,82.41315778824733,66.86790625161736,-65.71026409339589,10.039454402385148,-1.0,6.006307751050019,-38.29915234822053,38.300053455513414,714,0.0263671875,20.19267506015939,39.141245413009074,0.9992534990637522,9.061135721756504,28.486835433374836
37,CAL_CURRENT_SRM,96.02498551205207,96.86765748263525,117.29925680907041,-116.22165780940092,15.658635467118284,-0.5031967650873579,0.9872129396505682,-0.8126192111085682,0.8062256809338556,0,0.0,0.4344829253142147,1.286665955758508,1.0064343071224935,0.1708461284528271,0.4570473179828909
37,CAL_ZERO_COMP_ERROR_SRM,93.1011792672267,95.618976309706,105.9897797469992,-105.15274778555832,15.172953366648953,-0.5073702200384533,0.9705191198461867,-1.3982055116428114,1.3834650715659047,0,0.0,0.5575628764794196,1.9774296533119013,1.0149573696136325,0.26221828647921797,0.7297568585728911
37,ORACLE_SRM,97.17128642978862,97.52393664466115,123.67505043619552,-123.91621814282792,15.849050901958243,0.0,0.0,0.0,0.0,0,0.0,4.348309318354037e-12,7.275957614183426e-12,1.0000000000000002,0.0,0.0
38,NOMINAL_SRM,58.39887606238549,75.30242479981881,67.55013209241176,-77.3584592492641,9.408451173153736,-1.0,7.008309656921149,-87.2341368038378,87.23517551095296,980,0.0283203125,29.70375951404168,54.98949860699213,1.000610091862357,11.49015529547827,44.215294691409326
38,CAL_CURRENT_SRM,95.39335801098434,96.86013175632911,107.6310515774429,-106.58508187203952,15.553713955313015,-0.5059891660944533,0.9760433356221867,-0.993667505912871,0.9816891737239644,0,0.0,0.4388169296301986,1.4191931155291968,1.0121143454857586,0.19886558569819854,0.4714979287608685
38,CAL_ZERO_COMP_ERROR_SRM,93.75437427424309,95.46720893702316,105.81835619715321,-104.23420443249239,15.281457520638387,-0.5069619818568845,0.972152072572462,-1.0937597753854194,1.5105936567763023,0,0.0,0.48941921255668225,1.7287021500451374,1.0141078256577878,0.26720592055911974,0.6661098519154223
38,ORACLE_SRM,97.20945554598208,97.44585946961053,123.96721943862391,-126.25007799911985,15.855391286707988,0.0,0.0,0.0,0.0,0,0.0,4.348309318354037e-12,7.275957614183426e-12,1.0000000000000002,0.0,0.0
39,NOMINAL_SRM,63.66497484732946,81.17718307093865,72.96390071686754,-71.8393045648379,10.283218413177652,-1.0,7.00329735753431,-32.97056803089695,32.97098020058877,767,0.017333984375,14.573191932324889,25.34339722517325,0.9999080839858862,5.031160212507044,15.016874251446552
39,CAL_CURRENT_SRM,95.18210547200755,96.56682514699447,113.81590903846627,-113.43991494513061,15.518622171429826,-1.0,0.945098039215686,-1.2392156862745092,1.2117647058823526,1,0.0,0.45548217018581316,1.4353507545529283,1.028242312693364,0.20309333356165363,0.5634367553682509
39,CAL_ZERO_COMP_ERROR_SRM,91.66166224240285,95.21310403560602,103.96045933578777,-108.41953158340176,14.933830937276221,-1.0,0.9416486098818935,-2.0680410168767813,2.038865321817724,1,0.0,0.6474741013411232,2.1083698374786763,1.030069838136391,0.3057772393051053,0.6911183384754622
39,ORACLE_SRM,97.11954229397948,97.55893079942281,122.0120706928482,-126.71238997394796,15.840455530561375,0.0,0.0,0.0,0.0,0,0.0,4.348309318354037e-12,7.275957614183426e-12,1.0000000000000002,0.0,0.0
40,NOMINAL_SRM,60.05877874503522,77.5266753097242,67.24812451845123,-66.48651815623535,9.684182515786583,-1.0,1.5022909857347955,-49.534486971929034,49.53540336622299,1502,0.026611328125,21.425696139724607,46.476042469577806,0.9994872320079365,9.574621562843332,32.102901209595984
40,CAL_CURRENT_SRM,95.72506206714911,96.71682585576455,115.78459394626492,-113.11451618974475,15.608814296868623,-0.5094377050431067,0.962249179827573,-1.0018768596932939,0.9830014496070804,0,0.0,0.4352184111086414,1.4775452564035731,1.0192317951538816,0.18838587413660143,0.4642603066745252
40,CAL_ZERO_COMP_ERROR_SRM,90.87494364527502,95.74255844234692,102.42480255666209,-109.73231818623208,14.803146784929407,-1.0,0.9416643142161762,-1.4778017685341347,1.8965354126454115,11,0.0,0.7022042356573481,2.095724095506739,1.0300631756003356,0.34214767391826345,1.0685759246571251
40,ORACLE_SRM,97.05548110505728,97.25074990345682,121.72066583694702,-122.17150008063354,15.829814137052704,0.0,0.0,0.0,0.0,0,0.0,4.348309318354037e-12,7.275957614183426e-12,1.0000000000000002,0.0,0.0
41,NOMINAL_SRM,57.353016816058016,78.55339783303558,60.2348175708557,-58.586873466310465,9.234720401338542,-1.0,1.500610519246619,-70.71884062394983,70.71908483164847,1020,0.012939453125,35.60360362561019,65.02020952431849,0.9992163614309301,14.781363242068956,55.18989232799868
41,CAL_CURRENT_SRM,95.37101673143036,96.54548016296302,113.57675788087825,-112.30025986809142,15.550002779307368,-0.5031891842402416,0.9872432630390333,-0.968047120578631,0.9616687520981475,0,0.0,0.45192429866139966,1.32186177586118,1.0064244207000794,0.18623391524617489,0.5291551602987035
41,CAL_ZERO_COMP_ERROR_SRM,91.87492634637931,95.57071930979185,104.12579131162643,-105.05882920638493,14.969256868169321,-0.5040817883573663,0.9836728465705347,-1.8236820019836204,1.815518425268896,0,0.0,0.6432201908245738,2.102555607359136,1.0082527350799497,0.2794125881402549,0.7922148640218438
41,ORACLE_SRM,97.00488585288298,97.27064951700814,122.76190040923781,-126.82664869472569,15.821409610113452,0.0,0.0,0.0,0.0,0,0.0,4.348309318354037e-12,7.275957614183426e-12,1.0000000000000002,0.0,0.0
42,NOMINAL_SRM,55.44710649116855,76.70271351902461,58.8610367445873,-56.4694591462934,8.918124001855242,-1.0,3.0042159932788515,-75.3976781486307,75.39873214695044,1758,0.0286865234375,44.17151553306281,74.36129709889019,0.9985630938182741,18.67370176207221,70.66508097184487
42,CAL_CURRENT_SRM,95.27220308038662,96.23503898143922,113.7815413269884,-114.4209361323645,15.53358855155924,-0.5095980712302011,0.9616077150791957,-0.9692678609576709,0.9500717184972687,0,0.0,0.45049167491521774,1.4344263429620696,1.0195764508881506,0.19356741805576816,0.6405298750582844
42,CAL_ZERO_COMP_ERROR_SRM,93.86232950852956,95.36746084250025,112.49247520268992,-114.39625762118126,15.299390283808897,-0.5118181124589913,1.4409094377050429,-1.3341725795376411,1.2627603570611086,0,0.0,0.5151366176079265,1.8021604662553727,1.0242160147718793,0.23515633928372826,0.7890148193800144
42,ORACLE_SRM,97.11100160148162,97.52597439931822,122.93770573730703,-122.59926124666788,15.839036810877346,0.0,0.0,0.0,0.0,0,0.0,4.348309318354037e-12,7.275957614183426e-12,1.0000000000000002,0.0,0.0
43,NOMINAL_SRM,56.07596063319282,75.482393630539,62.44193769478179,-59.972487082820635,9.022584822789506,-1.0,3.496360723277638,-102.67154955367393,102.67074082551336,838,0.0,39.688634413237985,82.92424988550374,0.9986603740997118,18.691001947304876,56.59185720856203
43,CAL_CURRENT_SRM,95.55382724780563,96.63795371026691,109.77218433425337,-108.74176088251366,15.580369974718543,-0.5076143681142613,0.969542527542955,-1.1127048554948604,1.097476119266337,0,0.0,0.4390496127188424,1.2938440885081945,1.015476634313301,0.19126870043122163,0.48238855913162837
43,CAL_ZERO_COMP_ERROR_SRM,92.78588245123147,95.36867677875534,111.61105281038255,-110.69066944695737,15.120578480271009,-0.5054933317056796,1.4725333414716024,-1.2797936948759419,1.2200689718314168,0,0.0,0.5779422622773174,1.714481030123352,1.0111066262972435,0.1855360431621867,0.4116346105691093
43,ORACLE_SRM,97.07670198259189,97.58088366286017,123.10081328934187,-125.64388889425858,15.833339199766094,0.0,0.0,0.0,0.0,0,0.0,4.348309318354037e-12,7.275957614183426e-12,1.0000000000000002,0.0,0.0
44,NOMINAL_SRM,59.098526278358115,77.38184130142659,62.76412440402983,-62.261914710198994,9.524672139262146,-1.0,3.0007936386807286,-53.74470780360097,53.74490621327117,1219,0.01123046875,25.073447487866233,53.89237762943776,0.9998321744760146,10.30277896963451,33.92187836136873
44,CAL_CURRENT_SRM,94.70205871251147,96.1668848742085,110.82605993817681,-109.07500932574382,15.43888018480257,-0.5080377511081949,0.9678489955672203,-1.4428430826511232,0.9187298293265391,0,0.0,0.4786920756306521,1.5452954421671166,1.016347282590562,0.22119609564683507,0.5935011924732656
44,CAL_ZERO_COMP_ERROR_SRM,94.13859528802709,95.478447416244,113.86174010538546,-110.35866909873123,15.345281609306825,-0.5098649576562142,1.450675211718929,-1.1116044861524377,1.0918745708400093,0,0.0,0.49262047752036486,1.544070562831621,1.0201353215311721,0.25287946680478945,0.7147159190101853
44,ORACLE_SRM,97.25727342329101,97.60235779224621,123.40872869256788,-127.60631918581623,15.863334455696181,0.0,0.0,0.0,0.0,0,0.0,4.348309318354037e-12,7.275957614183426e-12,1.0000000000000002,0.0,0.0
45,NOMINAL_SRM,54.70946981649304,75.44171003208358,58.62620163681115,-57.095068569783734,8.795592992772931,-1.0,1.995330739299611,-111.83968871594159,112.83813229571231,643,0.0,44.31920923527253,95.23808141833524,0.9990382235160246,20.45470429813951,55.89091812556035
45,CAL_CURRENT_SRM,94.92888896290697,95.97804683150409,111.53044066809281,-110.12146132002184,15.476559628389863,-0.5095675527207251,0.9617297891170997,-1.0491958372753076,1.0300607318338573,0,0.0,0.46099894795678725,1.4412292774686648,1.0195160752574728,0.22111886884847123,0.6600827360386496
45,CAL_ZERO_COMP_ERROR_SRM,93.35267611075986,96.40243906682322,105.7238074009996,-111.14531537523645,15.214730250956787,-0.5029450361644336,0.9882198553422652,-1.3175756096072297,1.3116855372783622,0,0.0,0.5472276865824631,1.7677607068617363,1.0059226295966823,0.17926377185438414,0.47356232162292144
45,ORACLE_SRM,97.1307470526516,97.65075251147893,123.65353227604606,-122.31630643314804,15.84231678615475,0.0,0.0,0.0,0.0,0,0.0,4.348309318354037e-12,7.275957614183426e-12,1.0000000000000002,0.0,0.0
46,NOMINAL_SRM,62.96205888259664,83.26227930076374,66.3184566007552,-64.93699073298461,10.166454963886485,-1.0,1.500267065484457,-40.96335861553182,40.96346544172564,545,0.0069580078125,17.19377629278415,37.906571534944305,0.9991914021738029,7.79341860764654,21.122548381807064
46,CAL_CURRENT_SRM,95.28062321316423,96.22126860262912,114.83896513708815,-113.55872243955326,15.534987244711667,-0.505455100328069,0.978179598687724,-1.0603494316014341,1.049439230945296,0,0.0,0.44706799032466843,1.4410075465657428,1.0110399523772404,0.22053535503394767,0.651177185028633
46,CAL_ZERO_COMP_ERROR_SRM,91.68884157300404,94.77693185195608,103.55961996988287,-104.71800510483448,14.938345776246518,-1.0,0.9677724539933468,-2.470366527298724,2.4542527542954056,4,0.0,0.6494586832823841,2.4271885959024075,1.016402065582228,0.3701883859938842,0.8227549610295135
46,ORACLE_SRM,97.2190190084448,97.55242458693368,123.73341581757232,-125.68656317286735,15.856979901735018,0.0,0.0,0.0,0.0,0,0.0,4.348309318354037e-12,7.275957614183426e-12,1.0000000000000002,0.0,0.0
47,NOMINAL_SRM,54.98160377298813,76.32842102323026,58.713829063094266,-57.11167807449878,8.840797968934906,-1.0,1.5035145625133706,-97.01877998839325,97.0201858133986,1443,0.032958984375,44.33459205044755,79.85829675975674,1.0003828414363494,18.75787205829582,64.6225389816318
47,CAL_CURRENT_SRM,94.60889564060288,96.10468118875447,111.09258621506378,-109.92796307377938,15.423404591462273,-0.5048371837519455,0.9806512649922179,-1.3766594439527586,1.366985076448867,0,0.0,0.47938004879418505,1.53790013935577,1.0097828246553617,0.2473676802461544,0.6273451763941011
47,CAL_ZERO_COMP_ERROR_SRM,93.97011721027067,96.3103687888914,110.86072352211099,-110.63682516320897,15.317295217652935,-1.0,0.9893643805934278,-1.0355080148624103,1.4404016205204762,1,0.0,0.5045785474289342,1.6230129253253835,1.0053514151522516,0.2398578460475498,0.5376202065375537
47,ORACLE_SRM,97.10643730146246,97.47137469705926,123.65475781454714,-122.04935945393663,15.838278621505394,0.0,0.0,0.0,0.0,0,0.0,4.348309318354037e-12,7.275957614183426e-12,1.0000000000000002,0.0,0.0
48,NOMINAL_SRM,59.994238366660525,80.97969232803385,64.47217943255686,-62.74816441995864,9.673461522701086,-1.0,2.998657185583056,-54.517349772637104,54.51701406903287,935,0.0,24.931801979719296,50.262481284527894,1.000064629597152,9.739533528476706,34.33407869083021
48,CAL_CURRENT_SRM,95.32726286169917,96.34657437998638,115.35295293404721,-112.88031420671555,15.542734694634413,-0.5110782189397869,0.9556871242408522,-0.974593340861232,0.905697805719169,0,0.0,0.442905944731432,1.3184586724491965,1.0226509735575664,0.2190054797503216,0.5932867565464406
48,CAL_ZERO_COMP_ERROR_SRM,91.4800842838373,94.89473679593951,104.84118078982378,-102.7088663993989,14.903668485687259,-1.0,1.4189549016167056,-1.9397721810649209,2.351288252752476,12,0.0,0.6583647478814407,2.3814140728272832,1.0335306876180737,0.355398244497205,0.9412830374322851
48,ORACLE_SRM,97.07508446890706,97.28977321459745,123.0011785162115,-126.80860987582255,15.833070509785227,0.0,0.0,0.0,0.0,0,0.0,4.348309318354037e-12,7.275957614183426e-12,1.0000000000000002,0.0,0.0
49,NOMINAL_SRM,57.075416538882855,77.08866828328748,61.10733739303033,-59.954628091535874,9.188607398485525,-1.0,1.99482719157702,-68.64861524376947,68.64689097429518,1164,0.0,36.82483510239029,70.51942202418513,1.0014069501440734,16.46508738538168,48.749798452141476
49,CAL_CURRENT_SRM,94.43299954948301,96.44242393122632,107.49797042827223,-105.38014443396385,15.39418597167492,-0.5065537499046311,0.9737850003814756,-1.4473640039673457,1.4342565041580835,0,0.0,0.49783617096505783,1.6248587803547707,1.0132970012965734,0.23260881952915252,0.5905497312503059
49,CAL_ZERO_COMP_ERROR_SRM,92.6283140073389,95.43036376243552,104.0140246908889,-101.78046665108593,15.094404320155963,-0.5054245822842756,1.4728770885786222,-1.5084000915541134,1.4083314259555952,0,0.0,0.59018871218248,2.038128322317789,1.0109729302116672,0.2817777820302881,0.5515171935346075
49,ORACLE_SRM,97.10521874967841,97.3757940451288,123.64011199414267,-124.5693654486794,15.838076204265517,0.0,0.0,0.0,0.0,0,0.0,4.348309318354037e-12,7.275957614183426e-12,1.0000000000000002,0.0,0.0
50,NOMINAL_SRM,72.0719076076064,88.56373522185173,79.83229493684487,-89.34630984929676,11.679718871695416,-1.0,2.997619592584115,-17.97170977340354,17.971114671549564,385,0.0,6.274986610476679,14.043523152922717,1.0003430035505652,2.8413629648096976,10.136989828169135
50,CAL_CURRENT_SRM,95.33419731587735,96.3178755454384,115.11377182431433,-118.22066469528946,15.54388659732182,-0.510910367137669,0.9563585314493239,-1.1523789178136534,1.1305581835383163,0,0.0,0.44534639179517455,1.3343311824191915,1.0223190512197093,0.17527846370007713,0.5187626122243643
50,CAL_ZERO_COMP_ERROR_SRM,93.92251477175097,96.03455382062089,106.18375031580747,-107.65091033929941,15.309387835839031,-0.5091479232154301,0.9634083071382793,-1.2669606616412885,1.2669606616412878,0,0.0,0.52338574811293,1.782489925391019,1.0186454143849155,0.22842665287078634,0.4798679152462455
50,ORACLE_SRM,97.18945081218405,97.59721543341323,121.14799106491222,-124.72962218529341,15.852068241226586,0.0,0.0,0.0,0.0,0,0.0,4.348309318354037e-12,7.275957614183426e-12,1.0000000000000002,0.0,0.0
51,NOMINAL_SRM,59.27906424979404,76.35465148972658,68.25441491043843,-73.3091694784667,9.554661835513961,-1.0,1.4996566720073243,-58.50556191349022,58.50542458229314,1368,0.0,25.623875142007524,45.058482300268224,0.9992352093538713,10.43720314690301,43.50951717038788
51,CAL_CURRENT_SRM,95.09546089417732,96.14032296914083,115.22980135746991,-116.2285253061374,15.504229384414838,-1.0,0.9376516365300986,-0.9241474021515222,0.8929732204165713,1,0.0,0.4516512564705197,1.3883342343096956,1.032180123823482,0.24554573185819406,0.6015927437586015
51,CAL_ZERO_COMP_ERROR_SRM,90.8123325038932,94.6032757988909,103.3797899671329,-103.06014890839693,14.792746263105183,-1.0,1.3968108644235908,-2.0861371786068643,1.9893949797818409,19,0.0,0.7218210901670363,2.689421241657328,1.0430555968926876,0.33989033932923074,0.8767754025561274
51,ORACLE_SRM,97.11270467780648,97.30441344624603,123.01761446381866,-125.36759589776368,15.839319713921341,0.0,0.0,0.0,0.0,0,0.0,4.348309318354037e-12,7.275957614183426e-12,1.0000000000000002,0.0,0.0
52,NOMINAL_SRM,54.79953740565247,77.2105229518675,57.918280993587246,-57.56006637343076,8.81055438632101,-1.0,6.993163853877377,-87.64206366161076,87.64120914334543,753,0.0,41.92856636089632,89.91458592427261,1.000475704963911,17.089399669210955,46.01267820040994
52,CAL_CURRENT_SRM,95.31236750522046,96.51854989940423,113.7284254947308,-113.69163080956385,15.540260382926988,-0.5077669606616413,0.9689321573534351,-1.037781914731285,1.0222479934080022,0,0.0,0.4545794132969305,1.4768210441470728,1.0157872717468652,0.2028780479094144,0.5497851980033808
52,CAL_ZERO_COMP_ERROR_SRM,93.1396198773939,96.16949530214453,101.14230703828376,-98.41653050500959,15.179338850065431,-0.5048142214084077,0.980743114366369,-1.4139314869916906,1.404303044174877,0,0.0,0.5750184334475745,1.7933868884465483,1.0097312587267597,0.27044749213662683,0.5965249441396736
52,ORACLE_SRM,97.1406937354407,97.55936132143091,123.7691325197512,-127.2535672190109,15.843969059043307,0.0,0.0,0.0,0.0,0,0.0,4.348309318354037e-12,7.275957614183426e-12,1.0000000000000002,0.0,0.0
53,NOMINAL_SRM,66.43985912803984,85.2697370323017,71.26945810397774,-70.30270157263085,10.744162645853795,-1.0,1.5019852783971168,-21.81484988241048,21.815643993769328,806,0.024658203125,11.230591175528893,29.45970841866074,0.9991010036235596,8.061948806947854,20.750469103563773
53,CAL_CURRENT_SRM,95.45537698830805,96.23025515191465,117.95896692682413,-117.64944415584922,15.564016111014626,-0.5097811822870572,0.9608752708517714,-0.8077028717917419,0.7881405072176277,0,0.0,0.43596492443482604,1.2677290537615136,1.01995394400792,0.204907765467722,0.5837654535844834
53,CAL_ZERO_COMP_ERROR_SRM,93.70778500783841,95.24382455049435,107.94095193114353,-105.973393674484,15.273718439840268,-1.0,1.434995574816126,-1.5229651783806482,1.4969634083071106,1,0.0,0.5194394927819469,1.8139287404774223,1.026671940676269,0.3162430470127622,0.7988962796464492
53,ORACLE_SRM,97.06786975105243,97.29834982998382,123.92015492049563,-125.53884547665558,15.831872051669839,0.0,0.0,0.0,0.0,0,0.0,4.348309318354037e-12,7.275957614183426e-12,1.0000000000000002,0.0,0.0
54,NOMINAL_SRM,54.89106105340799,76.81334499733934,59.21396039238956,-58.104900506086345,8.825757650067773,-1.0,7.0106345592616925,-94.21910859168462,94.22043791159231,874,0.0323486328125,41.53298031238819,83.37967220614883,0.9998537950229712,17.727845282884378,52.23796361354471
54,CAL_CURRENT_SRM,96.18155310016824,96.82050612784786,115.89925585137411,-121.52602532197973,15.684643372120972,-0.5072939237647633,0.9708243049409468,-0.8939481795709101,0.8793603320413833,0,0.0,0.4150983782834761,1.2949237762477424,1.0148140889796768,0.18303147926400365,0.3847292628885981
54,CAL_ZERO_COMP_ERROR_SRM,93.6501811127038,95.92318737311072,105.64136252535872,-104.7767362515491,15.26414968649565,-1.0,0.4775005722133212,-1.5102616922255285,1.4952620737010758,1,0.0,0.535403492378219,1.8478057930910836,1.0152346584394818,0.21771996751539763,0.3982296288046854
54,ORACLE_SRM,97.13659481493957,97.40563671004665,122.50384779650634,-126.72287763679375,15.843288175239131,0.0,0.0,0.0,0.0,0,0.0,4.348309318354037e-12,7.275957614183426e-12,1.0000000000000002,0.0,0.0
55,NOMINAL_SRM,56.00338388380193,75.42442064170258,62.09370784712635,-60.35498949697026,9.010528884352482,-1.0,1.5012213367530762,-99.468978046472,99.46946658117322,2314,0.018798828125,40.314764042982105,99.61121826729516,0.9975966776169237,19.52296787167497,55.064100772149686
55,CAL_CURRENT_SRM,93.95132176318512,95.1923490765692,110.30844510247162,-117.06589167017249,15.314173050362976,-1.0,0.9369339813380737,-0.9203778162647155,1.3730783022682709,1,0.0,0.5074430801623412,1.5187530753082683,1.0325699807735247,0.25637215249177353,0.7370914740693308
55,CAL_ZERO_COMP_ERROR_SRM,92.5319298250636,94.87082808797695,102.706724858015,-101.4557120237415,15.078393658648439,-1.0,1.435739953764811,-1.462466334526088,1.9239103067849774,2,0.0,0.5889026550674237,2.0383354831501492,1.0263963228269413,0.3096915878483769,0.7586574767334184
55,ORACLE_SRM,97.12154731733106,97.4107993295865,123.51789977218404,-125.25257333415937,15.840788590918782,0.0,0.0,0.0,0.0,0,0.0,4.348309318354037e-12,7.275957614183426e-12,1.0000000000000002,0.0,0.0
56,NOMINAL_SRM,57.51727522075654,80.91608875762076,61.70246635032416,-60.53630085417634,9.26200585062401,-1.0,6.495937254423243,-69.8953528294256,70.39508197972053,872,0.0,31.467098549888952,59.4735839005898,0.9998095732063126,12.814935671713831,38.48435070710548
56,CAL_CURRENT_SRM,94.81558104527758,96.22863577808702,107.29660111716768,-106.1787789892506,15.45773771516239,-0.511520737327189,0.9539170506912442,-0.5483870967741944,1.5023041474654386,0,0.0,0.4683821036771427,1.4927604699278163,1.0235806873242181,0.23378278463152594,0.6274443112935018
56,CAL_ZERO_COMP_ERROR_SRM,91.57958268555794,94.84443641034377,108.3316673021954,-110.0174400280776,14.920196459395006,-1.0,0.9631946775719473,-1.4200872829372402,2.225196081423211,7,0.0,0.6553114555316373,2.2943844887558953,1.0187557775908433,0.22598209742934156,0.5295498128594431
56,ORACLE_SRM,97.17517692558178,97.37300710677093,123.20912304632301,-125.93885837595107,15.849697163717904,0.0,0.0,0.0,0.0,0,0.0,4.348309318354037e-12,7.275957614183426e-12,1.0000000000000002,0.0,0.0
57,NOMINAL_SRM,59.09785846974935,78.19086914112926,65.93130577210988,-64.08752691668765,9.524561207599561,-1.0,1.5038589091131387,-71.79441566182005,71.79595922546528,1328,0.0347900390625,28.829809091473834,61.818427977904776,0.999224679895417,12.356515688538927,39.20843963276366
57,CAL_CURRENT_SRM,95.80237803061988,96.76667939530779,110.88829452920712,-110.26799335954279,15.621657480169414,-0.5129819100154882,0.9480723599380472,-0.6153570311367469,1.0764113010902823,0,0.0,0.4308077641353362,1.3513076423878374,1.0266611560223695,0.1873282602134379,0.4413718227752028
57,CAL_ZERO_COMP_ERROR_SRM,91.79297899065273,94.45310722108225,111.59183518155791,-111.98735746749068,14.955644350606766,-0.5176012817578394,1.4119935912108033,-1.5032272831311513,1.4680247196154719,0,0.0,0.6367505767270761,1.9860293730198464,1.0364836171248903,0.32255493907466487,0.7581346339518404
57,ORACLE_SRM,97.04586143151522,97.46728222100205,123.16896095504501,-122.75996216549652,15.82821618463708,0.0,0.0,0.0,0.0,0,0.0,4.348309318354037e-12,7.275957614183426e-12,1.0000000000000002,0.0,0.0
58,NOMINAL_SRM,66.62416202575186,86.30225121166009,73.5659986433331,-73.62111500739726,10.774777745141504,-1.0,3.0014043443085896,-27.849017722221017,27.84936880829816,314,0.015625,12.514645106679097,27.943711849447027,0.9995650935256664,5.810126754542588,19.53100668065963
58,CAL_CURRENT_SRM,95.38461805709845,96.51011674164606,113.36777394480576,-110.58169173776653,15.55226213573064,-0.5040207522697795,0.9839169909208823,-1.188067444876792,1.1800259403372304,0,0.0,0.4453326748593158,1.2904342762521992,1.0081245472481548,0.18762489110546493,0.5251634831328857
58,CAL_ZERO_COMP_ERROR_SRM,92.38777676977101,95.30214484089501,106.99148640505106,-111.20889549490578,15.0544479684005,-1.0,0.9856870374608988,-1.7463035019455253,1.7391470206759747,4,0.0,0.595375215972695,1.9852265515423824,1.0072235131452165,0.26351931862673933,0.5999264246790972
58,ORACLE_SRM,97.19647084907442,97.50265798277483,122.66643867892624,-127.20935399498717,15.853234360311365,0.0,0.0,0.0,0.0,0,0.0,4.348309318354037e-12,7.275957614183426e-12,1.0000000000000002,0.0,0.0
59,NOMINAL_SRM,54.85953068334965,76.21513746314298,61.878655387856924,-59.78207748817646,8.82052004706805,-1.0,7.017126953543139,-103.10608006852198,103.10822093771482,759,0.0411376953125,47.9432331100752,102.89135920782883,0.9976748406136103,22.297071755232484,66.78062320012396
59,CAL_CURRENT_SRM,95.53928909137989,96.54272074822987,115.14291124414632,-122.54458752308416,15.577954998568087,-0.5031434064760277,0.9874263740958891,-1.2298348948637354,1.2235480819116804,0,0.0,0.44509298954816534,1.2304072585284302,1.006344409444017,0.19635770212607315,0.5826663177977984
59,CAL_ZERO_COMP_ERROR_SRM,92.19659706629292,95.42015821394304,102.4694939412579,-104.40205322523944,15.022690542573576,-1.0,0.9801629688406017,-1.8270210882900615,1.8171025727103343,12,0.0,0.6285479168799197,2.0510890801258483,1.010031956044202,0.2623848068555414,0.7004801875838744
59,ORACLE_SRM,97.15516922886565,97.40062376587652,122.73451731859896,-128.60296662686468,15.846373626057417,0.0,0.0,0.0,0.0,0,0.0,4.348309318354037e-12,7.275957614183426e-12,1.0000000000000002,0.0,0.0
60,NOMINAL_SRM,52.03257560872875,74.78722533687234,55.87505506429561,-53.20210719781634,8.350926180851953,-1.0,1.500496024175455,-126.43445612858682,126.43465453825696,1387,0.010986328125,66.44528031051318,113.10230872508504,0.9981116461144555,28.22512098009058,105.09540967954308
60,CAL_CURRENT_SRM,95.1589862004886,96.41509047532756,109.63123315157381,-107.6198734475173,15.514781760878504,-0.5120469977874418,0.9518120088502326,-1.1921721217669945,1.1680781261921114,0,0.0,0.45715202154234064,1.443937264430133,1.0247016494413208,0.23409291475607874,0.6368099253167046
60,CAL_ZERO_COMP_ERROR_SRM,91.75458501564881,95.69573788311517,102.58722575393917,-100.20492412340943,14.949266613895151,-0.5096055542839704,0.9615777828641183,-2.066376745250664,2.047165636682737,0,0.0,0.6430558885363222,2.1823895211482522,1.0196100306121831,0.32284816940894007,0.7304040161250214
60,ORACLE_SRM,97.19423632208311,97.61287884008836,123.15531423794391,-123.15695182892215,15.852863176425767,0.0,0.0,0.0,0.0,0,0.0,4.348309318354037e-12,7.275957614183426e-12,1.0000000000000002,0.0,0.0
61,NOMINAL_SRM,53.450380927090826,74.06204022506357,58.004350858195906,-56.0621991812085,8.586442014466916,-1.0,1.9975738155184253,-127.74869916838561,127.74789044022506,897,0.0,57.438131004998404,131.33009969264268,1.0025388143354839,26.383055590508302,72.60534085838663
61,CAL_CURRENT_SRM,94.98791776536791,96.22713072309251,108.96871738116639,-107.95364229350496,15.48636507730364,-1.0,0.9697256385998108,-0.8940397350993378,0.8789025543992431,2,0.0,0.4580192998141163,1.371240324298924,1.0153690702773617,0.1774250940482711,0.5124122981055805
61,CAL_ZERO_COMP_ERROR_SRM,93.47250954437683,95.70356355444113,106.53353741105374,-102.43353070383438,15.234636136939674,-0.5069657434958419,0.9721370260166324,-1.4120393682764936,1.3981078812848098,0,0.0,0.524846320444668,1.8043703216744689,1.0141172038419,0.21835485562403156,0.4723940301920422
61,ORACLE_SRM,97.02482847429508,97.3665842780687,123.11961400662496,-123.56998120434866,15.82472233792277,0.0,0.0,0.0,0.0,0,0.0,4.348309318354037e-12,7.275957614183426e-12,1.0000000000000002,0.0,0.0
62,NOMINAL_SRM,57.07476499135324,78.74262834562279,60.90399863306931,-59.87696946273993,9.188499167998879,-1.0,1.4992370372631,-74.3114566484573,74.31115146336253,1027,0.0,31.572144536622314,58.069764445110195,0.9993757607593621,13.22883920871865,51.656529481744656
62,CAL_CURRENT_SRM,95.73361248863087,96.57723338987111,114.89915313432687,-113.96633172162547,15.610234632662936,-0.5118106631672109,0.9527573473311564,-0.9396496475112162,0.9160283211767942,0,0.0,0.42956910856044384,1.2879353795760835,1.02418572964831,0.16213601575049089,0.5004789782160373
62,CAL_ZERO_COMP_ERROR_SRM,91.59698850223485,95.53856581287289,99.35246782538194,-98.79139271177482,14.923087791068912,-1.0,0.9521171892881666,-2.0901808194095555,2.0662394140536056,1,0.0,0.6593911081075096,2.4454722906975803,1.0245102159757329,0.2941224665888439,0.5511729726187582
62,ORACLE_SRM,97.01674907585408,97.28801187398987,123.38296535851599,-124.54443056701245,15.823380245158486,0.0,0.0,0.0,0.0,0,0.0,4.348309318354037e-12,7.275957614183426e-12,1.0000000000000002,0.0,0.0
63,NOMINAL_SRM,55.16556034506668,77.43819042611287,58.693353281099476,-56.45561615908353,8.871355539047622,-1.0,2.0019697362996443,-97.4619107968966,97.46256737566313,1400,0.022216796875,45.25074288898935,77.45670854308264,1.0008589494938562,19.17165704894431,72.16794043962727
63,CAL_CURRENT_SRM,95.51518867311904,96.67440325107931,110.63046900821682,-108.39298065683246,15.573951606830406,-0.5093081453901791,0.9627674184392834,-0.970595416119877,0.9519791253395187,0,0.0,0.43670181786751205,1.3629025462796562,1.0189752576440523,0.20928148071562497,0.548836307826555
63,CAL_ZERO_COMP_ERROR_SRM,92.55398517266545,95.04455598700156,101.72763817250356,-100.85773479260006,15.082057337652069,-1.0,0.9499496444593647,-1.6448103274636057,1.619785149693289,1,0.0,0.5996111551399125,2.0032200837576966,1.0256542285012256,0.30410102141652245,0.7626819682823012
63,ORACLE_SRM,97.0902209709577,97.53156702449579,122.7538552197803,-122.67833939460003,15.83558487889663,0.0,0.0,0.0,0.0,0,0.0,4.348309318354037e-12,7.275957614183426e-12,1.0000000000000002,0.0,0.0
64,NOMINAL_SRM,57.5984809997993,78.54320500773635,62.63250875618912,-60.79980074056027,9.275495182690914,-1.0,3.4937857159206223,-80.5198178058919,81.01774637786538,1332,0.0,30.15596736940602,64.65221694472166,0.9997632943191247,14.07629236389499,46.72783482819614
64,CAL_CURRENT_SRM,95.8299069269388,96.93358215874616,113.24282084719043,-112.22451181034806,15.626230386534685,-0.5091097750785851,0.9635608996856593,-0.8160344248786888,0.7978148747215185,0,0.0,0.43146542104097374,1.2896504951081624,1.018560386032053,0.1810009566881761,0.4503717464318413
64,CAL_ZERO_COMP_ERROR_SRM,93.32540925405829,95.2547886694056,107.53224314537297,-105.60428586104678,15.210200872767157,-0.5094987411306935,0.9620050354772258,-1.4142824444952973,1.3952849622339067,0,0.0,0.5431029663735287,1.8700103831724846,1.019358813151401,0.31357033919430216,0.7746106445400756
64,ORACLE_SRM,97.22657194109713,97.59939618122624,123.78186234280597,-122.67979332730229,15.858234541710488,0.0,0.0,0.0,0.0,0,0.0,4.348309318354037e-12,7.275957614183426e-12,1.0000000000000002,0.0,0.0
65,NOMINAL_SRM,60.59603575822769,81.69411763684856,65.25732986944087,-64.97185284468276,9.773427866815233,-1.0,3.0018930430667297,-52.52721249408424,52.52768575485092,868,0.0186767578125,23.468029577374267,51.51085007039728,0.9995941993495183,9.702280743596289,32.22613879695746
65,CAL_CURRENT_SRM,95.43431292764257,96.71708623747006,112.98543024052363,-118.9434663809609,15.560517097615044,-1.0,0.9742118594927824,-1.0402844325083165,1.0402844325083167,2,0.0,0.4484592370066102,1.354760294647349,1.0130711177592502,0.187143932651077,0.4449296572388448
65,CAL_ZERO_COMP_ERROR_SRM,94.0934016503943,95.92272133582802,108.46321119741387,-106.93182849022863,15.337774360530615,-0.5053407391582995,0.4839777825251015,-1.6981414227729115,1.6874599444563134,0,0.0,0.5025745789774178,1.8295885368506788,1.0108153387705134,0.2030561625123537,0.5062880619661883
65,ORACLE_SRM,97.12399319169216,97.38173140127054,123.34482788235171,-125.53930385188578,15.841194882340892,0.0,0.0,0.0,0.0,0,0.0,4.348309318354037e-12,7.275957614183426e-12,1.0000000000000002,0.0,0.0
66,NOMINAL_SRM,54.871066954277126,74.41908551063773,60.74367311768804,-57.93498284993586,8.82243637114238,-1.0,1.4961470969710842,-115.37061112382666,115.36906996261506,1210,0.0,41.068589125984,93.25797239538315,0.9991819034626703,18.388785376053704,56.6627627680482
66,CAL_CURRENT_SRM,95.7434571723018,96.58089011243169,120.1085511803354,-119.98176645688707,15.61186996217638,-0.5049249620423143,0.9803001518307428,-0.5232285777503108,1.0084536916233682,0,0.0,0.42794246923944007,1.254585839160427,1.0099487678049035,0.18445914416642123,0.5412467223080952
66,CAL_ZERO_COMP_ERROR_SRM,91.4681568407387,95.04552243975374,105.00098625600756,-103.65629357447703,14.90168718284696,-1.0,0.9688251047174345,-2.0127034264917936,2.489322255029872,3,0.0,0.6394578718090683,2.144278287006273,1.0158652162604094,0.39380913442025045,0.8534371388823274
66,ORACLE_SRM,97.25078747680926,97.56737028510442,123.2862007783294,-123.42569344598333,15.862257055948383,0.0,0.0,0.0,0.0,0,0.0,4.348309318354037e-12,7.275957614183426e-12,1.0000000000000002,0.0,0.0
67,NOMINAL_SRM,59.77976042624424,76.46695574346141,68.11588774536678,-80.92141589700194,9.637833957847882,-1.0,1.5027879195246023,-54.11917019293869,54.1202853607485,1642,0.029541015625,24.509996773312785,54.60747785364583,0.9987574511867195,11.277049775412662,35.656125178939874
67,CAL_CURRENT_SRM,95.81398089607569,96.77789353593008,111.59688735577227,-110.39821290517985,15.623584866457756,-0.5103074692912184,0.9587701228351264,-0.8571450370031282,0.8365300984206913,0,0.0,0.43138064788747704,1.3458369370000582,1.0210457140933948,0.17397393859285717,0.5199385893105273
67,CAL_ZERO_COMP_ERROR_SRM,91.72783075281016,95.70044558450866,100.6044611878759,-100.23462169520548,14.944822384187734,-1.0,0.9753719386587321,-1.6800640878919662,1.6677500572213322,6,0.0,0.630230316638219,2.2296408257388975,1.0124709015264461,0.2463370036414697,0.529657501261795
67,ORACLE_SRM,97.12334477470435,97.43183200220267,123.16252843807389,-121.81241657993554,15.841087171877799,0.0,0.0,0.0,0.0,0,0.0,4.348309318354037e-12,7.275957614183426e-12,1.0000000000000002,0.0,0.0
68,NOMINAL_SRM,59.74597839026628,79.52300321772361,66.92079279059506,-65.0052252331113,9.6322223239645,-1.0,6.9938962981048,-73.06244087038789,73.06167790765099,704,0.0,27.6714689440634,73.23765465223738,1.0016086336621501,12.836164839321127,30.9075854104467
68,CAL_CURRENT_SRM,95.69912450803449,96.91800825790752,112.70302409489494,-110.51729692253195,15.604505732231642,-0.500175478751812,0.9992980849927517,-0.9939726863508047,0.9936217288471807,0,0.0,0.4321214797570158,1.257455778264557,1.0003563266325668,0.18029257967141304,0.47666849140912504
68,CAL_ZERO_COMP_ERROR_SRM,92.5611473043265,95.54652795015241,106.86741296730446,-105.11545597763688,15.083247060519351,-1.0,1.497062638284886,-1.6280918593118192,1.6269169146257736,2,0.0,0.5864531280269457,1.8936373685833132,1.0011643828564951,0.3469411358309385,0.7300223755908064
68,ORACLE_SRM,97.16911875548004,97.42264461514938,123.96488755135121,-131.0107593521254,15.848690823169443,0.0,0.0,0.0,0.0,0,0.0,4.348309318354037e-12,7.275957614183426e-12,1.0000000000000002,0.0,0.0
69,NOMINAL_SRM,53.93079940843531,77.46728506659979,57.60945008335378,-56.16457502637178,8.666245748909521,-1.0,3.5042613636363633,-106.01846590909071,106.0194128787877,860,0.027099609375,46.27895202706019,90.50225012751343,1.0011192903041854,20.457919276796105,57.5790453117861
69,CAL_CURRENT_SRM,95.74653608432877,96.64787803739814,116.87450099740163,-113.1502126009419,15.612381409356939,-0.5041199987792597,0.9835200048829613,-1.040757469405194,1.0325174718466748,0,0.0,0.435770015359948,1.3674709726203673,1.0083193114933562,0.1839795476581464,0.4746240843265497
69,CAL_ZERO_COMP_ERROR_SRM,90.51203533267787,94.73253595141665,102.6022499447104,-103.8245927065542,14.742863012072736,-0.5067293313394574,1.4663533433027127,-2.7966246528519556,2.783165990173039,0,0.0,0.7065554628393192,2.465680942222207,1.0136709940213045,0.3594909162233159,0.8685114364690207
69,ORACLE_SRM,97.10443383446282,97.41150323729556,123.81520819732273,-126.39662236819686,15.837945819678211,0.0,0.0,0.0,0.0,0,0.0,4.348309318354037e-12,7.275957614183426e-12,1.0000000000000002,0.0,0.0
70,NOMINAL_SRM,56.415661350459196,77.61894749413555,60.908732146470975,-58.94840053683923,9.079013513365316,-1.0,1.9973907072556645,-77.2112153810996,77.21034561685146,975,0.0,32.559042661146464,69.84756572155675,0.9995872109621357,14.565883633828971,42.605137208400265
70,CAL_CURRENT_SRM,95.08894382940674,96.2983737427561,112.07270548494057,-111.44465791062287,15.503146815516072,-0.5134434034241767,0.9462263863032931,-1.2441785943174546,1.2172917874691014,0,0.0,0.45576196028681115,1.4516626737640763,1.0276431817185896,0.22471097874980736,0.5863568424122292
70,CAL_ZERO_COMP_ERROR_SRM,91.12490053590764,94.57642806233052,102.80766322733625,-110.0875088420367,14.844667863107581,-1.0,1.4365977965636159,-1.9590136417737354,1.9336527603991822,12,0.0,0.6902924055386258,2.385682945799772,1.0260384036023489,0.3971834125647105,1.1594680360126972
70,ORACLE_SRM,97.1035534026687,97.56583733505278,123.29062613333662,-122.34527094447216,15.837799568549617,0.0,0.0,0.0,0.0,0,0.0,4.348309318354037e-12,7.275957614183426e-12,1.0000000000000002,0.0,0.0
71,NOMINAL_SRM,58.183010404968236,76.75666154963562,64.8939469735794,-62.742113194060735,9.372593090526285,-1.0,2.000732623095943,-76.65710186513408,76.65734607283271,1252,0.0128173828125,30.855842594658192,74.11488204133546,1.0015355753508095,15.645556673678243,47.23289096557346
71,CAL_CURRENT_SRM,95.43955271393091,96.22191193860793,116.0271996749936,-113.97394183306382,15.561387494008457,-0.5121921445356609,0.9512314218573565,-0.9090243232520527,0.8846400341807312,0,0.0,0.43906807481054994,1.3231010501040146,1.0249982123993835,0.18459531728896958,0.4978531703431841
71,CAL_ZERO_COMP_ERROR_SRM,94.05565046849225,95.80308003520699,105.87902970935215,-104.048791976405,15.331503400081768,-0.5139774773400068,0.9440900906399732,-1.3443250831629374,1.266838587603376,0,0.0,0.5088136708453753,1.6383473429714286,1.0287718766747347,0.2257517127126628,0.6185471656438892
71,ORACLE_SRM,97.19603175330599,97.40817373754332,123.95428681331484,-122.70801406977428,15.85316142081495,0.0,0.0,0.0,0.0,0,0.0,4.348309318354037e-12,7.275957614183426e-12,1.0000000000000002,0.0,0.0
72,NOMINAL_SRM,59.20107270244142,78.41503314112047,66.88751817574297,-64.82941735755462,9.541706428976982,-1.0,2.002886774297017,-62.87287501335558,62.87383727145456,628,0.027099609375,29.20314711779328,64.66539096239194,0.9993371594507919,13.77240796578856,42.40081145437216
72,CAL_CURRENT_SRM,95.09905213300311,96.21663323671852,112.48407374851834,-112.2277928387909,15.504825935714804,-1.0,0.9716788232062745,-0.8425092318491164,0.8283486434522538,8,0.0,0.46331279584455276,1.4702106883960369,1.0143658028441276,0.20494288189493146,0.5889179059046157
72,CAL_ZERO_COMP_ERROR_SRM,91.72634436458294,94.58914859569393,105.6371630530102,-103.82073508980616,14.944575475844342,-1.0,0.9635608996856593,-1.9012726218451557,1.8830530716879859,12,0.0,0.6234255964110661,2.159509300117861,1.0185717965684087,0.36841077726577354,1.004636460311815
72,ORACLE_SRM,97.08751822773846,97.3829294393286,121.56941799808894,-125.4570849868444,15.83513591822898,0.0,0.0,0.0,0.0,0,0.0,4.348309318354037e-12,7.275957614183426e-12,1.0000000000000002,0.0,0.0
73,NOMINAL_SRM,60.96140955227118,79.95232639787521,67.05498861013852,-65.5979159950154,9.834121188084914,-1.0,2.0013510522177866,-57.79570869176697,58.296384217877026,900,0.0179443359375,22.90887773521308,57.59395366880358,0.9986796680495035,11.360074036796712,33.454670134206026
73,CAL_CURRENT_SRM,95.00952450890692,96.43170431153055,111.66173626241672,-113.04116047771129,15.489954237359953,-0.5082094790490432,0.9671620838038268,-1.007705923642689,0.9912869655446026,0,0.0,0.4616129267398572,1.5065914652495849,1.0166984473649028,0.19776413512073784,0.5562319143879222
73,CAL_ZERO_COMP_ERROR_SRM,91.78715711789444,95.9755739663353,103.15848239458617,-101.95279012974245,14.95467726210871,-0.5068666646320994,0.9725333414716024,-1.8113040559099092,1.7975707266457106,0,0.0,0.6689639165381879,2.061327654781053,1.0139403258453552,0.2560623045000236,0.7515753277020849
73,ORACLE_SRM,97.08775509796682,97.43175732863129,123.6347366626851,-126.04722085830787,15.835175265442993,0.0,0.0,0.0,0.0,0,0.0,4.348309318354037e-12,7.275957614183426e-12,1.0000000000000002,0.0,0.0
74,NOMINAL_SRM,56.9390643609583,75.83416096565118,63.327953663742214,-62.20897796916957,9.165957535042908,-1.0,2.0047684548372304,-100.62842732691632,100.6300168118621,1433,0.035400390625,36.78493275396082,82.3806131252386,0.9994580999823826,15.79105092520815,42.33411746540787
74,CAL_CURRENT_SRM,95.77874111541732,96.60682479733259,115.51091614126031,-116.14821447237448,15.617731082295236,-0.5071793698023956,0.9712825207904174,-1.0530098420691234,0.89399557488365,0,0.0,0.42848864115381546,1.4335696328962513,1.0145585020490873,0.19612752228304534,0.42753511230009167
74,CAL_ZERO_COMP_ERROR_SRM,92.39556375820757,95.42080458139536,101.80291762189341,-100.17828017615676,15.055741488074348,-1.0,1.4431982909895473,-1.7284199282825978,1.7056992446783523,2,0.0,0.6203970340745874,2.392825515312552,1.0232322523418276,0.32084475553681174,0.7053366858176915
74,ORACLE_SRM,97.07289767883218,97.40058430226208,123.59046749489517,-128.4148913057052,15.832707255619964,0.0,0.0,0.0,0.0,0,0.0,4.348309318354037e-12,7.275957614183426e-12,1.0000000000000002,0.0,0.0
75,NOMINAL_SRM,58.38609633462342,77.01642931778969,64.54825857675401,-64.38604429454638,9.406328294787944,-1.0,4.007717818226277,-93.03675515412593,93.03829871777118,1267,0.0347900390625,30.286848660766434,69.86007949403938,1.0004991961594238,14.076745404149685,47.54310924946731
75,CAL_CURRENT_SRM,94.75621022965967,95.7610829688029,117.54449492244007,-123.3396177046775,15.44787545343184,-1.0,0.9589532310978865,-1.217669947356374,1.1971465629053175,30,0.0,0.4645300365907197,1.447617171359525,1.020944388341729,0.19541183401413764,0.5979186373140308
75,CAL_ZERO_COMP_ERROR_SRM,93.08622333039807,95.01719892283572,108.85030700831352,-111.04787688433274,15.170468991760478,-1.0,0.9576701814353075,-0.8368608182137219,1.794530999649031,1,0.0,0.5334987947455719,1.818781334284722,1.021626248522005,0.31046081525776487,0.90921278359707
75,ORACLE_SRM,96.9937229963019,97.3254343549398,122.61829607467918,-126.4029840445688,15.819555315000315,0.0,0.0,0.0,0.0,0,0.0,4.348309318354037e-12,7.275957614183426e-12,1.0000000000000002,0.0,0.0
76,NOMINAL_SRM,62.54305776471857,80.5917019875922,69.29885671964044,-67.37456271223992,10.0968534492888,-1.0,2.498157459048288,-50.68843128428652,50.18816806415077,398,0.0,18.584269921429982,46.32245514651686,0.999319542180616,9.301219589314012,25.66400623001391
76,CAL_CURRENT_SRM,95.35514098295147,96.48859050821409,112.30845018832021,-110.93194754168239,15.547365611785958,-0.5109829323933561,0.9560682704265755,-0.6350797683627457,1.1021309711826774,0,0.0,0.44307374875441446,1.3817479138779163,1.022461578029539,0.19302609727687756,0.5505518596498504
76,CAL_ZERO_COMP_ERROR_SRM,92.26429030210977,95.56378562785022,105.67226737601399,-107.5152901702281,15.033935266131191,-0.5067178356438212,0.9731286574247151,-1.3817454928320219,1.8615919859005574,0,0.0,0.6117745000084522,1.9058592616456735,1.013632512634925,0.27403003581239893,0.7068166826476272
76,ORACLE_SRM,97.14539319282885,97.48086847885796,122.12444442009556,-126.44325125826155,15.844749699805456,0.0,0.0,0.0,0.0,0,0.0,4.348309318354037e-12,7.275957614183426e-12,1.0000000000000002,0.0,0.0
77,NOMINAL_SRM,55.57521376636871,75.13717408242519,63.371194278133444,-62.016792203220916,8.939404280127693,-1.0,2.996643015182727,-86.53170061798582,86.5308613717815,1044,0.0,42.78146026903535,94.75464263241884,1.0012388142201767,17.966854448393715,44.58015636094024
77,CAL_CURRENT_SRM,95.06093865384949,96.10461293892178,115.8627984899297,-114.90795458088422,15.498494792998255,-0.5110246433203631,0.9559014267185473,-1.0428015564202342,1.0207522697795073,0,0.0,0.46068886568518064,1.5469721705176198,1.0225482071150127,0.21322865129130003,0.6204172757862025
77,CAL_ZERO_COMP_ERROR_SRM,93.64987866008599,95.82776749240197,105.5229193072748,-102.23309072314451,15.264099445197008,-0.5084916456855115,0.9660334172579537,-1.2502174410620261,1.2332341496910024,0,0.0,0.5100437957912121,1.7470297357494928,1.0172719884941976,0.22127662218310007,0.5201627034516036
77,ORACLE_SRM,97.13415058898039,97.51692268624588,123.17472360245884,-121.00027239870039,15.84288215763794,0.0,0.0,0.0,0.0,0,0.0,4.348309318354037e-12,7.275957614183426e-12,1.0000000000000002,0.0,0.0
78,NOMINAL_SRM,55.81704885176657,76.95318633520911,61.46452905527696,-59.06329959124399,8.979576221223684,-1.0,7.010879364351746,-108.27996027199353,108.28132019253749,1014,0.032470703125,37.565563204430916,85.06346513465269,1.0010748760447683,16.936973799844488,55.67566268745759
78,CAL_CURRENT_SRM,95.61394831451464,96.53651759810268,114.17505149115884,-111.81441832488392,15.590356862876186,-0.5027847714961471,0.9888609140154117,-1.3624780651560235,1.3569085221637294,0,0.0,0.4333971106439569,1.3206728115674196,1.0056197098930053,0.1794281176585443,0.5015624903141536
78,CAL_ZERO_COMP_ERROR_SRM,94.08684799180159,96.42861845438324,102.73342609357302,-102.30877690988467,15.336685712923853,-0.5007095445181964,0.9971618219272143,-1.2611123826962725,1.25969329365988,0,0.0,0.49987366565324554,1.8124064518178784,1.0014255683567275,0.19466363744368542,0.36734039046814004
78,ORACLE_SRM,97.16205896300032,97.38768045026616,123.45683505250148,-124.60683295761712,15.847518100166166,0.0,0.0,0.0,0.0,0,0.0,4.348309318354037e-12,7.275957614183426e-12,1.0000000000000002,0.0,0.0
79,NOMINAL_SRM,58.333342382495104,77.06719865617353,64.8387921853471,-78.49758723586231,9.397565179816464,-1.0,2.005503409056165,-59.985324242516896,59.98715871220236,1139,0.0380859375,30.86440105531487,59.887231963255985,0.9983130009972175,14.247202671975375,51.54401101922667
79,CAL_CURRENT_SRM,95.86488879394075,96.86877091474743,113.81009605694494,-111.88718596034883,15.632041327897134,-0.5052872510872053,0.9788509956511791,-0.7339436942091979,0.7202105745021719,0,0.0,0.42314384110243314,1.2352697106816777,1.0106885174262243,0.18650854622905133,0.41115666758631164
79,CAL_ZERO_COMP_ERROR_SRM,92.41577245113481,94.83084734985778,106.74151311421738,-113.6804392050114,15.05909841380977,-0.5103762932218391,0.9584948271126437,-1.7359538560136731,1.7152012695699947,0,0.0,0.5822889156253189,1.8902517584574525,1.021201880599644,0.27956455606472097,0.7476287276879177
79,ORACLE_SRM,97.17646907081173,97.58719771266568,123.98321883396665,-122.31134161772894,15.84991180578268,0.0,0.0,0.0,0.0,0,0.0,4.348309318354037e-12,7.275957614183426e-12,1.0000000000000002,0.0,0.0
80,NOMINAL_SRM,56.65025376801579,76.73502268056345,60.327690248755495,-59.21184813841667,9.117982353490996,-1.0,1.49984740745262,-79.48710592974639,79.48704489272744,1315,0.0,33.72338700398329,72.88795242110427,1.0009399348122299,13.795104954751723,40.44378543178391
80,CAL_CURRENT_SRM,95.42892236499071,96.61616064972405,112.56736681719163,-112.90876536143324,15.559621655314071,-0.5019607843137255,0.9921568627450981,-0.8549019607843137,0.8509803921568627,0,0.0,0.4465337861653338,1.356023933322831,1.003938439604564,0.17483970573613025,0.4879985070442032
80,CAL_ZERO_COMP_ERROR_SRM,93.27870195258905,94.99536737629582,108.16502649944466,-105.6187526848153,15.202442184815457,-1.0,0.9793392843518729,-1.5394979781795943,1.5291676203555313,3,0.0,0.5386557116352517,1.6876207180994243,1.0104520656024387,0.24306290676521977,0.6964727173271825
80,ORACLE_SRM,97.1441533337391,97.43016951551022,123.17327105124073,-122.56821240071613,15.84454374314603,0.0,0.0,0.0,0.0,0,0.0,4.348309318354037e-12,7.275957614183426e-12,1.0000000000000002,0.0,0.0
81,NOMINAL_SRM,56.191699889935194,76.10497057105978,62.796537740095914,-59.46701927978143,9.041810612946046,-1.0,2.999145481734672,-99.38453321939757,99.38431958983124,659,0.0,40.54162448350356,96.54337964058436,0.9985697796028191,17.727416386626754,51.77773192588211
81,CAL_CURRENT_SRM,95.01683408743746,96.59711642618122,109.13917838775704,-106.7165490184357,15.4911684530627,-0.5072786645100253,0.9708853419598988,-0.966948454237495,0.9523911252174444,0,0.0,0.46480708986008845,1.5098407606410547,1.0147689487175358,0.2080520752656032,0.5480262761078976
81,CAL_ZERO_COMP_ERROR_SRM,92.56609018468048,95.74135836507688,105.60412762773791,-103.66526813401074,15.084068136990112,-0.5049287392803735,0.9802850428785059,-1.646992400891142,1.6371349223303926,0,0.0,0.5920912885562969,2.14293007881588,1.0099591998331463,0.2834729835375288,0.6833804367706193
81,ORACLE_SRM,97.17751804777225,97.51531673119825,123.33010004317173,-124.98325732508403,15.850086054447218,0.0,0.0,0.0,0.0,0,0.0,4.348309318354037e-12,7.275957614183426e-12,1.0000000000000002,0.0,0.0
82,NOMINAL_SRM,59.528271402650375,79.47576402905774,64.42578504398736,-62.915801891480434,9.596058372533285,-1.0,1.5035528185693985,-68.45239223117002,68.45381335859774,775,0.033447265625,27.496293795523478,68.8165233092404,0.998176441646116,13.65275857174707,29.61506599621498
82,CAL_CURRENT_SRM,95.58049352079226,96.52762803760028,114.90912959906224,-112.73294511732206,15.584799588171473,-0.5084078493606372,0.9663686025574512,-1.2428968169194616,1.2260811181981872,0,0.0,0.4336638579772194,1.2887593319937878,1.0171238670488045,0.19667407164383718,0.5214214001370507
82,CAL_ZERO_COMP_ERROR_SRM,92.66116169833734,95.90713267133748,105.26830416610645,-103.1986575515651,15.099860747232116,-1.0,0.9680476081483178,-1.8441748683909363,1.7058365758754865,12,0.0,0.5718002905334906,1.924218973459574,1.0162617986963682,0.2532682654517547,0.6619229661300778
82,ORACLE_SRM,97.2315225825497,97.71742644824265,123.36650614290437,-124.41474594542179,15.859056907400284,0.0,0.0,0.0,0.0,0,0.0,4.348309318354037e-12,7.275957614183426e-12,1.0000000000000002,0.0,0.0
83,NOMINAL_SRM,64.42461734012626,83.4133506630431,72.5936491003067,-74.50662087510378,10.409404873775127,-1.0,3.9980162968840602,-26.026764732810435,26.02636799218725,361,0.0,14.40316686909316,27.464035703502304,1.0004455830595091,6.013362190573267,22.57949301743338
83,CAL_CURRENT_SRM,94.74712964312303,96.0506294421944,111.99744740297652,-114.0379423918754,15.446367050352663,-0.5080186160067139,0.9679255359731442,-1.0332036316472115,1.0171663996337836,0,0.0,0.4805161000564299,1.6070123617155332,1.0162999895396856,0.2424395813258254,0.6848556567985931
83,CAL_ZERO_COMP_ERROR_SRM,92.52385182555042,95.28640683463922,104.96053036085047,-117.61191131605256,15.07705179826419,-1.0,1.4650186923018236,-1.7521782253757534,1.7381857022964828,10,0.0,0.5937832118687729,1.994550986772083,1.0142115186936125,0.28440801347270933,0.6179962506551213
83,ORACLE_SRM,97.17476088700354,97.55285609326694,122.55918876318391,-125.16309888746054,15.849628054319526,0.0,0.0,0.0,0.0,0,0.0,4.348309318354037e-12,7.275957614183426e-12,1.0000000000000002,0.0,0.0
84,NOMINAL_SRM,55.76929090125355,77.2596522864505,60.13534117513331,-58.0920177630549,8.97164300685275,-1.0,3.0023818612107798,-94.05321016871515,94.05380563401786,827,0.0208740234375,43.16281000840611,93.20682348989021,0.9985309379226979,19.369647529165178,58.72863794573641
84,CAL_CURRENT_SRM,66.21827536472726,95.96787243438874,77.28768225915682,-72.71902225691774,10.707354711748714,-1.0,1.0048029123392022,-1.1899291799868454,1.1923306361564467,2,0.043701171875,2.2569748279718485,77.66386344100465,0.9976298733457313,0.20393984698152212,0.5703302533935037
84,CAL_ZERO_COMP_ERROR_SRM,75.7814239722149,95.45279333262677,88.48085298052507,-84.49472849997645,12.295917603357957,-1.0,1.0019856726084102,-1.367945134338388,1.368937970642593,4,0.027587890625,0.7867916652829957,32.28025150141548,0.9990148849903319,0.2310202588789113,0.6148611425392261
84,ORACLE_SRM,97.07616199591885,97.352899098236,122.9581052654589,-128.05912151160322,15.833249500983198,0.0,0.0,0.0,0.0,0,0.0,4.348309318354037e-12,7.275957614183426e-12,1.0000000000000002,0.0,0.0
85,NOMINAL_SRM,56.007027592684935,78.91739953809852,59.6556261051594,-57.96515088268993,9.011134151608793,-1.0,3.9984740745262,-76.49951170384838,76.49920651875362,982,0.0,39.86673286279503,71.54701331401702,0.9997516610610545,16.424167866781904,59.68592059336879
85,CAL_CURRENT_SRM,94.87574998013824,96.46611456811601,108.5799466301952,-107.72568625358859,15.46773255484024,-0.5062562944425794,0.9749748222296826,-1.0946226386303286,1.08211004974517,0,0.0,0.46722746890982003,1.5204040739154152,1.0126680999522788,0.20276418563382373,0.5059119621901935
85,CAL_ZERO_COMP_ERROR_SRM,90.66198520717863,94.58631341207366,99.81370443632791,-98.53113616226435,14.76777162909944,-1.0,0.9634998626667075,-1.9618671224097417,1.9436170537430952,4,0.0,0.6975368827412897,2.49262568960512,1.0185848215410254,0.31222988006540603,0.6953086730827955
85,ORACLE_SRM,97.0306972030007,97.37632608713183,122.71569349327356,-124.22843490310385,15.825697209800781,0.0,0.0,0.0,0.0,0,0.0,4.348309318354037e-12,7.275957614183426e-12,1.0000000000000002,0.0,0.0
86,NOMINAL_SRM,65.7072805899851,81.93128455041771,72.34184773626167,-69.29483052707317,10.622471858801513,-1.0,1.5004196999526882,-33.69656456511237,33.388459014389085,900,0.0098876953125,13.337121725103307,32.111532524827,1.0004325620975056,5.931297332470754,16.65047483995295
86,CAL_CURRENT_SRM,96.02533893991551,96.74082573901768,119.34334984300129,-122.67235645019923,15.6586941760657,-0.5006866664632099,0.9972533341471601,-0.8638264107181003,0.8624530777916803,0,0.0,0.4321199050268708,1.2651566607337372,1.0013827379480418,0.18612211614711296,0.5293407278042821
86,CAL_ZERO_COMP_ERROR_SRM,92.63926137853403,95.24584064982932,104.66410256954342,-118.67349022125146,15.096222820354491,-1.0,0.9786370433668021,-2.0560777611621455,2.0453962828455476,18,0.0,0.5808162560230206,1.9281565560595482,1.0108232010625902,0.29986713194193093,0.8313589842419944
86,ORACLE_SRM,97.24398491244358,97.57225897390668,123.59906495308798,-124.81441307560848,15.861127061867705,0.0,0.0,0.0,0.0,0,0.0,4.348309318354037e-12,7.275957614183426e-12,1.0000000000000002,0.0,0.0
87,NOMINAL_SRM,53.73221080915591,75.11690548198413,57.464945928903376,-55.6598362203432,8.633257609494338,-1.0,2.000274691734831,-106.22373641801971,106.22382798193134,1352,0.0059814453125,51.78526984988072,93.63079126285265,1.0006220539586999,20.644554328112427,77.20065346178308
87,CAL_CURRENT_SRM,95.96920184576007,96.86403152868779,112.28247465916448,-111.27471421582666,15.649369077368782,-0.5015487907225147,0.9938048371099413,-0.9792172121766994,0.9761196307316701,0,0.0,0.4291201433651293,1.3501569339932757,1.0031120324004221,0.1816897524034208,0.46968213862664854
87,CAL_ZERO_COMP_ERROR_SRM,93.33817038865985,95.5190118957507,108.25025367703013,-105.0101863866343,15.21232066256808,-0.5053865169225136,0.9784539323099459,-1.4070253608813745,1.3538315988647112,0,0.0,0.544627047720607,1.9455389916020067,1.0108917924749827,0.2694960420747236,0.7185847227817668
87,ORACLE_SRM,97.09041273020453,97.40159469665441,122.60697177936905,-124.10598174920274,15.835616732592115,0.0,0.0,0.0,0.0,0,0.0,4.348309318354037e-12,7.275957614183426e-12,1.0000000000000002,0.0,0.0
88,NOMINAL_SRM,55.3600791260901,76.37317142570805,59.619450417904076,-59.390758870173684,8.903667628918623,-1.0,6.005451796649512,-81.81401279722077,81.81479162531353,1503,0.024169921875,39.5674994782059,75.65929772672825,0.9997653490477507,14.399305303297625,35.750784282092354
88,CAL_CURRENT_SRM,94.35089621077778,95.86873269653003,110.74850815439885,-110.60410916102443,15.380547543318567,-0.5145647364003968,0.9417410543984128,-1.1813229571984438,1.1425955596246282,0,0.0,0.487277983945976,1.489530228460353,1.0300121363589563,0.19735702027492313,0.5572810328256779
88,CAL_ZERO_COMP_ERROR_SRM,94.27709789358568,95.27391839238331,114.25825353075052,-112.36076464688006,15.368288686642138,-0.5142748149843595,1.4286259250782023,-1.2900740062561995,1.2615243762874804,0,0.0,0.47914510327476273,1.5769931011336666,1.0293792786539668,0.17823245057943257,0.5370509382518023
88,ORACLE_SRM,97.16368248000165,97.5347425176882,123.83043439979501,-122.83847819685919,15.84778778737569,0.0,0.0,0.0,0.0,0,0.0,4.348309318354037e-12,7.275957614183426e-12,1.0000000000000002,0.0,0.0
89,NOMINAL_SRM,54.16497187021736,76.52407543061656,58.014276819513604,-55.316741752679555,8.705144828939762,-1.0,1.4974059266945403,-97.28698080385755,97.28594317453536,775,0.0,52.538101056038705,97.17187511855232,1.001758438080751,22.777942173721648,80.97666850074529
89,CAL_CURRENT_SRM,95.27491551566297,96.45162571783204,107.96295546017198,-107.43019385023197,15.53403912220315,-0.5069199664301518,0.9723201342793928,-1.0019989318684672,0.9881589990081636,0,0.0,0.45054506643827,1.4209120286577672,1.0140293329209282,0.16120923775888138,0.4893645013244381
89,CAL_ZERO_COMP_ERROR_SRM,93.05206357884067,95.58219618440111,106.01768536213743,-108.84736083075757,15.164794614425361,-1.0,1.4625009536888687,-1.520042725261311,1.5000686655985351,6,0.0,0.5676492821913123,1.845051593536482,1.0152178606487374,0.22435323684926656,0.527456737854223
89,ORACLE_SRM,97.19227076800848,97.66090541723878,123.35830810789753,-123.74049771563932,15.852536672426659,0.0,0.0,0.0,0.0,0,0.0,4.348309318354037e-12,7.275957614183426e-12,1.0000000000000002,0.0,0.0
90,NOMINAL_SRM,63.39678242655555,83.40111304196958,67.96923933261263,-66.95073637305572,10.238668177168698,-1.0,3.9991607537956817,-40.710124361024114,40.709956511783226,519,0.0,17.477859292805984,40.124477125464864,1.000542145067254,7.454490000415762,20.406154712083662
90,CAL_CURRENT_SRM,95.21387227965215,96.47142606471766,111.71951566351251,-110.4024056781036,15.523899049776105,-0.5056306649983215,0.977477340006714,-0.9615466780602436,0.9502853480636005,0,0.0,0.4559239979852413,1.4618410120547196,1.0113885749893334,0.18850305896268724,0.4859627729832958
90,CAL_ZERO_COMP_ERROR_SRM,91.5982896035602,95.80369958826884,103.01903116146948,-101.01595902766951,14.923303920857176,-1.0,1.4868390936140994,-1.859464408331426,1.7331197070267796,1,0.0,0.6382383489846564,2.035844811984134,1.005281764248907,0.28422782233039556,0.6532521531864859
90,ORACLE_SRM,97.06145945371922,97.24063087993834,123.83740393969488,-127.02597432777672,15.830807218225784,0.0,0.0,0.0,0.0,0,0.0,4.348309318354037e-12,7.275957614183426e-12,1.0000000000000002,0.0,0.0
91,NOMINAL_SRM,60.30501613170691,81.75728117652957,65.27327005947046,-66.02112535542501,9.725085736163939,-1.0,4.0021372088053,-52.35691387048246,52.35734131224354,531,0.017578125,24.28301404041378,50.31631332993311,0.9990296635063176,11.187269898697554,40.707898227121404
91,CAL_CURRENT_SRM,94.80450442289508,96.41207478514045,111.80633165344248,-114.56406551901297,15.455897744666958,-1.0,1.4525437177648244,-1.1939909054841733,1.175008392590106,2,0.0,0.4673916255183965,1.5398785402912836,1.01936192172404,0.18927101022993795,0.4841385082200418
91,CAL_ZERO_COMP_ERROR_SRM,92.50918595280706,94.61618603543272,107.76919593788887,-107.2787316450129,15.07461560677858,-0.5069658497878964,1.4651707510605179,-1.8557542649616992,1.8557542649616992,0,0.0,0.5886100633655682,2.1461489701359824,1.0141430749831566,0.2725929092447804,0.7758566407593435
91,ORACLE_SRM,97.0538999712279,97.44005079937203,123.01915448298557,-124.02554290473554,15.829551490237193,0.0,0.0,0.0,0.0,0,0.0,4.348309318354037e-12,7.275957614183426e-12,1.0000000000000002,0.0,0.0
92,NOMINAL_SRM,53.40537194126252,75.46052572949226,56.50698159320253,-54.73555398931781,8.578965438747929,-1.0,1.9990386816205077,-112.75825131609061,112.75793087663078,1033,0.0,56.16937777371948,98.5762047262906,0.9994278847663604,22.787730153589575,87.21176342551553
92,CAL_CURRENT_SRM,95.09169521777184,96.3397888101218,112.51827343553856,-112.17943993539097,15.503603856772731,-0.5041352580339977,0.9834589678640093,-0.9887386700033569,0.9804681539353617,0,0.0,0.45984438525981325,1.3799096928705694,1.0083434368442408,0.18349282943272432,0.5460723504673375
92,CAL_ZERO_COMP_ERROR_SRM,94.09222209093878,95.7433842340487,109.496208461543,-106.70474780754333,15.337578420421725,-1.0,0.9855039291981385,-1.445792324711986,1.4385442893110552,1,0.0,0.5105841513845419,1.8105768111390717,1.0072849496070981,0.17415888643583768,0.512299893759117
92,ORACLE_SRM,97.108609995145,97.42939036602317,123.68699211314309,-122.32591899907341,15.838639534077243,0.0,0.0,0.0,0.0,0,0.0,4.348309318354037e-12,7.275957614183426e-12,1.0000000000000002,0.0,0.0
93,NOMINAL_SRM,59.82013172152272,82.44753607332298,63.29878686295277,-61.986133071327735,9.644540153076864,-1.0,2.9985961699855035,-57.84269474328114,57.84234378577753,1182,0.0,23.739926143477387,48.61018573187721,0.9993322109161629,10.474936105492576,29.041199192115528
93,CAL_CURRENT_SRM,95.85739864975409,96.46289156489587,118.57124836665263,-117.55426929777181,15.63079711789935,-0.5068056276131474,0.9727774895474106,-0.7316049684133428,0.7179937131870479,0,0.0,0.42288787561756225,1.2529956157850393,1.0137974509741536,0.18699203369870124,0.4528390155231712
93,CAL_ZERO_COMP_ERROR_SRM,93.51791625816344,96.09461450391252,101.52466272667284,-101.23852598677955,15.24217878042582,-1.0,0.9868770409253214,-1.3402813806573703,1.3337199011200322,1,0.0,0.5367791643221618,1.7547809224943194,1.0066068383223599,0.17277690313723024,0.35457902842972544
93,ORACLE_SRM,97.12837972746684,97.36899822287397,122.81785159887858,-123.4159967975749,15.841923542768578,0.0,0.0,0.0,0.0,0,0.0,4.348309318354037e-12,7.275957614183426e-12,1.0000000000000002,0.0,0.0
94,NOMINAL_SRM,62.16241403600197,79.85409237309379,71.51617222399408,-68.31173601033201,10.033623594020261,-1.0,1.9972304663955622,-63.60043183361486,64.09904706681263,545,0.0,18.5966500432487,45.60559041945635,0.9996194956211326,8.666153116997656,25.344679264209844
94,CAL_CURRENT_SRM,93.87007682128751,96.22115257624118,105.84270739294892,-101.51838237275201,15.300677212838456,-0.5062295432176945,0.9750818271292219,-1.0178913396760474,1.4992027100229637,0,0.0,0.4983251489417739,1.5097443401864439,1.0126051600286254,0.23406285572521618,0.6268653282275807
94,CAL_ZERO_COMP_ERROR_SRM,94.81924420923376,96.01992245391816,113.25362665936211,-113.96920618791074,15.458346214158432,-0.5041733424887465,0.9833066300450142,-1.042023346303502,1.033676661326009,0,0.0,0.46991531972159256,1.4719372993968136,1.0084162147357376,0.17977559077081648,0.49268625963825485
94,ORACLE_SRM,97.06908847940431,97.44956967248893,123.04802552831777,-121.68582141574379,15.832074498239919,0.0,0.0,0.0,0.0,0,0.0,4.348309318354037e-12,7.275957614183426e-12,1.0000000000000002,0.0,0.0
95,NOMINAL_SRM,57.75041722937349,73.87319591917132,68.48215279359569,-66.45110198342226,9.300733759032141,-1.0,2.003781425941346,-112.12032573737055,112.62221645034111,1346,0.031494140625,31.89486553915525,70.29490452382015,1.0008635091362397,15.29564622302087,51.81252200120343
95,CAL_CURRENT_SRM,95.01235917235546,96.39277902928637,106.34292336169926,-105.07289430062181,15.490425111686953,-0.510540410629678,0.9578383574812881,-0.865824349378557,1.3342031174895475,0,0.0,0.46834486881803516,1.4400258270507038,1.0215431007882807,0.2246552030315891,0.5772350772796386
95,CAL_ZERO_COMP_ERROR_SRM,91.36303614442318,94.5361970380578,99.08118770585449,-98.59244751460753,14.884225273159997,-0.5132982375829709,1.4335088120851451,-2.081391622796931,1.9732204165713314,0,0.0,0.6694716140311641,2.3353975968566374,1.0273341995833563,0.4146023343957268,0.9199879215577198
95,ORACLE_SRM,97.1533432793238,97.45753847507868,123.6998512940917,-125.90912552454432,15.846070312180034,0.0,0.0,0.0,0.0,0,0.0,4.348309318354037e-12,7.275957614183426e-12,1.0000000000000002,0.0,0.0
96,NOMINAL_SRM,60.088697139844015,82.91378717379234,62.79858272675267,-62.35875754764866,9.6891523488113,-1.0,3.501648603266677,-56.00786139520691,56.00822775148843,544,0.015869140625,24.385491957274958,52.81167259479844,1.0001860730051664,9.991452001845209,29.423017579769294
96,CAL_CURRENT_SRM,95.27296387554699,96.30823858147069,110.70375341620768,-108.28337772365683,15.533714929492856,-0.5058900723288675,0.97643971068453,-0.8404187139500106,0.8286385692922756,0,0.0,0.446167049572675,1.3699023917306477,1.0119221009707962,0.2131700026016531,0.5800243391318567
96,CAL_ZERO_COMP_ERROR_SRM,93.0839770693241,94.96167049565516,108.20483148795793,-107.03142688618932,15.170095858691711,-0.5073777370870527,0.970489051651789,-1.5549248493171623,1.4539711604486174,0,0.0,0.5558222342524747,2.0970360553437786,1.01497354866748,0.26505550289305035,0.6775958581421726
96,ORACLE_SRM,97.16212591699576,97.45677183800503,122.94415958031728,-126.02547608484161,15.84752922209232,0.0,0.0,0.0,0.0,0,0.0,4.348309318354037e-12,7.275957614183426e-12,1.0000000000000002,0.0,0.0
97,NOMINAL_SRM,59.77535160417495,80.45196763703038,66.62835716710615,-67.21001375323164,9.6371015953779,-1.0,3.506946036403649,-61.97658673757723,61.97813030122246,732,0.0347900390625,26.859977382586077,63.10241465342597,0.9986987635719164,12.688130547088116,40.08305889598887
97,CAL_CURRENT_SRM,94.65952686115469,96.27773559529471,110.27692520683885,-118.79293802246013,15.431815093215064,-1.0,0.9556871242408522,-1.1254921109653004,1.1033356730857264,3,0.0,0.4669479206282888,1.5201248322846368,1.0226666091947227,0.23862206857535737,0.6224225227344817
97,CAL_ZERO_COMP_ERROR_SRM,92.67218843606103,95.51618070209871,104.38501182011967,-102.49002439802075,15.101692431239375,-0.5085069047074082,0.9659723811703671,-1.4480811779964906,1.431067368581674,0,0.0,0.5960525412993215,1.8881852004737993,1.0173139970066687,0.2875672553378623,0.5534849703099383
97,ORACLE_SRM,97.18525315219611,97.48495600440782,123.55234700055958,-126.06971235257659,15.851370955514305,0.0,0.0,0.0,0.0,0,0.0,4.348309318354037e-12,7.275957614183426e-12,1.0000000000000002,0.0,0.0
98,NOMINAL_SRM,54.488824640720054,76.99594250859106,60.02594292923916,-58.34681227446468,8.758940970219278,-1.0,6.999572744127139,-84.5560658889591,85.0560391854671,969,0.0,43.54672827354936,81.68819290404235,1.0011778073661246,20.100309839765927,75.90153928248037
98,CAL_CURRENT_SRM,95.06049081652847,96.51390027434351,108.95688186765406,-107.5994028196861,15.49842040141669,-0.5089686954000625,0.9641252183997497,-0.6993064615807184,1.1724003753805294,0,0.0,0.4581171763889218,1.4372482082799252,1.0182636273933845,0.20238579642712604,0.5444955188996943
98,CAL_ZERO_COMP_ERROR_SRM,92.12341857507803,95.55175179956387,106.56305418514646,-106.05790802007226,15.01053464702293,-0.5058365758754864,0.9766536964980546,-1.6964980544747081,1.6848249027237354,0,0.0,0.6260511327957372,2.125373958286218,1.0118197655365662,0.3277708731432878,0.7317039510653558
98,ORACLE_SRM,97.12334093747765,97.48576458863855,123.25190545440735,-123.1477143733551,15.841086534464726,0.0,0.0,0.0,0.0,0,0.0,4.348309318354037e-12,7.275957614183426e-12,1.0000000000000002,0.0,0.0
99,NOMINAL_SRM,64.23257725518293,84.12885063309908,68.53002296374568,-67.12238765492789,10.377504527439026,-1.0,5.5,-35.5,35.5,931,0.0,15.047332830931532,28.695995583217154,0.9995689775753435,9.28306847454544,21.30857441657008
99,CAL_CURRENT_SRM,95.77167445939772,96.83961280786824,110.35191055140848,-107.5499543905444,15.616557219169056,-0.5116655222400244,0.9533379110399023,-0.886015106431679,0.8626840619516309,0,0.0,0.43249708121382635,1.3616236260641017,1.0238812200577674,0.14942029730169307,0.4569834567765909
99,CAL_ZERO_COMP_ERROR_SRM,93.34383196560607,95.65047703748546,107.98114547484437,-110.39492475705835,15.21326112385483,-1.0,0.9478133487960447,-1.6508987701040525,1.624805444502077,2,0.0,0.532084630403313,1.7877513292933145,1.0267772435028377,0.2119039664823342,0.5496423498123661
99,ORACLE_SRM,97.22187741015276,97.52669640418193,124.1165744044669,-125.42787135218148,15.857454719294479,0.0,0.0,0.0,0.0,0,0.0,4.348309318354037e-12,7.275957614183426e-12,1.0000000000000002,0.0,0.0
100,NOMINAL_SRM,56.76917964723468,79.55844792060978,59.49147957472906,-57.90234983254982,9.13773748292935,-1.0,6.997436484321354,-71.24696726939305,71.24664682993317,581,0.0,38.28986368368227,71.32091829228557,1.0003548214592393,16.03803067640347,59.569992437496694
100,CAL_CURRENT_SRM,94.96153182020777,96.42488059540327,109.65550474489794,-108.03870397202547,15.481982029934846,-0.5042496375982299,0.9830014496070802,-1.2128328374151218,1.2043335622186617,0,0.0,0.4667226891965632,1.5469347905127506,1.008559913758389,0.21272331326130076,0.5731012052502855
100,CAL_ZERO_COMP_ERROR_SRM,91.58717357177265,94.75493856396494,103.64895333008157,-106.98272573293713,14.921457403948946,-0.5063783684804835,0.9744865260780664,-2.0579241309854712,1.988525040437039,0,0.0,0.642317391080863,2.1626207122353662,1.0129334758890585,0.2705352543824131,0.7129829622661354
100,ORACLE_SRM,97.1490096926857,97.44669871568419,123.31557847540643,-124.6065209490815,15.845350447289983,0.0,0.0,0.0,0.0,0,0.0,4.348309318354037e-12,7.275957614183426e-12,1.0000000000000002,0.0,0.0
101,NOMINAL_SRM,64.8731413728092,82.27785698795024,70.23426648220108,-67.78969572662525,10.483910527044719,-1.0,6.994140446180609,-29.63640247810297,29.590258491775263,682,0.0,14.543609227886051,30.915434262184135,1.0005690936704859,6.617107493412698,18.51392572075929
101,CAL_CURRENT_SRM,94.75439968644699,96.61687814783738,109.84539431143983,-109.90767062179128,15.447574698745347,-0.5017853328043458,0.9928586687826166,-1.3538926358836625,1.350321970274971,0,0.0,0.4670342120505194,1.5713970483302546,1.0035942838502907,0.22808914095521227,0.5390028575127417
101,CAL_ZERO_COMP_ERROR_SRM,93.88581065472559,96.14354825524288,108.06652083709943,-111.81074448762106,15.303290806432821,-0.5011978332188907,0.9952086671244373,-1.7468375677119097,1.7444419012741283,0,0.0,0.5129305078383094,1.859649351275948,1.0024244118721817,0.22072179947683676,0.4851841715617695
101,ORACLE_SRM,97.09421379580175,97.564281223289,123.11539344655449,-124.54053801443125,15.836248138837501,0.0,0.0,0.0,0.0,0,0.0,4.348309318354037e-12,7.275957614183426e-12,1.0000000000000002,0.0,0.0
102,NOMINAL_SRM,54.8390087749856,78.58837052415194,58.852900350547074,-55.762203072905045,8.8171110921903,-1.0,3.0009157648926266,-89.11875944382466,89.11898838504781,1459,0.0118408203125,48.19050451528892,75.739002683943,1.0009454073066044,20.150583805938048,78.74254907217619
102,CAL_CURRENT_SRM,95.41848831902621,96.44455657259408,113.64761008961453,-112.96999982923893,15.55788842508741,-0.5137791070284127,0.9448835718863493,-1.1149327066866057,1.0873744926297804,0,0.0,0.44147951240496813,1.3877603103101137,1.028350662895065,0.1945871630587539,0.5309246380317347
102,CAL_ZERO_COMP_ERROR_SRM,92.82362776274907,95.49873492527212,105.03140920967567,-105.97144826475507,15.126848465572936,-1.0,0.9445783867915889,-1.6097140415662097,1.5259559923093355,4,0.0,0.5781451903188087,1.9566903522545545,1.0284852929300086,0.2515961718098639,0.5813379055668975
102,ORACLE_SRM,97.22166724395638,97.67168067211563,122.92840762952372,-124.29618790859618,15.857419807966176,0.0,0.0,0.0,0.0,0,0.0,4.348309318354037e-12,7.275957614183426e-12,1.0000000000000002,0.0,0.0
103,NOMINAL_SRM,58.48546687199274,77.68731391999194,65.06964068855135,-64.47062091466213,9.422835028570224,-1.0,2.9954832605975525,-55.90920743430891,55.9080782494583,1262,0.0,27.926169358371602,56.04363122451434,1.0012103022252135,11.980253052529616,40.619978091586745
103,CAL_CURRENT_SRM,94.85515229419838,96.16211958944993,107.87400185825695,-106.47357929536987,15.464311012325313,-1.0,0.9522080141605884,-0.9987487411114839,0.9748527481917781,1,0.0,0.4600098900598193,1.4777930718373682,1.0244757843275059,0.22513516878030254,0.6010240869904209
103,CAL_ZERO_COMP_ERROR_SRM,93.02145423506887,95.16010486035992,108.30090462564382,-104.25378023363861,15.159710005825394,-1.0,0.9511703848384045,-1.5235602893154692,1.4991454817346699,1,0.0,0.5444021316347208,2.0471299358928263,1.0250140251697144,0.28355360127309837,0.6182480434871351
103,ORACLE_SRM,97.15230170776465,97.62091761799822,123.65211923956166,-124.09589346606366,15.845897293648614,0.0,0.0,0.0,0.0,0,0.0,4.348309318354037e-12,7.275957614183426e-12,1.0000000000000002,0.0,0.0
104,NOMINAL_SRM,56.32008569663502,80.52251710214527,59.939575693935794,-57.24777281873314,9.063137158909473,-1.0,3.0010073644446136,-75.54419048347286,76.04456824513984,504,0.01318359375,40.40638841958078,63.864341716413946,0.9984678464217454,19.212160241730835,64.88920029400833
104,CAL_CURRENT_SRM,96.01787492726561,96.84521525762834,117.19210302033764,-117.7727926922993,15.657454306854753,-0.5066072573015534,0.9735709707937865,-0.7899716177861874,0.7767571031830806,0,0.0,0.4175462953139623,1.2779750217669061,1.0133922848171961,0.15729117762753894,0.4900599272352544
104,CAL_ZERO_COMP_ERROR_SRM,91.92464946085734,95.86808815286616,100.9845364514487,-100.67688774663776,14.9775165217371,-1.0,0.973968108644236,-1.7687342641336692,1.755718318455787,10,0.0,0.6094245806919524,2.05128100327056,1.0132072838137465,0.22956068199786794,0.48410407538967704
104,ORACLE_SRM,97.14215928092759,97.70117445875671,122.93644375638453,-124.98595712721729,15.844212505137474,0.0,0.0,0.0,0.0,0,0.0,4.348309318354037e-12,7.275957614183426e-12,1.0000000000000002,0.0,0.0
105,NOMINAL_SRM,60.043594145208345,77.7822488974615,68.00721509086051,-64.17111343339796,9.681660157011354,-1.0,2.001855145930512,-70.97244001313337,71.47336758609796,829,0.0216064453125,22.809132658915754,60.25151553128853,1.0007513513663333,12.852778142680187,34.601584018482754
105,CAL_CURRENT_SRM,95.72107315163926,96.80336687201915,112.12902514841025,-110.53363802753907,15.608151686318815,-0.5082475013351644,0.9670099946593422,-1.0055848020141909,0.9365072098878461,0,0.0,0.43200942838290124,1.4037266764171363,1.0167675611637648,0.1835330387798929,0.43609488149194675
105,CAL_ZERO_COMP_ERROR_SRM,92.18503280251169,96.10188689350053,101.88706786347119,-100.84681678706207,15.020769568523535,-1.0,0.9615777828641183,-1.4882887006942955,1.3767910276951232,6,0.0,0.5983712511782179,1.9674847161259095,1.0195844053032628,0.2842638327682401,0.6528642601383012
105,ORACLE_SRM,97.10864585909275,97.57957250701041,123.40997562887353,-122.98201802323973,15.838645491543646,0.0,0.0,0.0,0.0,0,0.0,4.348309318354037e-12,7.275957614183426e-12,1.0000000000000002,0.0,0.0
106,NOMINAL_SRM,59.75036425226419,83.01996087750437,62.12776424476354,-60.81586987837984,9.632950872469136,-1.0,3.0001831194396544,-49.967007980958805,49.96705376081882,585,0.0013427734375,26.99521636799797,47.56741500217322,0.9997062777959965,11.07437635290273,41.94654504852588
106,CAL_CURRENT_SRM,95.80603091659114,96.65705216287702,115.02055883855584,-117.39563490718807,15.622264271858993,-0.5046158541237507,0.9815365835049976,-0.9481956206607159,0.9389639124132145,0,0.0,0.4329674850518592,1.3154970650430187,1.0093233808175188,0.17889052511888492,0.42822581960354
106,CAL_ZERO_COMP_ERROR_SRM,93.00324773931132,95.63409050839644,100.82966834439573,-99.36895252288065,15.156685670981947,-0.5056001464888455,0.977599414044618,-1.3740653706472838,1.3515732291634903,0,0.0,0.5782062658043635,1.9809598810679745,1.0113220677785149,0.27451244791210044,0.6018151076569325
106,ORACLE_SRM,97.17670338807733,97.52200644323568,124.11717817559251,-123.97723954577185,15.8499507289165,0.0,0.0,0.0,0.0,0,0.0,4.348309318354037e-12,7.275957614183426e-12,1.0000000000000002,0.0,0.0
107,NOMINAL_SRM,57.73767743994905,80.83940661556909,60.841993272887805,-59.482386847921454,9.298617514941704,-1.0,3.4997940032043946,-73.80563057908665,73.80558480202106,560,0.0,32.15236237570551,64.2320975661778,0.9985389156723248,14.916678642665016,42.45596924167694
107,CAL_CURRENT_SRM,94.76373656094559,95.9203854739326,113.41098853601216,-116.86920728918801,15.44912567457568,-0.507866025787747,0.9685358968490121,-0.9726710917830168,0.9569390402075227,0,0.0,0.4727760147284897,1.518475670578482,1.0159863845554291,0.21679504821138657,0.577165855126939
107,CAL_ZERO_COMP_ERROR_SRM,93.17406453986285,95.47684772951415,107.03104117414003,-105.88192178417266,15.185060554794495,-0.5051956969558251,0.9792172121766995,-1.4511329823758297,1.3073472190432593,0,0.0,0.5469062211961344,1.8705243047252225,1.0105029965252486,0.219754319769326,0.40181617762866395
107,ORACLE_SRM,97.14453027121067,97.47555150258249,122.51458711085516,-125.24988109110105,15.844606357343965,0.0,0.0,0.0,0.0,0,0.0,4.348309318354037e-12,7.275957614183426e-12,1.0000000000000002,0.0,0.0
108,NOMINAL_SRM,59.686558842684974,78.25368652196089,67.4717084091498,-67.1587451876706,9.622351967223418,-1.0,2.0051818223506213,-72.78861527644005,72.79034255055694,1001,0.0369873046875,26.254551718830676,56.385470254463144,0.9992349097871954,11.391335026621004,39.5597820938965
108,CAL_CURRENT_SRM,96.02995864936116,96.86114181631112,110.349298752474,-108.23429301348617,15.659461569661323,-0.5022964827954528,0.9908140688181888,-0.7983520256351568,0.7937590600442512,0,0.0,0.42198204164539527,1.2553580205435537,1.0046116483212866,0.17592591385666645,0.38780216029334724
108,CAL_ZERO_COMP_ERROR_SRM,92.932271166502,95.43234838467029,104.2661152387185,-101.18059666019059,15.144895542608307,-1.0,0.976607740960868,-1.2483272169620967,1.7245420351112806,1,0.0,0.5739359857070407,2.0656992798731153,1.0118392040061825,0.269487993320933,0.6077547803867347
108,ORACLE_SRM,97.03818534084895,97.35469899006505,123.28398515608617,-123.44408617567375,15.82694108651976,0.0,0.0,0.0,0.0,0,0.0,4.348309318354037e-12,7.275957614183426e-12,1.0000000000000002,0.0,0.0
109,NOMINAL_SRM,58.895063336536,79.25577260627304,61.90754218505666,-61.597574096770884,9.490874308394686,-1.0,6.000427285212879,-58.70318937891042,58.70325041965512,1431,0.0029296875,26.380930039101802,60.3647168557618,0.9997942722603074,10.540494751867794,28.72267613009899
109,CAL_CURRENT_SRM,95.33332644535679,96.41145429838028,115.74924245276831,-114.58762237416776,15.54374193444465,-0.5046921492332341,0.9812314030670635,-1.1906614785992218,1.1812771801327535,0,0.0,0.45483230800760693,1.3470602104116551,1.0094849988256407,0.19895241096623031,0.5736322006776362
109,CAL_ZERO_COMP_ERROR_SRM,92.96663163253518,95.27712817120339,107.0620448704514,-105.19369219669309,15.15060326121847,-0.5074770348216193,0.9700918607135229,-1.4130527665028811,1.383144627216407,0,0.0,0.566900951941853,1.9920457100779458,1.0151766868475414,0.27640044999167346,0.7558322355092884
109,ORACLE_SRM,97.13126733250388,97.51532439250497,123.80214411010955,-122.69864271806894,15.842403211379382,0.0,0.0,0.0,0.0,0,0.0,4.348309318354037e-12,7.275957614183426e-12,1.0000000000000002,0.0,0.0
110,NOMINAL_SRM,59.400760585208864,77.78408976034592,67.45130504297263,-66.25808737123091,9.574877173622736,-1.0,4.0032064985036335,-71.47798204360829,71.47862334330901,1752,0.02197265625,28.36192389857422,70.99780286257442,0.9987370755951954,13.208143975239654,37.92912655059445
110,CAL_CURRENT_SRM,94.76538512507418,95.9944096034671,112.46185160260536,-120.8442649658469,15.44939952243757,-0.509933774834437,0.9602649006622519,-0.9668874172185432,0.9470198675496689,0,0.0,0.4765362016818054,1.4398049865069424,1.0202664198794198,0.21821625428390612,0.6374552910793483
110,CAL_ZERO_COMP_ERROR_SRM,89.10644455174939,94.28680655820438,98.54983968107383,-101.26635509085575,14.509376171386942,-1.0,1.4492442911748773,-1.9774469935682717,2.3733224484813396,8,0.0,0.8290923956319017,2.6561447064814274,1.020727493434338,0.3924910234232961,0.9185034990948111
110,ORACLE_SRM,97.10391906036858,97.36775978284894,123.82431869413877,-124.94041557103104,15.837860309031326,0.0,0.0,0.0,0.0,0,0.0,4.348309318354037e-12,7.275957614183426e-12,1.0000000000000002,0.0,0.0
111,NOMINAL_SRM,58.70511388966981,78.7747194096098,62.96597046385291,-61.26269387708099,9.459321244131198,-1.0,3.0032987171655465,-72.77402260232836,72.7748472816197,1374,0.0252685546875,30.554730311752554,72.19590564090322,0.9988742281124536,13.632982393360239,39.742657254606456
111,CAL_CURRENT_SRM,94.67106865991985,96.13718255474174,112.020629727431,-112.02900582681862,15.43373233553486,-1.0,0.9768059327982421,-1.1802423169652396,1.1686452833643608,5,0.0,0.47592149555962193,1.536899649773659,1.01174131001478,0.2572016610303307,0.6640879964607507
111,CAL_ZERO_COMP_ERROR_SRM,93.32761083886996,95.63356016216918,106.30589277039246,-103.37256348419827,15.210566584529893,-1.0,0.9873043000579853,-1.5431836909085297,1.5368358409375154,1,0.0,0.5617851187487058,2.0072534318132966,1.006383381117506,0.22171354150594463,0.49176311153175334
111,ORACLE_SRM,97.18178181273252,97.61399125873038,123.66470124993042,-125.41441129861057,15.850794321051914,0.0,0.0,0.0,0.0,0,0.0,4.348309318354037e-12,7.275957614183426e-12,1.0000000000000002,0.0,0.0
112,NOMINAL_SRM,56.82017870282036,78.54761878791254,60.461876098837905,-58.282022695561665,9.146209086847236,-1.0,1.5026541102429558,-80.15189148317523,80.65348394932141,1556,0.028564453125,38.43387995674692,78.9783190801445,0.998407504253555,17.01522916105187,57.25336200894526
112,CAL_CURRENT_SRM,95.63333289700114,96.42290904353021,115.2466805997721,-117.78382059135987,15.593576893189558,-0.5075228125858333,0.9699087496566667,-0.7024445326090274,0.6873989074373608,0,0.0,0.42980182130586686,1.2822146363689626,1.0152762604027783,0.1681428642254232,0.4700730616898241
112,CAL_ZERO_COMP_ERROR_SRM,93.35102937584685,95.03355696530099,112.81214072608921,-112.74252412226544,15.214456706951305,-0.5089799343862058,0.9640802624551768,-1.4782482642862593,1.4602883955138477,0,0.0,0.5393715797942765,1.8264837994756817,1.0182951967752805,0.2866080149174029,0.7018109767298029
112,ORACLE_SRM,97.05228166591849,97.36407416238131,122.84990064888808,-122.5816801586127,15.829282668757223,0.0,0.0,0.0,0.0,0,0.0,4.348309318354037e-12,7.275957614183426e-12,1.0000000000000002,0.0,0.0
113,NOMINAL_SRM,64.35464465002457,79.95039458123857,69.45738291495144,-72.2926691833332,10.39778150332634,-1.0,2.000137339579741,-41.03760052494421,41.03764630480401,1609,0.0015869140625,15.43170977729831,36.02236859115527,1.0005952593192875,7.280501801122993,25.745678819164823
113,CAL_CURRENT_SRM,95.96315960095671,96.497831188006,117.29781542329404,-115.61995017919374,15.648365382218724,-1.0,0.943906979583117,-0.8077944273201696,0.7797479171117282,1,0.0,0.42361479975759925,1.2474388928267217,1.0288492712026909,0.16598973727392569,0.49518044730493216
113,CAL_ZERO_COMP_ERROR_SRM,91.63469922354919,95.73508406057563,104.07324341069993,-103.53579409913515,14.929352030489898,-0.5097123674372472,0.9611505302510108,-1.658579385061395,1.6391546501869037,0,0.0,0.6371380924847779,2.001209243454923,1.0198165438407212,0.19370497871078723,0.5178384822620501
113,ORACLE_SRM,97.16281960431964,97.35856112836288,123.50480428629504,-125.47424583973887,15.84764445254479,0.0,0.0,0.0,0.0,0,0.0,4.348309318354037e-12,7.275957614183426e-12,1.0000000000000002,0.0,0.0
114,NOMINAL_SRM,63.65211114350879,82.55759838669549,68.01499245954442,-66.41690336297975,10.281081585300464,-1.0,3.0009157648926266,-37.53260886155186,37.53283780277503,1117,0.0120849609375,16.561944549000962,37.47653142746094,0.9996422461079325,6.6542537464628175,21.663417109273723
114,CAL_CURRENT_SRM,94.55426689211343,96.21499550914123,110.9845269692072,-113.75805630060272,15.414330048523826,-1.0,0.9642633707179371,-1.3410238803692685,1.323155565728237,2,0.0,0.47551265829888967,1.4395418331187102,1.0182096165040082,0.22367031035182203,0.5927184178537743
114,CAL_ZERO_COMP_ERROR_SRM,90.94334212566329,94.25277292338617,104.05883215842624,-108.67103461712045,14.814508658748055,-1.0,0.9424734874494547,-2.4526588845654995,2.255512321660182,7,0.0,0.6978417142693331,2.5168149235737474,1.0296429783385637,0.4504304623418321,1.1077242691765719
114,ORACLE_SRM,97.03568622878073,97.32534827511216,121.5194330534922,-123.95090027837526,15.826525951624706,0.0,0.0,0.0,0.0,0,0.0,4.348309318354037e-12,7.275957614183426e-12,1.0000000000000002,0.0,0.0
115,NOMINAL_SRM,57.210940353547095,80.48707164646693,59.591912476670636,-58.645196868244476,9.211119660057658,-1.0,3.997634851606012,-65.05992217899811,65.05944914931939,1088,0.0,35.469928523509765,65.42245043920957,1.000488141559886,14.81077346472764,51.153939996263944
115,CAL_CURRENT_SRM,95.2391531072334,96.37903938118681,110.72535193158592,-110.07385995939015,15.528098522796247,-0.5112155522324289,0.9551377910702843,-0.9487289040803251,0.926297799615467,0,0.0,0.45160274180898213,1.3905502332927426,1.0229507195108076,0.21262452089167586,0.5971176131977884
115,CAL_ZERO_COMP_ERROR_SRM,91.78831708201697,95.44477897268166,105.12091965732313,-103.70019211295748,14.9548699471789,-1.0,1.464388985953963,-1.5986465144313298,2.0540554974860554,1,0.0,0.6511266332554816,2.337920209927688,1.0144471668997848,0.32805987855000723,0.7889150788545862
115,ORACLE_SRM,97.2015195797099,97.47667667722382,124.4817243468377,-123.91990513756296,15.854073019885364,0.0,0.0,0.0,0.0,0,0.0,4.348309318354037e-12,7.275957614183426e-12,1.0000000000000002,0.0,0.0
116,NOMINAL_SRM,57.668467139168904,77.51586184374399,64.57333154881921,-62.57692806931054,9.28712078723736,-1.0,2.4957808804455635,-78.31952391850787,78.31831845577814,921,0.0,35.54714855144888,79.11823490801984,1.0017338367055655,16.51894782608255,43.896318516648535
116,CAL_CURRENT_SRM,94.75892199938711,96.17742363647841,107.59851794477784,-105.29390314652287,15.448325913519454,-0.5097659230323192,0.9609363078707234,-1.0166631061738929,0.9971312601092546,0,0.0,0.4697623576008042,1.4518000737516559,1.0199136023996742,0.23460561148177128,0.6510299755817002
116,CAL_ZERO_COMP_ERROR_SRM,93.4961553939134,95.94501410714247,108.52127360314768,-107.41547451873936,15.238564018922492,-0.5042115543076877,0.9831537827692494,-1.6985686819055499,1.54245124668109,0,0.0,0.535252857344357,1.7576571587414946,1.008481511037989,0.20327607563616565,0.40115308723048315
116,ORACLE_SRM,97.13219649618559,97.54306200098722,122.82747376406863,-125.45705398079079,15.842557557505911,0.0,0.0,0.0,0.0,0,0.0,4.348309318354037e-12,7.275957614183426e-12,1.0000000000000002,0.0,0.0
117,NOMINAL_SRM,63.94117472856419,80.93814251518324,70.16255042730033,-68.8458721579087,10.329098792120298,-1.0,2.99877925962096,-37.23271889400922,37.23241370891446,1347,0.0,15.073892334642943,36.36866511840617,1.0006400579134866,6.550473126405709,22.87087318153681
117,CAL_CURRENT_SRM,94.6926253844282,96.29708309332288,108.54093741134243,-119.98689315136083,15.437313186782093,-0.5071718497268594,0.9713126010925626,-1.009338663899655,0.9949949644459364,0,0.0,0.4781976734401616,1.4830979775142623,1.0145509541227344,0.23211097490362959,0.5797832979250082
117,CAL_ZERO_COMP_ERROR_SRM,93.7044919041428,96.36747773704045,105.6985672620703,-107.05886740918424,15.273171412648306,-0.5016250858319982,0.9934996566720071,-1.2265049210345527,1.1682764934767738,0,0.0,0.5282268317043787,1.7579081478870648,1.0032637620493092,0.2906240974183923,0.9056105996479573
117,ORACLE_SRM,97.08366355093222,97.41645166965549,121.8038917085616,-123.87550882728735,15.834495606467145,0.0,0.0,0.0,0.0,0,0.0,4.348309318354037e-12,7.275957614183426e-12,1.0000000000000002,0.0,0.0
118,NOMINAL_SRM,54.721260319567754,79.68424249401933,57.795555556811294,-55.63777539343572,8.797551548100957,-1.0,3.99908444471572,-85.39175084688864,85.39156773583179,1210,0.0,48.81518700495653,76.95236677626417,1.0009756643054188,20.07509665855463,79.53648619359228
118,CAL_CURRENT_SRM,95.21827877022552,96.28973049266384,115.73876842462104,-117.59056296299673,15.524631024954406,-0.5144199957274087,0.9423200170903654,-1.3044221320230818,1.2755821405682595,0,0.0,0.4489437123389796,1.4802691563163535,1.0297141346766185,0.23956974351245242,0.6699396405310978
118,CAL_ZERO_COMP_ERROR_SRM,93.10587802522731,95.9890727997898,105.5856849657002,-108.80255674990286,15.173733891233773,-0.5132829785610743,0.9468680857557028,-1.3043869687953014,1.1715571831845566,0,0.0,0.5583324016260172,1.9382120752634364,1.0272937883554747,0.23124024843276417,0.5924097513252065
118,ORACLE_SRM,97.1137410808587,97.43133162555364,124.00321572645281,-124.9160889131897,15.839491873896794,0.0,0.0,0.0,0.0,0,0.0,4.348309318354037e-12,7.275957614183426e-12,1.0000000000000002,0.0,0.0
119,NOMINAL_SRM,57.58456501273007,76.40626843840221,61.79236892044706,-61.29032338984704,9.273183556931906,-1.0,2.504599071018213,-71.26362914069472,71.26494316098562,1444,0.0321044921875,32.463549842745984,73.62787154303805,0.9982010721666983,18.663384825315635,52.50974401447456
119,CAL_CURRENT_SRM,94.39837708052437,96.16403698875423,109.18445429477183,-112.58754089771783,15.388434730984114,-1.0,0.9478446631570914,-1.3249713893339423,1.2988937209124893,1,0.0,0.4893121226168862,1.598956588532019,1.0267910464218835,0.19534929923383398,0.5819708825668073
119,CAL_ZERO_COMP_ERROR_SRM,92.22962135639584,95.69291506740497,101.11297105577069,-100.42443572607928,15.028176305049143,-1.0,0.9653620202944992,-1.9179827573052568,1.9006637674525064,2,0.0,0.5897022490253323,2.118628784428438,1.017643733681832,0.2075473541871685,0.5106458855036067
119,ORACLE_SRM,97.11186676284925,97.3274872947575,123.00092107947978,-124.54169798264937,15.83918052539024,0.0,0.0,0.0,0.0,0,0.0,4.348309318354037e-12,7.275957614183426e-12,1.0000000000000002,0.0,0.0
120,NOMINAL_SRM,58.321328436650894,80.64648055617893,61.072363303069245,-59.405979692963264,9.395569507749318,-1.0,2.5021376003908755,-54.78601093230173,54.78662167527064,944,0.021240234375,31.91391281734073,55.79440532605986,0.9994321677221074,13.038718073029331,49.72097585089432
120,CAL_CURRENT_SRM,95.46524098873705,96.62740194162663,110.7774194310715,-109.56022557263994,15.565654649291869,-0.5071946288242923,0.9712214847028304,-1.087663080796521,1.0732738231479362,0,0.0,0.4404153581495159,1.345436990588496,1.0145903199967734,0.18310273408406283,0.48986388674151726
120,CAL_ZERO_COMP_ERROR_SRM,93.1941900294162,96.05817579762964,104.28575466719442,-103.93488070532042,15.188403659371463,-0.5068131532768749,0.9727473868925001,-1.630380712596328,1.4062409399557474,0,0.0,0.5348404161520087,1.848039861441066,1.0138043108059998,0.2438593810258691,0.49968951534083317
120,ORACLE_SRM,97.13658223316132,97.58618899488849,122.96458528728854,-129.82570098989243,15.843286085242745,0.0,0.0,0.0,0.0,0,0.0,4.348309318354037e-12,7.275957614183426e-12,1.0000000000000002,0.0,0.0
121,NOMINAL_SRM,54.06762728074992,77.5628239395094,58.059092375907284,-55.29807708516322,8.688974631353808,-1.0,7.005313747795482,-103.86039196525262,104.36138829296425,1500,0.022216796875,52.27531569836044,88.87883406358924,1.0003243585764396,21.42076111080334,83.98460309275833
121,CAL_CURRENT_SRM,94.94895796562007,96.59004243030398,110.04674597919114,-111.5267510942263,15.479893349770776,-0.5110934781945249,0.9556260872219002,-0.9927976317636646,0.9706106753746148,0,0.0,0.4674286020988571,1.5296743658527703,1.0226943789413652,0.2172490106835528,0.610896765423206
121,CAL_ZERO_COMP_ERROR_SRM,93.0853819506658,95.2265789496755,106.19727501060888,-102.99365639208852,15.17032922768535,-0.5140690328684347,0.943723868526261,-1.6427961058381908,1.6146580401013213,0,0.0,0.5480070377170134,2.006115335855611,1.0289352449647813,0.3154346459301314,0.7664392036950289
121,ORACLE_SRM,97.08633166261743,97.37204381157031,123.46262727550052,-124.51275725885965,15.834938814388277,0.0,0.0,0.0,0.0,0,0.0,4.348309318354037e-12,7.275957614183426e-12,1.0000000000000002,0.0,0.0
122,NOMINAL_SRM,55.303250713176396,79.06002879821328,58.67190558976848,-56.09822768126275,8.89422769321867,-1.0,2.998657185583056,-73.92446668904691,73.92413098544267,1466,0.0,45.72617359837343,73.90625251873546,1.0013085279375133,19.48871312611128,75.11858137994932
122,CAL_CURRENT_SRM,94.59783308110816,96.1895592851298,108.47077439671682,-107.40969389657172,15.421566956994711,-0.5147783627069504,0.9408865491721983,-1.0509956511787595,1.0214389257648586,0,0.0,0.4781453391547421,1.4724966841713467,1.0304566188992146,0.23994362292826568,0.629013364341489
122,CAL_ZERO_COMP_ERROR_SRM,93.27585102004768,95.31701955805302,108.58394598396642,-107.91622338131164,15.201968607981343,-0.5122226630451369,1.4388866847743156,-1.3672902615436262,1.3230079042939547,0,0.0,0.5399432449123679,1.8184157236210012,1.0250521047461114,0.2884666105279947,0.7215692820400363
122,ORACLE_SRM,97.10956135803397,97.50276881508937,122.7001100034687,-127.56124793375699,15.83879756777973,0.0,0.0,0.0,0.0,0,0.0,4.348309318354037e-12,7.275957614183426e-12,1.0000000000000002,0.0,0.0
123,NOMINAL_SRM,59.39316992863424,81.86249253057115,62.87286652699108,-60.472969814961,9.573616267214991,-1.0,3.4952963706139517,-53.40950949499872,53.907941618536896,824,0.0,28.392576003017318,53.90342524478244,1.0014488892300022,12.896983697208396,43.999211760612525
123,CAL_CURRENT_SRM,95.1118279595933,96.59610512098736,111.91205013794062,-110.21966472193546,15.5069481660454,-0.5153429465171282,0.938628213931487,-1.0106813153276875,0.9799954222934311,0,0.0,0.4571521412292367,1.4817948897816677,1.0316624290829193,0.18792082319911865,0.5607042211052686
123,CAL_ZERO_COMP_ERROR_SRM,88.78105805258541,94.21000140650196,97.26225773247293,-96.23727586808496,14.455325257904553,-1.0,0.9313796549908826,-2.2586729127406175,2.7072076539837795,15,0.0,0.8591660435996614,2.962105438926301,1.0355386380039815,0.3628436007161178,0.6920629254659616
123,ORACLE_SRM,97.30422420780093,97.74897066671153,124.47133524374908,-124.54797567313592,15.871133589335702,0.0,0.0,0.0,0.0,0,0.0,4.348309318354037e-12,7.275957614183426e-12,1.0000000000000002,0.0,0.0
124,NOMINAL_SRM,56.51008718611954,79.68296671187396,59.951563281997416,-58.77209087660595,9.094698868126171,-1.0,5.001648452286465,-79.77898528603755,79.77926002808528,1180,0.0135498046875,34.1840063763381,72.10146070958399,0.9987873789789751,15.05440772384801,40.52218738488591
124,CAL_CURRENT_SRM,94.8736065341116,96.07701450680914,108.73216681543792,-107.27441536727163,15.46737650068299,-0.510483108005005,0.9580675679799799,-1.0789208655049283,1.0579546494949181,0,0.0,0.47317616349521474,1.5966710724960649,1.0214144243291223,0.1943438261148123,0.6249411510969978
124,CAL_ZERO_COMP_ERROR_SRM,92.55029161372073,95.38723661536842,101.50041111970559,-100.02099521434849,15.081443789654607,-0.5098954757000076,1.4505226214999616,-1.7839017318989634,1.7641107804989262,0,0.0,0.5954421416011765,2.170409269598167,1.0201712364858126,0.2685178118753153,0.585230021372027
124,ORACLE_SRM,97.09692072984748,97.46717690598176,122.89837204856654,-121.8246949682328,15.836697795655729,0.0,0.0,0.0,0.0,0,0.0,4.348309318354037e-12,7.275957614183426e-12,1.0000000000000002,0.0,0.0
125,NOMINAL_SRM,65.96341880862622,82.59991014999741,75.65170000389682,-76.666335509757,10.665019735652196,-1.0,2.999755851924192,-23.77811517685476,23.77805413983581,1108,0.0,11.916009531022253,24.414477758155954,1.0000900643417558,4.964977063909872,19.209152801582604
125,CAL_CURRENT_SRM,95.9029320287897,96.68654946905909,116.3871339880334,-115.71045225188803,15.638360802124536,-0.5067979979857784,0.9728080080568866,-0.9431974242378016,0.9431974242378017,0,0.0,0.4284421509102128,1.2274799248261843,1.0137938872949477,0.18333703778149255,0.4501558100384919
125,CAL_ZERO_COMP_ERROR_SRM,93.81188763245567,95.63062798407873,106.90894265580508,-105.13473535547286,15.291011234627186,-0.5067368581673914,1.4663157091630423,-1.277821011673154,1.2643472953383705,0,0.0,0.5164501225148205,1.8177879613940604,1.0136551573334973,0.2612766400130944,0.6168008817818986
125,ORACLE_SRM,97.21478753604741,97.58916704661956,121.62498381478761,-123.90662750326102,15.856276999343423,0.0,0.0,0.0,0.0,0,0.0,4.348309318354037e-12,7.275957614183426e-12,1.0000000000000002,0.0,0.0
126,NOMINAL_SRM,61.43877761448933,81.60089231404706,66.21198653887191,-65.88578793422738,9.913418208386933,-1.0,1.4988364907033702,-40.66256704483511,41.16186893925625,844,0.0,21.30567444456596,40.1169739316465,1.000863967262964,9.29788445210021,36.14097194009992
126,CAL_CURRENT_SRM,94.5197605682902,96.20266892871226,108.77574088333401,-107.90115416580613,15.408598101044884,-0.5086519974364452,0.9653920102542191,-1.1495406964323818,1.132236701559494,0,0.0,0.47871023242096206,1.5623415946174646,1.017617179441371,0.22308636183131766,0.5440692342333051
126,CAL_ZERO_COMP_ERROR_SRM,92.21653950871885,95.00408137328648,103.25631450887856,-103.43303375083251,15.026003240650972,-0.509933774834437,1.9403973509933778,-1.655629139072848,1.6357615894039736,0,0.0,0.6129370782648249,2.119857758487342,1.020263551819312,0.3104059243877801,0.6286783326471621
126,ORACLE_SRM,97.14113988154313,97.57158791300424,122.64850492595995,-123.41742748286921,15.844043169691549,0.0,0.0,0.0,0.0,0,0.0,4.348309318354037e-12,7.275957614183426e-12,1.0000000000000002,0.0,0.0
127,NOMINAL_SRM,54.403612256900416,77.26815762788324,57.39620927068628,-55.7001000209231,8.744786089186116,-1.0,2.001878063304475,-104.49011344723601,104.49073946833764,1066,0.021728515625,50.00306329294384,84.67594407493016,1.000538783835693,20.408175169496523,78.08634425498167
127,CAL_CURRENT_SRM,95.00635897635489,96.07238076810225,113.21773159007199,-124.70941528469692,15.489428401387855,-0.5061608770952705,0.9753564916189181,-0.6293555302932078,1.1231946531979378,0,0.0,0.45700112523117775,1.3962285746374619,1.0124753973828378,0.20999077836145869,0.5734554739290765
127,CAL_ZERO_COMP_ERROR_SRM,93.26358235773837,94.96459265781299,105.67336551744117,-105.10724858364212,15.199930624209031,-0.509269855802243,0.9629205767910278,-1.3227283131151295,1.3041886015106432,0,0.0,0.5392452139858382,1.796275388353024,1.0188971355754632,0.2806312413252516,0.7789240168773652
127,ORACLE_SRM,97.10551816250828,97.45175617260843,123.68189128187959,-127.30474978128358,15.838125940615992,0.0,0.0,0.0,0.0,0,0.0,4.348309318354037e-12,7.275957614183426e-12,1.0000000000000002,0.0,0.0
128,NOMINAL_SRM,64.48101327435941,83.30628880292178,70.40664913308751,-77.7274801492674,10.418772969162694,-1.0,3.5023358778625955,-31.29300763358807,31.293526717557523,345,0.01953125,15.38527516069354,31.350576718120465,0.9995266053547227,7.115826246110167,27.32812359563559
128,CAL_CURRENT_SRM,55.61886428047583,95.73943513699726,64.36111615265648,-59.79962363592684,8.946655196092332,-0.496782615372802,1.012869538508792,-0.998986408661598,1.005421177915994,0,0.07177734375,9.663976385452775,207.74767989142492,0.9936600124500623,0.1835468605459478,0.48649669300036535
128,CAL_ZERO_COMP_ERROR_SRM,55.2101196280621,94.89164442828377,63.9468868205678,-59.31378952706651,8.878757413299354,-1.0,1.0133951887922823,-1.5164674797996862,1.5231650741958274,6,0.0733642578125,10.230893767465226,215.73088283533434,0.9934164163174164,0.2174443441641624,0.47856041429261964
128,ORACLE_SRM,97.16270041551836,97.43507323673582,123.54314164096111,-123.44725650081952,15.847624653740592,0.0,0.0,0.0,0.0,0,0.0,4.348309318354037e-12,7.275957614183426e-12,1.0000000000000002,0.0,0.0
129,NOMINAL_SRM,52.36135745496205,76.86339420592422,56.04669789784125,-53.1881874168807,8.405541105475423,-1.0,1.999633777886288,-103.38325144199958,103.38312936796167,906,0.0,63.809913300669855,86.63492483505297,0.9989631286631702,26.51741597396872,106.34295630657653
129,CAL_CURRENT_SRM,94.56866713462807,95.7506640726384,112.57129774926108,-110.6748631336727,15.416722115386722,-0.5081406881818875,0.9674372472724497,-0.8983596551461036,0.8820782787823283,0,0.0,0.4753182370551799,1.4001644668624067,1.0165520521090856,0.23021601945694833,0.7407595368813631
129,CAL_ZERO_COMP_ERROR_SRM,91.70435435817888,95.32898773129402,103.0690981475435,-101.63870791479098,14.940922650860278,-0.5046921492332341,1.4765392538338293,-2.2268253604943924,2.217441062027924,0,0.0,0.6558352420127499,2.41303573856203,1.0094943480413712,0.29434102507428717,0.6193999053276684
129,ORACLE_SRM,97.06525544579806,97.58606508548759,123.59787735053371,-124.26794009368825,15.83143778169403,0.0,0.0,0.0,0.0,0,0.0,4.348309318354037e-12,7.275957614183426e-12,1.0000000000000002,0.0,0.0
130,NOMINAL_SRM,66.83155708461646,87.9464118233691,69.86138295515288,-68.01156506157872,10.80922875159742,-1.0,2.498718222602008,-23.670567949461347,23.670201727347635,291,0.0,11.71186988118886,20.60224907682459,0.9999293720858823,5.208606976520237,19.03571704119895
130,CAL_CURRENT_SRM,94.97306579579856,96.39853356566195,111.56299204941647,-110.6556707959596,15.483897972724014,-0.5129551072725608,0.9481795709097569,-0.8931852168340095,0.8672750022888883,0,0.0,0.460594728796766,1.4319801306100999,1.0266004691767743,0.20897970789188905,0.6075323995523476
130,CAL_ZERO_COMP_ERROR_SRM,94.35653812825207,96.11577557259477,108.47886050732603,-106.47621843717083,15.381484738912304,-1.0,0.9600518806744487,-1.300129701686118,1.2801556420233418,1,0.0,0.5024706654599863,1.8175270926956273,1.0203711693329125,0.2661351769096672,0.6063310366278074
130,ORACLE_SRM,97.09444012905003,97.54849259312785,123.67506363879107,-124.87965724409165,15.836285735722596,0.0,0.0,0.0,0.0,0,0.0,4.348309318354037e-12,7.275957614183426e-12,1.0000000000000002,0.0,0.0
131,NOMINAL_SRM,55.288924363362796,78.55873637312729,58.87005804851073,-56.674194991002295,8.89184790089083,-1.0,1.9982146944380865,-91.48807507438119,91.4874799725274,724,0.0,46.189195444845154,88.39496451033438,1.0016158845552108,20.389930309092758,69.6225200315821
131,CAL_CURRENT_SRM,95.60074136141397,96.89404857986185,111.20865696469792,-108.78271761881956,15.588163016846174,-0.5108188116092409,0.9567247535630361,-0.8028809472945354,0.7812433240760533,0,0.0,0.435997479954818,1.3109040299586923,1.0221151944652307,0.16935118676124084,0.5029828907023486
131,CAL_ZERO_COMP_ERROR_SRM,93.80105976722241,95.63927894694002,108.79603645025831,-109.18491885952201,15.289212585917344,-1.0,1.4291599908445867,-1.5945067521171914,1.5661707484550247,1,0.0,0.5094185597049558,1.7635276822293235,1.0291855796557892,0.2935653297594096,0.729193444950134
131,ORACLE_SRM,96.98956755567275,97.26345005314742,123.27531527751344,-122.7426642682837,15.818865042470557,0.0,0.0,0.0,0.0,0,0.0,4.348309318354037e-12,7.275957614183426e-12,1.0000000000000002,0.0,0.0
132,NOMINAL_SRM,59.54848466311708,77.75297378031836,66.1457606593038,-66.00671017601954,9.599416056996194,-1.0,1.4977874080629903,-62.83675649281287,62.83587145603806,742,0.0,25.075597585281482,49.67133200907119,1.000099136493909,9.023754157008302,21.368775738851582
132,CAL_CURRENT_SRM,95.06850194176984,96.18795599170555,112.96761318941782,-111.74503715992185,15.499751153117913,-0.5068666646320994,0.9725333414716024,-0.9628437147129734,0.9491103854487747,0,0.0,0.45596688897955223,1.4895531026586468,1.0139269503435198,0.20327495283656422,0.6170679670957782
132,CAL_ZERO_COMP_ERROR_SRM,92.28201209278649,95.4726369639976,100.78702637197183,-100.44742087575429,15.03687908518048,-1.0,0.9727473868925001,-1.637079423208953,1.515907530327316,5,0.0,0.6214180272627237,2.2290686730084417,1.0138152753110157,0.23262515678990334,0.6135130425576136
132,ORACLE_SRM,97.16536847939516,97.41172943333054,122.87656218870707,-128.817927207558,15.848067853720126,0.0,0.0,0.0,0.0,0,0.0,4.348309318354037e-12,7.275957614183426e-12,1.0000000000000002,0.0,0.0
133,NOMINAL_SRM,58.88119361326574,81.6653700890578,63.68205920554829,-60.53393181278069,9.488570367652116,-1.0,4.9961546678060245,-66.25186925870541,66.25122837000642,798,0.0,29.71940870136755,53.793796458750876,0.999987424276551,12.284406474137695,45.604031461811246
133,CAL_CURRENT_SRM,95.48023053374999,96.72962822751305,111.9192216981733,-110.55229819914173,15.568144606935215,-0.5050278477149615,0.9798886091401542,-1.0119935912108033,1.0019378957808804,0,0.0,0.4435214249875662,1.4635475589857379,1.0101647327095875,0.2017237414687175,0.5622016353571873
133,CAL_ZERO_COMP_ERROR_SRM,93.91568887773083,95.56482004764348,110.85782168489375,-108.56294821347484,15.30825396640047,-1.0,0.9966429639576402,-1.2172307504501265,1.215552232428946,80,0.0,0.5012670235373751,1.5212760211252316,1.0016900579938812,0.19389903718305943,0.36824132542130883
133,ORACLE_SRM,97.16700077172312,97.57918518719487,123.69253486283803,-127.85252396015983,15.848338998625104,0.0,0.0,0.0,0.0,0,0.0,4.348309318354037e-12,7.275957614183426e-12,1.0000000000000002,0.0,0.0
134,NOMINAL_SRM,56.93881674625325,78.15368097110466,60.27834854542763,-59.54173660404601,9.165916403032103,-1.0,2.9970702230903044,-71.79482406079288,71.79409161656545,1035,0.0,31.93553059042212,64.62878460092179,1.000119515541882,13.135161605379535,46.30111212435986
134,CAL_CURRENT_SRM,95.82832388946103,96.70211858195108,117.31362306954885,-114.60611061493255,15.62596742349851,-0.507164110780499,0.971343556878004,-1.1825131609063808,1.1681849393453847,0,0.0,0.43595066429507534,1.276099965056801,1.0145506115972998,0.19881677706195822,0.5409366507226565
134,CAL_ZERO_COMP_ERROR_SRM,92.29608344977427,95.10242217339028,103.20760131094225,-102.19603339158215,15.039216519896058,-1.0,1.458647419660024,-1.758751182592336,1.7422101504563399,8,0.0,0.6125615696811788,2.0429662629103404,1.016836888060749,0.29676498838503096,0.6140628447318761
134,ORACLE_SRM,97.16946783606443,97.54174480672728,121.01194684543813,-126.44492508878555,15.84874880997748,0.0,0.0,0.0,0.0,0,0.0,4.348309318354037e-12,7.275957614183426e-12,1.0000000000000002,0.0,0.0
135,NOMINAL_SRM,60.67558504545961,80.10323402898089,67.68858009178206,-66.67420900143478,9.786642034129505,-1.0,3.5012019872856452,-47.49858432608849,47.998984988517186,675,0.013427734375,21.633529656907236,45.91921783726502,0.9998355866868118,8.902876640035624,32.14925717303413
135,CAL_CURRENT_SRM,95.2491716346198,96.48988672387975,111.15511493984727,-110.18614957745447,15.52976273000329,-0.5079728389410239,0.9681086442359044,-0.9841306172274357,0.9681849393453879,0,0.0,0.4573149000346145,1.3942600135233079,1.0162105594087127,0.19945740401615325,0.5365426457291278
135,CAL_ZERO_COMP_ERROR_SRM,93.18172504475379,95.09978288542445,105.30217069515957,-103.87276887720961,15.18633306391259,-0.5079805902279733,0.968077639088107,-1.4363536484878079,1.4203924680318614,0,0.0,0.5491553337164464,1.963193444028093,1.0162190468343997,0.19624552950475188,0.5242590380696619
135,ORACLE_SRM,97.08974362553661,97.31121345955248,123.5263050191301,-124.90620514122489,15.83550558563731,0.0,0.0,0.0,0.0,0,0.0,4.348309318354037e-12,7.275957614183426e-12,1.0000000000000002,0.0,0.0
136,NOMINAL_SRM,55.29968148016765,77.39460080165904,58.996359997026275,-57.65841351784937,8.893634797370042,-1.0,4.006531853289228,-100.75348556498692,101.2554451209737,1515,0.031982421875,44.07613607559686,99.18267280179634,0.9981431064000246,19.220877690194175,56.95011273689306
136,CAL_CURRENT_SRM,95.71534937308051,96.5875875502097,116.87783599285615,-116.50365420368472,15.607200892538291,-0.5109866634113589,0.9560533463545642,-0.8432264168218022,0.7750785851619008,0,0.0,0.4298354629869447,1.3273382050174405,1.0224683291231393,0.1974729335110266,0.5293627525508171
136,CAL_ZERO_COMP_ERROR_SRM,91.90507537417935,95.08904063720082,102.94853303379725,-101.11036300841882,14.974265012322151,-1.0,0.9535820553902494,-1.92185854886698,1.8986495765621223,3,0.0,0.6397604839833678,2.198759850072747,1.023770102975488,0.2979091865645893,0.6418716773160327
136,ORACLE_SRM,97.12476135846381,97.33124551120324,123.4466092203215,-122.87278199364584,15.841322484794654,0.0,0.0,0.0,0.0,0,0.0,4.348309318354037e-12,7.275957614183426e-12,1.0000000000000002,0.0,0.0
137,NOMINAL_SRM,55.70641049782275,78.2189070592498,58.75990686032348,-57.36370353234361,8.961197757113414,-1.0,6.992675557725762,-86.51060518204291,86.50968962675863,935,0.0,41.24076686982999,85.22732661888995,1.001512017510176,17.542477411445326,59.7009279774029
137,CAL_CURRENT_SRM,95.1445345499919,96.25274439987813,112.43948253575294,-111.29295844280746,15.512381154483705,-0.5048829615161596,0.9804681539353617,-0.9872432630390324,0.9774773400067134,0,0.0,0.44897507634796163,1.416859567307256,1.009870610469136,0.1973484766632974,0.5739485306858789
137,CAL_ZERO_COMP_ERROR_SRM,91.54262002599468,94.07514097167449,106.44588674877555,-105.49501763188724,14.91405648272337,-0.5084611276417181,1.4576943617914093,-1.7247425040054933,1.707820248722057,0,0.0,0.6575652538798609,2.2234406432889955,1.017214430257392,0.4210854089693798,1.0496307623891425
137,ORACLE_SRM,97.07544919300074,97.24257668851145,122.5478547450679,-125.6721173824186,15.833131095182846,0.0,0.0,0.0,0.0,0,0.0,4.348309318354037e-12,7.275957614183426e-12,1.0000000000000002,0.0,0.0
138,NOMINAL_SRM,54.553881497049574,77.72357149385039,57.74526357138798,-56.13586856847617,8.76974775698498,-1.0,1.9977569237811852,-111.57196917677702,111.57122148470411,765,0.0,46.85833156250836,95.81218491263189,0.998370381905413,23.03951473560744,68.1529551614185
138,CAL_CURRENT_SRM,94.9075911940831,96.54162116415557,107.52667826515507,-107.32508254197359,15.47302179303706,-0.5106126497291523,0.9575494010833907,-1.1380941481651028,1.116868848706798,0,0.0,0.4638649111095019,1.4611039948013058,1.0216942663149622,0.2270354361322818,0.5512305945322566
138,CAL_ZERO_COMP_ERROR_SRM,93.8178723333734,95.7239124404087,108.05384574946973,-106.3993610594158,15.292005370992259,-0.5127183947508964,0.9491264209964143,-1.2805981536583506,1.2032501716639965,0,0.0,0.5098548516562318,1.6492338430834934,1.0260923400352162,0.21493198872364097,0.6920221694667106
138,ORACLE_SRM,97.23754280066133,97.49246763266859,122.55665531796322,-127.0823849530498,15.86005694363145,0.0,0.0,0.0,0.0,0,0.0,4.348309318354037e-12,7.275957614183426e-12,1.0000000000000002,0.0,0.0
139,NOMINAL_SRM,49.759263820854926,73.2025939879565,52.73510282151,-51.81410311423909,7.973299638015769,-1.0,3.4956740672922866,-150.56438544289114,150.5634241245119,1345,0.0,84.23755973472448,147.5958371695706,1.000780906874753,34.0443275324186,113.07110989643843
139,CAL_CURRENT_SRM,95.16846053852957,96.31839423733398,112.16931182000931,-109.4458522259071,15.516355571184315,-0.5056306649983215,0.977477340006714,-1.0630512405774104,1.0517899105807675,0,0.0,0.45980996123983336,1.4971873174845314,1.01140058428318,0.2001245181501322,0.5999056907791029
139,CAL_ZERO_COMP_ERROR_SRM,93.13601195866063,95.20904902137326,105.71892667249465,-103.16791030260197,15.178739528016717,-0.5040589617603076,1.479705191198462,-1.5922879726554156,1.5841700491347999,0,0.0,0.5593836402935227,1.9804426973614682,1.0081954280073493,0.22280747704226755,0.4973564299492139
139,ORACLE_SRM,97.13676625321911,97.37734396636745,123.56997996667788,-123.90658990408551,15.843316653358656,0.0,0.0,0.0,0.0,0,0.0,4.348309318354037e-12,7.275957614183426e-12,1.0000000000000002,0.0,0.0
140,NOMINAL_SRM,61.6617903484395,83.95210294365177,67.16533639619334,-65.47205764254596,9.950463513029819,-1.0,5.002656285779711,-42.17557438363523,42.17601709793182,369,0.0179443359375,19.956776911817766,40.3803725104226,0.9989897745692782,9.478031905068804,33.73633068843992
140,CAL_CURRENT_SRM,94.76494165889164,95.89470278480601,113.3362428861763,-119.16413415318019,15.449325856958746,-1.0,0.9725028229621266,-1.5159916989654245,1.5159916989654247,2,0.0,0.46405431853719054,1.3243932976511132,1.0139636517795099,0.2226205836875851,0.6289494760973753
140,CAL_ZERO_COMP_ERROR_SRM,93.34231904228497,94.7882859677548,105.02322923460994,-104.33952035090078,15.213009807688534,-1.0,0.9707022309030429,-1.7496414075137496,1.7349925229652647,12,0.0,0.5370461404511708,1.7980188264591561,1.0148859477272119,0.23129102854191502,0.6584745920627029
140,ORACLE_SRM,97.14533731755782,97.52469246164569,123.90523489551344,-122.99162305969631,15.844740418198974,0.0,0.0,0.0,0.0,0,0.0,4.348309318354037e-12,7.275957614183426e-12,1.0000000000000002,0.0,0.0
141,NOMINAL_SRM,68.14527190600496,84.80729500853657,74.44027340224552,-76.9280508499364,11.027453804984214,-1.0,1.5002289097790258,-29.032993529483846,29.03308509339546,473,0.0054931640625,9.624647131101895,21.253450805019384,1.0003978848618693,4.386995293755879,14.803747166932226
141,CAL_CURRENT_SRM,95.11755593949474,96.14263724615567,112.31801031813168,-110.87029557057669,15.507899657723378,-0.5107272560808129,0.9570909756767481,-1.1421552171391913,1.1207007049775652,0,0.0,0.4503898459751028,1.392414636178728,1.0219353351855334,0.20245295085852114,0.6291428869475624
141,CAL_ZERO_COMP_ERROR_SRM,94.1876993373934,95.86150739507761,107.91341015078261,-107.19270928778843,15.353438428138439,-0.5092851148241399,1.4535744258793009,-1.4451209277485315,1.3601586938277261,0,0.0,0.48543285528126034,1.5400313084173831,1.018935434533361,0.3250697262647521,0.9489027865197386
141,ORACLE_SRM,97.24517553514616,97.76220473518164,122.49188089954644,-125.98262441764686,15.861324839725276,0.0,0.0,0.0,0.0,0,0.0,4.348309318354037e-12,7.275957614183426e-12,1.0000000000000002,0.0,0.0
142,NOMINAL_SRM,55.071240814679136,74.99981150143684,57.26602848294406,-56.84034464540774,8.855687842969957,-1.0,1.9981231403067063,-92.35304798961924,92.35242236972152,1526,0.0,43.500976699330174,93.35251700150548,1.0008641221015282,18.487173858525228,56.19791189553143
142,CAL_CURRENT_SRM,95.39449010194845,96.34925327697158,112.99434282765951,-111.54737594771832,15.55390201029044,-0.5061952574236275,0.9752189703054901,-1.0478530228583636,1.0041657765434735,0,0.0,0.4512286086780822,1.3755934350992902,1.0125566415668188,0.19310221964871235,0.5549626750898504
142,CAL_ZERO_COMP_ERROR_SRM,92.2581091857446,94.97079996776145,104.60188836919862,-103.53279741871683,15.032908502615383,-1.0,0.9828793774319067,-1.6715953307392997,1.663035019455253,16,0.0,0.6223467434343138,1.9606859271261783,1.0086485240206013,0.28104530833951136,0.5453611864763843
142,ORACLE_SRM,97.17401586294478,97.55542543094649,123.1797321734467,-126.67609621769131,15.849504296170231,0.0,0.0,0.0,0.0,0,0.0,4.348309318354037e-12,7.275957614183426e-12,1.0000000000000002,0.0,0.0
143,NOMINAL_SRM,61.615761454452056,79.16017065174168,66.21892482089086,-64.59253779177915,9.942817517350841,-1.0,1.999176000244148,-54.948881496627706,54.94860683004242,1657,0.0,21.843769996394208,54.82879474488618,1.0011486042194493,10.386633638615976,26.039921625491843
143,CAL_CURRENT_SRM,95.15062495860754,96.32038513548736,114.14737572006777,-114.39482027591558,15.513392850267033,-1.0,0.9512924588763088,-1.0304422132023066,1.006088442640461,2,0.0,0.45220179913374264,1.4789537144642964,1.024966304977647,0.22247454852632553,0.6275320804361257
143,CAL_ZERO_COMP_ERROR_SRM,91.61867874425575,95.23537822253239,105.61465472352275,-103.66575158452977,14.926690821304941,-1.0,1.4291207617419968,-1.7354350413525836,1.666219061861016,19,0.0,0.6499779837392614,2.1361664845535415,1.0291889226431021,0.3554116755044814,0.7995242807684804
143,ORACLE_SRM,97.17272029057432,97.34536695101498,123.53076568907525,-123.90099495463708,15.84928908481301,0.0,0.0,0.0,0.0,0,0.0,4.348309318354037e-12,7.275957614183426e-12,1.0000000000000002,0.0,0.0
144,NOMINAL_SRM,59.09826864591422,78.17065967926376,65.7443844589769,-64.80842009112077,9.52462934317512,-1.0,6.997192339971007,-43.66179903868227,43.66144808117863,1199,0.0,24.950541912061727,43.74129005327313,1.000335137206763,10.97530196724557,36.44958903908082
144,CAL_CURRENT_SRM,95.43824260695587,96.38827360335164,113.25359575679425,-121.64785669421518,15.561169868265095,-0.5096665903715571,0.9613336385137712,-0.9401235980773632,0.920790417334249,0,0.0,0.44693987988867456,1.3586858806811506,1.0197086984268229,0.2122841393628633,0.5821270497097188
144,CAL_ZERO_COMP_ERROR_SRM,94.49809634174662,95.85423014465924,109.85450385575012,-111.21401071918237,15.404999392316714,-0.5090487380596331,0.9638050477614672,-1.2113101596118039,1.1932126834925378,0,0.0,0.48881927776544665,1.5920403363259084,1.0184413163368575,0.19238315203750853,0.5415114001767307
144,ORACLE_SRM,97.14252122498988,97.64364576358093,123.04860405952093,-125.50161870980014,15.84427262873586,0.0,0.0,0.0,0.0,0,0.0,4.348309318354037e-12,7.275957614183426e-12,1.0000000000000002,0.0,0.0
145,NOMINAL_SRM,56.11946883373342,78.07921365400637,60.9812575579751,-59.522866834566074,9.029812098626815,-1.0,7.005863848761567,-78.1885441163014,78.16582170235029,918,0.0235595703125,34.86615106241878,58.307086221801,1.000272641320431,15.852365010723522,60.944650696188546
145,CAL_CURRENT_SRM,94.80322605769877,96.47216179764646,108.70311337839851,-119.48983063919384,15.455685391644314,-0.5064699240089114,0.9741203039643545,-0.956266975920896,0.9433271279030732,0,0.0,0.47313889041982754,1.4188787668854275,1.0131140970491301,0.18410363662385382,0.48018389692349217
145,CAL_ZERO_COMP_ERROR_SRM,92.2933684073979,95.36329935018011,103.31473388910409,-102.28770960815706,15.038765516179055,-0.5082705160679952,0.9669179357280193,-1.4046906949064362,1.388149662770448,0,0.0,0.592238468166614,1.910492889554007,1.0168210669672577,0.22976305617210646,0.5987591410199329
145,ORACLE_SRM,97.10589163059252,97.62946667394552,123.02468077183313,-125.00481148963439,15.838187978503742,0.0,0.0,0.0,0.0,0,0.0,4.348309318354037e-12,7.275957614183426e-12,1.0000000000000002,0.0,0.0
146,NOMINAL_SRM,58.59326180363003,79.41521321860694,63.9795760067586,-62.17297409756033,9.440741163393694,-1.0,2.995788509956512,-74.39848935683078,74.39743648431998,1137,0.0,29.676172369999474,59.94287945665019,1.0001233575474977,12.900826668600782,38.868508717027
146,CAL_CURRENT_SRM,94.79745821777885,96.59491530677563,107.6267949826605,-104.45201069381997,15.454727278700807,-0.5104563245313538,0.958174701874585,-0.7590505764139504,1.2276816028198885,0,0.0,0.4551534058940824,1.5826758451466958,1.0213560827174284,0.2394062058363656,0.6063622580688843
146,CAL_ZERO_COMP_ERROR_SRM,94.89620610136006,96.11202689900742,111.00370361552164,-107.81344760015686,15.471130581621274,-0.5092545967803463,0.9629816128786144,-1.2012664988174266,1.1827573052567337,0,0.0,0.4500352838130968,1.4929318609065376,1.0188459087736146,0.20195163116324905,0.467932835251645
146,ORACLE_SRM,97.23874452275837,97.6778885024458,122.6170772369122,-125.32164319256422,15.860256565242254,0.0,0.0,0.0,0.0,0,0.0,4.348309318354037e-12,7.275957614183426e-12,1.0000000000000002,0.0,0.0
147,NOMINAL_SRM,50.94250151840689,73.49521197630816,53.597086798884774,-52.494184773269765,8.16985075056593,-1.0,2.0007784239205093,-132.90694018346665,132.9071996581069,949,0.01318359375,73.23072494124868,127.5380462221201,0.9991643814745576,29.787429103028668,106.65718702743834
147,CAL_CURRENT_SRM,94.7408523493681,96.19910575636834,107.82898330483303,-107.37000124590809,15.445324310526262,-0.5041352580339977,0.9834589678640093,-1.1869258705404828,1.178655354472487,0,0.0,0.47112054181511465,1.5382050023381453,1.0083480896539572,0.20799241423650888,0.5720278421389047
147,CAL_ZERO_COMP_ERROR_SRM,94.05258712302631,96.57408196874016,103.63997953689244,-100.62930875348479,15.33099453870869,-1.0,0.9940794091616567,-1.2434766685995058,1.240516373180334,6,0.0,0.5241663778781511,1.7045113816589037,1.0029803414974512,0.20630653932722828,0.4607098412452615
147,ORACLE_SRM,97.14938915045573,97.61328062282976,123.08029559329162,-125.57777904370616,15.845413480142149,0.0,0.0,0.0,0.0,0,0.0,4.348309318354037e-12,7.275957614183426e-12,1.0000000000000002,0.0,0.0
148,NOMINAL_SRM,57.688826559459756,78.29665709834988,61.82612606631618,-60.691152750476334,9.290502750740824,-1.0,1.4992370372631,-73.37646107364117,73.3761558885464,672,0.0,31.80021798140538,71.17462115974877,1.001062472041057,13.982456477392837,39.259867185128314
148,CAL_CURRENT_SRM,95.65594631693573,96.42725412815574,112.6011877869656,-111.58123058780836,15.597333275238492,-0.5042801556420233,0.9828793774319067,-0.8326848249027238,0.8241245136186771,0,0.0,0.43096510669211424,1.2462358100347046,1.0086282957566437,0.18070042523592988,0.5142296611269721
148,CAL_ZERO_COMP_ERROR_SRM,93.32065422888388,95.92151233428005,110.80472910338926,-110.2547828809419,15.209411001475727,-0.5011749626148259,0.9953001495406963,-1.301431318094401,1.2516556291390681,0,0.0,0.5412792803922075,1.6102492642967263,1.0023636722421034,0.15077047782806174,0.3839262676223143
148,ORACLE_SRM,97.24468411762415,97.64915920654376,124.62651087227214,-124.00209958218126,15.861243208907666,0.0,0.0,0.0,0.0,0,0.0,4.348309318354037e-12,7.275957614183426e-12,1.0000000000000002,0.0,0.0
149,NOMINAL_SRM,55.067405361249584,74.29034064874192,59.046677063913876,-58.41658731800352,8.855050724460066,-1.0,3.004674788985219,-112.74456708550774,113.24632013137726,1367,0.0301513671875,44.81271825560085,96.7497882273874,0.9998176018474882,19.07581229235607,52.26663052820004
149,CAL_CURRENT_SRM,95.51037498854208,96.3026467777039,112.89368321329938,-110.46381599419624,15.573151991452173,-0.5048371837519455,0.9806512649922179,-1.1100192266609679,1.1003448591570768,0,0.0,0.439392004458894,1.3346633364817535,1.009780518869063,0.21170629039312217,0.5340545690366092
149,CAL_ZERO_COMP_ERROR_SRM,92.38013924250913,95.06431059134194,105.44723916563166,-109.70272409929055,15.053179276164308,-0.5081026642658772,0.967589342936491,-1.5925778984954375,1.576372569963683,0,0.0,0.5939405137639742,1.8388683280554687,1.0164743257921283,0.2779091167448968,0.7481704460876593
149,ORACLE_SRM,97.00063046575445,97.3792513158345,122.89352889452816,-125.52707481985605,15.820702735175159,0.0,0.0,0.0,0.0,0,0.0,4.348309318354037e-12,7.275957614183426e-12,1.0000000000000002,0.0,0.0
150,NOMINAL_SRM,55.11767590384938,75.6756369161993,58.32652336741856,-56.70192027744899,8.863401312931792,-1.0,2.003001443442266,-106.00504822931062,106.50654895103163,1843,0.0277099609375,45.82619383511244,84.19509446969823,1.0002802737071868,18.681879815448834,69.66690265105717
150,CAL_CURRENT_SRM,95.66538897156518,96.47475515855666,121.00604604327057,-123.89092720707212,15.598901822519133,-0.5046998504593035,0.9812005981627858,-0.8314462721640675,0.8220465712454604,0,0.0,0.43675611043213397,1.2609287434643193,1.0094925325190622,0.17274395644344503,0.5367456990675343
150,CAL_ZERO_COMP_ERROR_SRM,91.53576400229522,94.79739565201639,99.3167512365453,-98.48032013151916,14.912917608354688,-1.0,1.456855115587091,-1.8387731746395006,1.821515220874333,7,0.0,0.6494267845778977,2.430654704608969,1.0175568122071985,0.3211002011689936,0.7949536809687991
150,ORACLE_SRM,97.12356945249466,97.44001340391895,122.81895846978833,-124.9016637423895,15.841124493769877,0.0,0.0,0.0,0.0,0,0.0,4.348309318354037e-12,7.275957614183426e-12,1.0000000000000002,0.0,0.0
151,NOMINAL_SRM,60.263156317023046,80.3546280081281,67.12004970665153,-65.53262029564566,9.718132278575258,-1.0,3.5014424618014743,-67.54065605300124,67.54097660006823,830,0.0150146484375,23.788936090088317,46.17674629994326,1.0009296933309157,10.914758427948698,37.68074057412741
151,CAL_CURRENT_SRM,95.00092730702612,96.14392339909477,112.23482356078974,-119.55202768545954,15.488526130735236,-0.506660563057908,0.9733577477683681,-1.264179446097505,1.2508583199816892,0,0.0,0.4598912107857316,1.402057504052209,1.0135165335206155,0.20218883550175912,0.49504121024699543
151,CAL_ZERO_COMP_ERROR_SRM,92.6631278341008,95.24825883456272,103.54835425283218,-108.2784618953259,15.100187347857277,-1.0,1.4579232471198598,-1.618783855954843,1.601953154802801,3,0.0,0.5906758543157904,2.1560076555661,1.0171229278967515,0.28885720691963795,0.6103663953314253
151,ORACLE_SRM,97.08727438394574,97.32541085354185,121.80693440081004,-126.06396275867219,15.835095412615571,0.0,0.0,0.0,0.0,0,0.0,4.348309318354037e-12,7.275957614183426e-12,1.0000000000000002,0.0,0.0
152,NOMINAL_SRM,60.14663783841317,76.69003031138043,68.16424896490508,-67.19116078061167,9.698777049570294,-1.0,1.498512245365072,-44.50803387502661,44.50743877317271,1597,0.0,22.49357831335102,41.88145156613609,1.0008926549394332,9.864132238497483,32.47616694904991
152,CAL_CURRENT_SRM,95.38511926508691,96.76885808281267,113.53096162016683,-109.4439061553456,15.552345392871581,-0.5033455660758837,0.9866177356964654,-1.5502063798457302,1.0468608137698465,0,0.0,0.45210383952643024,1.5018634387497514,1.006748141350925,0.18347998318679373,0.48582024086309517
152,CAL_ZERO_COMP_ERROR_SRM,91.9453990857094,95.21232642825326,104.80827010003054,-100.68687977850088,14.980963303273986,-1.0,0.9761345255897702,-2.3470259712515804,2.335093234046456,24,0.0,0.6029680632836841,2.2284758081495966,1.0121074702800754,0.24239647194991243,0.6572930149657772
152,ORACLE_SRM,97.00915311073078,97.30350177017117,122.09144148915445,-123.25179480453515,15.822118456932023,0.0,0.0,0.0,0.0,0,0.0,4.348309318354037e-12,7.275957614183426e-12,1.0000000000000002,0.0,0.0
153,NOMINAL_SRM,55.524406260798564,76.27033311410126,60.352150805560456,-58.67780774011405,8.930964495149263,-1.0,2.9976805932798243,-84.34540849024934,84.3448286385693,613,0.0,37.4236188414424,76.40204766442366,1.0015464419311975,15.860201919836493,51.016758996503995
153,CAL_CURRENT_SRM,95.41024530354144,96.45017742231812,114.6351619013489,-114.02439385692679,15.5565191534122,-0.5041505172887357,0.9833979308450573,-0.8007141331217384,0.7924130985442672,0,0.0,0.44769680762986686,1.284024966793595,1.0083715278075973,0.19341751606904983,0.6022161699555859
153,CAL_ZERO_COMP_ERROR_SRM,92.7215643805201,95.09238492688185,103.50234869128307,-102.63906725953635,15.109894415368789,-0.5049439985351116,1.475280007324442,-1.584368419446418,1.5744804223761948,0,0.0,0.5822565653670806,1.8520078011256373,1.009997129399988,0.296783771999122,0.6542361629058568
153,ORACLE_SRM,97.21995734600986,97.4239345955928,122.48230651788086,-123.7923203451583,15.857135771762437,0.0,0.0,0.0,0.0,0,0.0,4.348309318354037e-12,7.275957614183426e-12,1.0000000000000002,0.0,0.0
154,NOMINAL_SRM,54.99127541033401,77.80408508920912,58.725967868621886,-55.84339789149609,8.842404553211631,-1.0,1.9994048981460288,-77.7590905623139,77.75889219502928,785,0.0,47.33360995821185,75.67964250892146,0.9995150385309296,20.283356600211263,79.21805027625305
154,CAL_CURRENT_SRM,95.48751419964866,96.56894329884751,113.47730775817695,-110.60171831850931,15.569354518214062,-0.5043106736858167,0.9827573052567331,-0.9538414587624934,0.9452201113908599,0,0.0,0.44357063807209934,1.3630642235439154,1.0086908106545809,0.17561091731845646,0.550578182973922
154,CAL_ZERO_COMP_ERROR_SRM,93.78619579050692,95.29992296975549,110.5406100372109,-108.57022990902072,15.28674348679517,-0.5066262808139224,0.9734948767443103,-1.7360855732476739,1.229459292433756,0,0.0,0.5035835121202834,1.638528048729313,1.0134410428840788,0.34004227632232503,0.9075109968185302
154,ORACLE_SRM,97.14837830661017,97.57061256530923,122.43398305821086,-123.31824863674575,15.845245565882088,0.0,0.0,0.0,0.0,0,0.0,4.348309318354037e-12,7.275957614183426e-12,1.0000000000000002,0.0,0.0
155,NOMINAL_SRM,59.7274215627274,79.43365966400265,64.24454029926369,-61.08440097541607,9.62913979447299,-1.0,5.999145481734672,-58.217947935422835,58.21782586138493,1571,0.0,27.825180093808065,57.28207408647995,1.0007637022799194,12.052612773320323,42.804243284572294
155,CAL_CURRENT_SRM,94.0103880771137,95.88682615042168,108.98623155445227,-107.82350114663947,15.323984730417559,-1.0,0.9635919737544822,-1.3854428931105398,1.3672388799877822,4,0.0,0.5010209160916839,1.583979272502802,1.0185538293259455,0.27041660229918557,0.6834123030300248
155,CAL_ZERO_COMP_ERROR_SRM,91.87922101588273,94.29693257832201,103.19331534933258,-102.10996028216681,14.96997026841906,-1.0,1.4521622363963744,-1.9288308359019748,1.6823633533738214,17,0.0,0.6100161209711351,2.3715247735890443,1.0195229902382403,0.43892308388320034,1.3075985993710901
155,ORACLE_SRM,97.2095984624343,97.75787433447297,121.94374278523965,-124.40525509297237,15.855415026982442,0.0,0.0,0.0,0.0,0,0.0,4.348309318354037e-12,7.275957614183426e-12,1.0000000000000002,0.0,0.0
156,NOMINAL_SRM,52.13254332625312,76.48550301158554,55.27982621531359,-52.97723742541688,8.367532113995535,-1.0,1.9981688894314402,-108.46905423139134,108.46844386120182,1206,0.0,66.12860361680492,100.19495981826549,1.0014130048532828,27.539488484269928,106.92067444817076
156,CAL_CURRENT_SRM,95.14325329668986,96.56658236346502,106.74364893467671,-106.50201662853158,15.51216832170928,-0.5122453650720988,0.9510185397116044,-1.0002288853284496,0.9757381551842524,0,0.0,0.45280046629432924,1.4862511593364616,1.0251097817200403,0.1616748280268675,0.42974401077027125
156,CAL_ZERO_COMP_ERROR_SRM,91.26682847829676,95.51639526010804,100.20933025824294,-99.45661506662022,14.868243933271888,-1.0,0.9488212405584802,-2.2074158846418794,2.181826504921099,3,0.0,0.689337371058311,2.3818539957555913,1.0262428189277326,0.2592301673603297,0.5057635638459033
156,ORACLE_SRM,97.22800197813156,97.58603707872612,122.97361058329722,-125.10150592358214,15.858472089390625,0.0,0.0,0.0,0.0,0,0.0,4.348309318354037e-12,7.275957614183426e-12,1.0000000000000002,0.0,0.0
157,NOMINAL_SRM,61.01799154824715,81.98480229791315,64.29230451957159,-62.11573533757058,9.843520190738731,-1.0,3.5002746833511367,-44.93833358766977,44.938394628414464,854,0.0028076171875,23.136095183247654,40.870964587576964,0.9994450961091031,9.88082156960816,37.11777892331884
157,CAL_CURRENT_SRM,94.84776908628227,96.37698990191919,110.98457977067353,-108.12141119432994,15.46308456582762,-0.5016556038757916,0.9933775844968336,-1.020096131837949,1.0167849240863656,0,0.0,0.46413386142582147,1.503278926236817,1.0033192285652213,0.21275680968846317,0.5306696578431556
157,CAL_ZERO_COMP_ERROR_SRM,90.7880404860339,95.34293189230253,99.40735785202273,-96.36562093987855,14.788711044191679,-1.0,1.468031861323893,-2.0104373302406855,1.8634907071138629,3,0.0,0.6773090661213893,2.118765608202011,1.0129350238866086,0.3497717928695738,0.8386199650249395
157,ORACLE_SRM,97.03648670590039,97.24125938619368,123.37391452231842,-123.27329317705153,15.826658921245912,0.0,0.0,0.0,0.0,0,0.0,4.348309318354037e-12,7.275957614183426e-12,1.0000000000000002,0.0,0.0
158,NOMINAL_SRM,61.37337568429934,79.1619793814335,66.31350439595889,-64.58223646443416,9.902554100381952,-1.0,1.4984359502555886,-50.81379415580406,50.81316853590627,672,0.0,19.830136847926283,40.23071274128233,0.9998777528055204,8.998170497290054,35.35925407692048
158,CAL_CURRENT_SRM,95.82127652920707,96.69154008443314,114.0320858211613,-112.58379523145132,15.624796765649014,-0.5037003128099489,0.9851987487602045,-0.9436942092011902,0.9362935835812924,0,0.0,0.4229333715781547,1.3773212679061544,1.0074615144452803,0.17884191103375607,0.5373841257121832
158,CAL_ZERO_COMP_ERROR_SRM,92.84043834364114,95.42187472772413,105.62801227210423,-103.94226730467706,15.12964092087062,-1.0,0.967406231879635,-1.4479049043244727,1.3964659566026796,19,0.0,0.5823561350037938,1.9337893612714652,1.016560662314192,0.2728404637406109,0.8286790003367237
158,ORACLE_SRM,97.13342407804176,97.49431051334183,123.50335139927591,-127.57062085605091,15.842761474757767,0.0,0.0,0.0,0.0,0,0.0,4.348309318354037e-12,7.275957614183426e-12,1.0000000000000002,0.0,0.0
159,NOMINAL_SRM,58.99327204544661,80.41971316613329,61.6201031238029,-59.993250972452714,9.507188047416381,-1.0,4.997894254978255,-56.72242313268416,56.722072175180536,897,0.0,29.66189690389994,51.643054599435345,0.9999710605431502,12.38534330553637,47.381856225609226
159,CAL_CURRENT_SRM,95.32820671972041,96.6517288126869,112.8724396114714,-114.38292391733714,15.542891481681131,-0.5016022217474898,0.9935911130100405,-1.0557573168126466,1.0525528733176666,0,0.0,0.4439524115779378,1.3754090809634363,1.0032232612638774,0.16306696493409717,0.47507074569553254
159,CAL_ZERO_COMP_ERROR_SRM,92.00340415531748,95.42129631395072,104.79039925814027,-103.72394595998105,14.990598696896592,-0.5017013809414816,1.4914930952925918,-1.9117112993057335,1.7612420843824126,0,0.0,0.625098872782863,2.206198091976148,1.0033932240215335,0.3171079828755235,0.9157106323415292
159,ORACLE_SRM,97.2571299449875,97.60643926916251,122.76526608753966,-126.95426391172745,15.863310622090946,0.0,0.0,0.0,0.0,0,0.0,4.348309318354037e-12,7.275957614183426e-12,1.0000000000000002,0.0,0.0
160,NOMINAL_SRM,63.12524831793703,80.45746280281318,73.25506689472262,-69.94438872519203,10.193562843511135,-1.0,1.4997138911565666,-52.159297774456135,52.659240552687415,518,0.0,17.022997827532546,37.614095341283246,0.9991504453620152,9.68182657082989,35.30559809661463
160,CAL_CURRENT_SRM,95.66161217416027,96.54977684548656,113.32625444371945,-111.97172493495702,15.598274447534928,-0.5077592126344701,0.9689631494621194,-1.0260471503776607,1.0105287251087207,0,0.0,0.436180740481942,1.3236162215289369,1.0157766488086757,0.2004064557069137,0.5537490761598534
160,CAL_ZERO_COMP_ERROR_SRM,92.41153875723754,95.18381779698717,105.4837495909093,-106.91669484220121,15.058395142398263,-1.0,0.9721671193578905,-2.1136967070528274,2.032166508987701,1,0.0,0.5921475054821009,2.0421925380105677,1.0140822010561477,0.21091481695213013,0.49965608821405283
160,ORACLE_SRM,97.25062667704475,97.6125441004082,123.73755448686033,-124.46984715686304,15.862230345024045,0.0,0.0,0.0,0.0,0,0.0,4.348309318354037e-12,7.275957614183426e-12,1.0000000000000002,0.0,0.0
161,NOMINAL_SRM,63.02408986349818,78.223245560996,70.86165973693957,-70.06027287189468,10.176759113537905,-1.0,3.003176445435387,-59.913029534828254,59.91382364618712,1225,0.024658203125,17.598360542879274,44.14594724948802,1.000009867414123,7.1860791387375045,21.34353355879375
161,CAL_CURRENT_SRM,55.789678259514986,96.28723624965617,64.57104911650998,-60.005967870289226,8.975029611215115,-0.4968367064893584,1.0126531740425664,-1.2320260434261847,1.238352630447468,0,0.0711669921875,9.435879921798023,204.47203245955097,0.9937599484974515,0.1834061982799185,0.5300656518904638
161,CAL_ZERO_COMP_ERROR_SRM,62.703592100609136,94.90993504889899,72.89349982663508,-68.27233006110521,10.123520282493214,-1.0,1.5082672463945621,-1.2912673382528552,1.2846535411372058,2,0.0513916015625,3.636179155777823,107.63764450996678,0.9967159560087077,0.23371791100888137,0.6261190486374772
161,ORACLE_SRM,97.11539221396288,97.65352281666193,123.29302069294693,-127.7500683462446,15.839766148498818,0.0,0.0,0.0,0.0,0,0.0,4.348309318354037e-12,7.275957614183426e-12,1.0000000000000002,0.0,0.0
162,NOMINAL_SRM,59.89497962369889,79.92376224493408,63.018061382130234,-62.549897149525925,9.656973359418421,-1.0,2.998840314335851,-68.00737010756954,68.00708018615344,1665,0.0,24.718868442760648,56.91329305715044,0.9994466903651805,12.169804555737828,29.61155871855135
162,CAL_CURRENT_SRM,94.76612230763125,96.59353334495599,109.37623999285437,-112.69979341591099,15.449521978011836,-0.5141148106326487,0.943540757469405,-1.1705679494613481,1.1423383281960509,0,0.0,0.47534149915569446,1.5474648022209294,1.029059478530135,0.2151601552712978,0.48240337826013047
162,CAL_ZERO_COMP_ERROR_SRM,92.71966268732203,95.05656230123579,107.89487178188865,-110.52209478491172,15.109578519488709,-1.0,1.4239719233997103,-1.451148241397726,1.420737010757614,5,0.0,0.5858473510346502,2.070092134514198,1.031367137923286,0.2675405376729233,0.5132414202646274
162,ORACLE_SRM,97.12249471992189,97.36201210044798,123.89328452477308,-121.40096994233497,15.840945966764433,0.0,0.0,0.0,0.0,0,0.0,4.348309318354037e-12,7.275957614183426e-12,1.0000000000000002,0.0,0.0
163,NOMINAL_SRM,66.82586329836116,83.11351479383544,74.96652821117812,-72.75441706046142,10.808282939927102,-1.0,2.4987716487373155,-27.994232089723077,27.993881132219457,619,0.0,11.318681453843976,25.51032414031215,1.0002257986492318,4.356861430471497,11.328339732320728
163,CAL_CURRENT_SRM,96.09953957593903,96.80724000305182,111.89384274094078,-110.72557104371903,15.671019863112797,-0.511985961699855,0.9520561532005798,-0.858350499732967,0.834378576333257,0,0.0,0.4223093185741197,1.3518656529086002,1.0245524053717145,0.20926796968759456,0.5601055830826525
163,CAL_ZERO_COMP_ERROR_SRM,93.56740575591093,95.59773251734163,106.90592479869473,-108.27909533942831,15.25039962722773,-0.5138325144199958,0.9446699423200171,-1.6717581713309462,1.561471907712032,0,0.0,0.5455300089267975,1.9976046501587916,1.028466284748986,0.2944923068679686,0.6853543729092593
163,ORACLE_SRM,97.02883029172143,97.44897131344585,123.84670149323586,-123.12258477138292,15.825387091648079,0.0,0.0,0.0,0.0,0,0.0,4.348309318354037e-12,7.275957614183426e-12,1.0000000000000002,0.0,0.0
164,NOMINAL_SRM,60.42789315211316,78.46274445122944,67.5588694311031,-67.60425844863008,9.745497201347701,-1.0,1.502749686841221,-56.07873269988732,56.07983257462381,795,0.0291748046875,20.735144264911714,41.81896187451639,0.9994194838342088,8.792562377037703,26.83118366952931
164,CAL_CURRENT_SRM,95.85354861387648,96.72263610077965,115.68257743693786,-114.12466558079956,15.630157577055895,-0.5066453040360113,0.9734187838559549,-0.8791790646219578,0.8658884565499352,0,0.0,0.42680585935164206,1.3173181824786298,1.0134733907121702,0.16889197577295234,0.521940403321377
164,CAL_ZERO_COMP_ERROR_SRM,93.24213895161665,95.98829894735324,108.20835382246516,-104.06669328123556,15.196368596614063,-0.5055466544594491,0.9778133821622037,-1.6349736781872264,1.5094987411307086,0,0.0,0.5357713781800382,1.7685191944128746,1.0112324083750965,0.2743784058736167,0.7019673673132729
164,ORACLE_SRM,97.30511413105049,97.58875276628972,123.88393780352055,-126.32334825900381,15.871281417118022,0.0,0.0,0.0,0.0,0,0.0,4.348309318354037e-12,7.275957614183426e-12,1.0000000000000002,0.0,0.0
165,NOMINAL_SRM,55.74084074510719,77.62001487447529,60.1459401038494,-60.25446191931445,8.966917067293554,-1.0,5.003114503816794,-84.21598473282361,84.2165038167931,1473,0.0196533203125,39.898631555543886,66.00743957686427,1.0008392089737614,17.970311049574928,74.77292094912264
165,CAL_CURRENT_SRM,94.93535030064842,96.14978278507408,109.52031247462868,-107.66864013359212,15.477632940307048,-0.512642099641413,0.9494316014343478,-1.0521400778210126,1.0268558785381867,0,0.0,0.4658757989875116,1.460369511767567,1.025935405748585,0.23144631774650667,0.6598276242220251
165,CAL_ZERO_COMP_ERROR_SRM,92.41468758890295,94.78605185412086,107.43554342377676,-108.85984039486722,15.058918204136702,-1.0,1.4249429681002845,-1.5454843705890697,1.9910808975563337,1,0.0,0.5946980455267883,2.1084484247094224,1.0309693342420743,0.3206338086243282,0.8209240737474133
165,ORACLE_SRM,97.06615880619766,97.42837170259355,123.02802679238097,-124.662119884057,15.831587841561074,0.0,0.0,0.0,0.0,0,0.0,4.348309318354037e-12,7.275957614183426e-12,1.0000000000000002,0.0,0.0
166,NOMINAL_SRM,58.301109542659766,77.39912654179622,63.266754500328275,-62.15923958211273,9.392210887485012,-1.0,1.50108769492638,-76.42887238476457,76.92952500171977,1326,0.0177001953125,31.117298073829428,76.4530726000603,0.999186085834049,14.801436518259724,33.54154269189348
166,CAL_CURRENT_SRM,95.22758524883571,96.13232237771113,120.21577091733492,-120.4766915759177,15.52617695163384,-0.510834070863979,0.9566637165440839,-1.2680135502182064,1.2398297067171233,0,0.0,0.44670259083800123,1.3353667207802573,1.0221673207962794,0.21043645389495869,0.5852542810121477
166,CAL_ZERO_COMP_ERROR_SRM,92.5258661316419,95.58523895611442,105.95709324265701,-111.14597194020617,15.077386400604968,-0.5082322423132677,1.4588387884336615,-1.629266803997864,1.6128023193713283,0,0.0,0.6125162619571934,2.0997531504945073,1.0167492701318612,0.2200129778390917,0.45864326272430844
166,ORACLE_SRM,97.04508883673505,97.33908162025668,124.1907202100564,-123.7225643466586,15.828087846633728,0.0,0.0,0.0,0.0,0,0.0,4.348309318354037e-12,7.275957614183426e-12,1.0000000000000002,0.0,0.0
167,NOMINAL_SRM,64.34389375209867,81.48793068957966,70.93431536929566,-69.52332681322699,10.3959956398835,-1.0,3.4977340352483406,-37.90775921263622,37.907255664913656,698,0.0,16.104669342885636,37.913356957245924,1.000550113300247,7.4738967624266675,22.57722936213031
167,CAL_CURRENT_SRM,94.98138838906362,96.25525189217001,112.73291483275806,-112.11710869827152,15.485280463299606,-0.5065384908827344,0.9738460364690624,-0.9610589761196308,0.947981994354162,0,0.0,0.45729759243632007,1.4557407143192904,1.0132464911913748,0.1911176741176112,0.5004622191262555
167,CAL_ZERO_COMP_ERROR_SRM,91.5904348235139,94.49719976670173,105.90853962935965,-103.59462036572734,14.921999140118588,-1.0,0.9558403906309605,-2.458136873426503,2.413977264057425,3,0.0,0.6564016634719801,2.4449064561231353,1.022548552227525,0.3207028536869109,0.7982415874412325
167,ORACLE_SRM,97.13412503437209,97.51966135357192,123.4897018330482,-124.94703035092586,15.842877912686394,0.0,0.0,0.0,0.0,0,0.0,4.348309318354037e-12,7.275957614183426e-12,1.0000000000000002,0.0,0.0
168,NOMINAL_SRM,57.40998698591922,77.97563386410582,62.03568710214987,-61.52778162947082,9.24418388470419,-1.0,5.005406643757159,-66.01130202367511,66.01220313096796,1181,0.0263671875,34.388973022163846,71.82057761308897,0.9986610814718136,15.158112751518036,48.776953408671034
168,CAL_CURRENT_SRM,95.4224162972007,96.7899399403278,110.69702310179757,-111.99349416803233,15.558540913156262,-0.5066910811017014,0.9732356755931946,-0.8829175249866484,0.8695353627832456,0,0.0,0.4437502030104854,1.4938665051922726,1.0135677647646004,0.1634726492016174,0.41708549049656796
168,CAL_ZERO_COMP_ERROR_SRM,91.93000776490537,95.45025316910277,99.68990232100909,-98.78102694513174,14.978406605466008,-0.5114786867985566,0.9540852528057739,-1.634040085756378,2.010193104395166,0,0.0,0.6233011736022147,2.040626866641105,1.0234774529891892,0.2799393483356658,0.7343800446206501
168,ORACLE_SRM,97.14291647760996,97.42224450560118,122.57156284739023,-126.35306382563931,15.844338285317269,0.0,0.0,0.0,0.0,0,0.0,4.348309318354037e-12,7.275957614183426e-12,1.0000000000000002,0.0,0.0
169,NOMINAL_SRM,58.984084327179154,81.30081363334087,62.24494340161813,-60.9078132350749,9.505661848368632,-1.0,2.9979247413556327,-63.53791924802393,63.53740043336284,754,0.0,26.545425030814556,56.9632905422377,0.9993065504869186,11.740836802341203,34.79681223918669
169,CAL_CURRENT_SRM,95.24752967456112,96.53736456522454,112.24930948152148,-117.50895300322742,15.529489979162978,-0.5090867475394827,0.963653009842069,-1.0784618905928123,1.0602883955138473,0,0.0,0.4551865197219363,1.3888141219385943,1.0185154407581,0.16013364682817446,0.408219492240228
169,CAL_ZERO_COMP_ERROR_SRM,91.53372794062649,95.28923473705902,106.09320744323456,-103.29725967029988,14.912579392130647,-0.5108150793105817,0.9567396827576735,-1.5260591911007433,1.9936139531689943,0,0.0,0.6482554415561619,2.16046905625808,1.0221015335859787,0.33372072072547043,0.6599656192850034
169,ORACLE_SRM,97.11017583136281,97.47805939654369,123.29103771470665,-126.41891803705043,15.838899639761264,0.0,0.0,0.0,0.0,0,0.0,4.348309318354037e-12,7.275957614183426e-12,1.0000000000000002,0.0,0.0
170,NOMINAL_SRM,53.39857722527992,76.86038764218942,55.749388033224236,-55.290120054012775,8.57783674838537,-1.0,4.004734848484849,-97.73721590908971,97.7381628787867,1496,0.027099609375,52.95471218919654,99.43223855400538,0.9998852068405252,21.593135399480737,64.98303636637866
170,CAL_CURRENT_SRM,94.64702733298992,95.72449643316146,115.20197906720401,-112.30099601783851,15.429738759632878,-1.0,0.9354543373769741,-0.9457541771572455,0.9134813458457314,8,0.0,0.4743918701760162,1.4127162306567698,1.0333477947773104,0.22865888155220304,0.6519940212936959
170,CAL_ZERO_COMP_ERROR_SRM,93.02507171021406,94.73423857818538,109.31907950920349,-109.80833905583266,15.16031091531795,-1.0,0.9327687495231556,-1.4781414511329805,1.4445258258945601,6,0.0,0.5521083528275619,1.8911875491467072,1.0347910582967044,0.27418926709280805,0.69824450403555
170,ORACLE_SRM,97.04293799937116,97.40197778581744,123.15447748549651,-124.21685438877839,15.827730564679594,0.0,0.0,0.0,0.0,0,0.0,4.348309318354037e-12,7.275957614183426e-12,1.0000000000000002,0.0,0.0
171,NOMINAL_SRM,60.74304672727096,79.98312343657695,68.46730991777338,-67.64374159841947,9.797848293566606,-1.0,2.5047061699721906,-57.65756501543264,57.658909635424685,828,0.032470703125,23.260692316942173,46.529162715356506,0.9992626975665282,10.040617927715978,34.8808994580977
171,CAL_CURRENT_SRM,95.57367607948385,96.58188540310782,115.99850863612912,-114.58293344208336,15.583667122837848,-0.5117191076387829,0.9531235694448683,-1.0241706595049893,1.0007324442274235,0,0.0,0.4401949657368181,1.3379226559736708,1.0240129682431507,0.18459230922900416,0.533593842212845
171,CAL_ZERO_COMP_ERROR_SRM,93.76453135695203,95.56094748906177,109.66615966167441,-117.55771117704381,15.28314474367974,-0.5126268406195162,0.949492637521935,-1.1998931868467233,1.1746395056076906,0,0.0,0.5311036982414215,1.7224970092133276,1.0259148227286552,0.2922426988443543,0.8376817961049028
171,ORACLE_SRM,97.20515382035877,97.68961306345737,123.1648232439772,-128.68470256336923,15.854676714345311,0.0,0.0,0.0,0.0,0,0.0,4.348309318354037e-12,7.275957614183426e-12,1.0000000000000002,0.0,0.0
172,NOMINAL_SRM,55.4900648201922,75.13226481831438,60.233267090393056,-58.844477750397985,8.925259936909004,-1.0,2.9966124712937456,-95.54527004860371,95.04399972533936,1468,0.0,42.09664948986106,95.85322871878316,1.000709413636109,18.42037694386031,52.366471088462276
172,CAL_CURRENT_SRM,95.33485904684254,96.62611090286448,108.3523936858313,-106.45020192539604,15.54399651940906,-0.5050050355540636,0.9799798577837457,-1.0573442793053984,1.0473342081972714,0,0.0,0.44567125828848003,1.389059450259083,1.0101216024912856,0.1883307365426915,0.4908635685539551
172,CAL_ZERO_COMP_ERROR_SRM,93.93845104264715,96.22496300146834,104.65399997267184,-102.13639692034417,15.31203505691813,-0.5011291848506119,0.9954832605975523,-1.1360972930082114,1.1338389233069877,0,0.0,0.5158593515176009,1.6370107281509263,1.0022584790042324,0.1746424241022983,0.38135529615101404
172,ORACLE_SRM,97.22544573941084,97.40408904475048,122.75866525376217,-124.60732585321587,15.858047465018412,0.0,0.0,0.0,0.0,0,0.0,4.348309318354037e-12,7.275957614183426e-12,1.0000000000000002,0.0,0.0
173,NOMINAL_SRM,64.63787771736153,81.65205759000101,70.90301681911296,-69.7485991577386,10.444830185608229,-1.0,3.001098968190976,-31.387432077660122,31.387706819707887,1078,0.013671875,14.21486661285023,32.19085812846879,0.9998013931024788,5.511500994929318,14.00114438656965
173,CAL_CURRENT_SRM,94.68885045046214,95.97897259034625,111.92283093510817,-116.32131984767533,15.436686121339227,-1.0,0.9548326059755243,-1.1944792016357895,1.1718955046235529,1,0.0,0.4796927601617844,1.464297390795764,1.0231163244008867,0.229071343977989,0.659755750385763
173,CAL_ZERO_COMP_ERROR_SRM,93.0874876425072,95.65584094540868,106.89712721181756,-111.40199141035117,15.170679010383257,-1.0,1.4677078485377928,-1.2638533901990536,1.6754304984397557,1,0.0,0.5602768760968454,1.831386528105213,1.0130995261682476,0.2292942773894417,0.5441548157741636
173,ORACLE_SRM,97.12577435503455,97.51629951194843,123.37035617024111,-126.82062239246432,15.841490756650257,0.0,0.0,0.0,0.0,0,0.0,4.348309318354037e-12,7.275957614183426e-12,1.0000000000000002,0.0,0.0
174,NOMINAL_SRM,59.53768616279601,79.96852475434645,65.37540006964673,-63.34222114789014,9.597622286178739,-1.0,6.005665765641941,-63.917029367296614,63.91783876238834,1029,0.02490234375,27.72953060966962,63.455056756272825,0.998786626590223,12.740288495824682,34.606201677014724
174,CAL_CURRENT_SRM,94.93634951672786,96.12769301484599,114.48499551018762,-112.67825753115821,15.477798923044496,-0.5121080338750286,1.4394598306248572,-1.1601281757839323,1.1359121080338752,0,0.0,0.46760977605905907,1.6721822340150538,1.0248201386344307,0.23178748978845265,0.6730382346307735
174,CAL_ZERO_COMP_ERROR_SRM,92.59251885110173,96.14594335423048,105.15418822645005,-111.09824005898395,15.088458280913908,-0.5066147859922179,0.9735408560311285,-1.6233463035019455,1.6101167315175098,0,0.0,0.5759075863299892,1.7256045357316907,1.0134228449171585,0.2633556765554065,0.7287235344143141
174,ORACLE_SRM,97.08236744444847,97.49831338855886,121.99689444195596,-126.0149284780513,15.834280306386788,0.0,0.0,0.0,0.0,0,0.0,4.348309318354037e-12,7.275957614183426e-12,1.0000000000000002,0.0,0.0
175,NOMINAL_SRM,62.31968542880081,78.82437431215489,67.90668670313472,-66.75451928550385,10.059748410099804,-1.0,3.498008697642481,-51.860456244762986,51.86001373312796,1699,0.0,19.64279176421023,50.67968025878781,1.0007049492177948,8.632600398492015,21.388123433453075
175,CAL_CURRENT_SRM,94.85177161735896,95.99014931991115,111.8426182582927,-116.17758783834549,15.463749438099496,-0.5063706416418707,0.9745174334325171,-0.9968719005111772,0.9841306172274358,0,0.0,0.46238836282023316,1.3486814493953716,1.0129116716738062,0.22615851793114009,0.6098314781336853
175,CAL_ZERO_COMP_ERROR_SRM,92.13564300701519,95.22976642817625,103.60523438904178,-102.72017171920854,15.012565283557342,-1.0,0.968077639088107,-1.5669423505356,1.5509811700796534,2,0.0,0.6097587150936563,2.039011608092551,1.0162163931597745,0.3191555322197318,0.7007757522301858
175,ORACLE_SRM,97.23847389164709,97.52558635120289,122.73562656279977,-127.63056109326385,15.860211609908154,0.0,0.0,0.0,0.0,0,0.0,4.348309318354037e-12,7.275957614183426e-12,1.0000000000000002,0.0,0.0
176,NOMINAL_SRM,57.433913706918716,75.75343824496291,65.7297826365036,-65.33638309553646,9.2481584230762,-1.0,1.9989013336588641,-61.415952024903106,61.415585802789394,1275,0.0,29.882230792470263,53.501972420692255,0.9999397734799438,9.912837373238316,30.934134939830983
176,CAL_CURRENT_SRM,95.35018818026516,96.66314156930135,111.67970918210483,-110.63915084737334,15.546542887087236,-0.5085526817730983,0.9657892729076067,-0.9094834821087969,0.8923781185626002,0,0.0,0.4499090939572519,1.4349622183594875,1.017401180109188,0.18285793767729577,0.518869693973592
176,CAL_ZERO_COMP_ERROR_SRM,94.43361060812812,96.35174705886868,108.15555422777253,-107.43476733676755,15.394287476433243,-0.507164110780499,0.971343556878004,-1.5149919890135441,1.4276493476768222,0,0.0,0.4896365659566025,1.7160184137501346,1.0145199690915747,0.1952148882261836,0.4267586240071424
176,ORACLE_SRM,97.1722762169719,97.69258433364413,123.4603507491783,-125.51561126592344,15.84921531843387,0.0,0.0,0.0,0.0,0,0.0,4.348309318354037e-12,7.275957614183426e-12,1.0000000000000002,0.0,0.0
177,NOMINAL_SRM,59.11166153765922,78.45202765142307,64.17676092641655,-63.65166063295582,9.526854076023128,-1.0,2.9989318603178483,-61.96140200962593,62.46126849216669,1317,0.0,27.653657949395864,62.18656211937366,1.0008598506188502,11.63348161146436,28.28410940162121
177,CAL_CURRENT_SRM,95.44626132503288,96.64171716476945,114.24103417101428,-112.4735775037223,15.562501881234697,-0.511230811487167,0.9550767540513321,-1.1115451521347701,1.089083529160436,0,0.0,0.4426716435242504,1.4157648769642037,1.022964144923055,0.19280545577463112,0.5603395976683672
177,CAL_ZERO_COMP_ERROR_SRM,92.43858508630268,95.53241419372257,105.65091668226006,-102.9158223737091,15.062887888090147,-0.5093386638996552,0.9626453444013792,-1.566209906308176,1.4762108218634602,0,0.0,0.5939378261388293,2.0410396049555857,1.019034410728108,0.2880397632578595,0.6183282656170377
177,ORACLE_SRM,97.15963543089701,97.68565202249759,121.74726893226659,-125.49310029600917,15.84711552008256,0.0,0.0,0.0,0.0,0,0.0,4.348309318354037e-12,7.275957614183426e-12,1.0000000000000002,0.0,0.0
178,NOMINAL_SRM,60.476220807890684,77.71524046478284,70.12713099551281,-68.84891142377319,9.753525051144633,-1.0,1.9974364452040163,-71.40034180730613,71.3994872890408,1192,0.0,23.294198774446013,46.763917336270424,0.9994657767176365,9.274731373234252,29.14917603707545
178,CAL_CURRENT_SRM,95.44984954275792,96.83873606377668,107.89644175866928,-106.75336470762319,15.563097930690684,-0.5039063692129275,0.9843745231482897,-0.9240241706595048,0.9162114322336495,0,0.0,0.44422275386695775,1.4139385128692084,1.0078733469572212,0.19306371639324688,0.45116668375648317
178,CAL_ZERO_COMP_ERROR_SRM,90.96076655767234,95.02561727587815,103.25869799698013,-100.78621156302175,14.817403082669825,-1.0,0.9880674448767832,-2.294682230869047,2.032944228274967,7,0.0,0.6945044452362786,2.6865842085790064,1.0059867339245119,0.2750878247580347,0.46339618540332594
178,ORACLE_SRM,97.11001723880557,97.34138809717778,123.54810395944529,-123.9058554222212,15.838873295482653,0.0,0.0,0.0,0.0,0,0.0,4.348309318354037e-12,7.275957614183426e-12,1.0000000000000002,0.0,0.0
179,NOMINAL_SRM,63.46408999656666,82.446005301197,68.31566654375857,-67.05418462635902,10.249848836638982,-1.0,2.998535111545152,-43.25641651661733,43.256050294503616,898,0.0,17.441601503418532,41.651865347635976,1.0007106509743862,7.965033195588445,20.61929714325015
179,CAL_CURRENT_SRM,95.3531433759706,96.70499010005281,111.73715591761504,-111.73319581752813,15.54703378338382,-0.5049820706492714,0.9800717174029148,-1.0096894789043964,0.9997253376058534,0,0.0,0.44761983799402666,1.453059773750283,1.0100721151251566,0.22608667716467826,0.6094360973880271
179,CAL_ZERO_COMP_ERROR_SRM,92.4877872570375,95.19214663035989,102.6893794884984,-101.7233104024099,15.071061006152409,-0.5090257114518959,0.9638971541924162,-1.81268024719614,1.7946288242923483,0,0.0,0.5869938869270522,2.0681264859986186,1.0183971548368265,0.3130164397418621,0.7747204906756693
179,ORACLE_SRM,97.06307645370025,97.52509969058403,123.82685320970026,-121.94193664620366,15.831075822873796,0.0,0.0,0.0,0.0,0,0.0,4.348309318354037e-12,7.275957614183426e-12,1.0000000000000002,0.0,0.0
180,NOMINAL_SRM,72.23103166493392,90.69317643034162,76.9547958159871,-75.92731483661788,11.706151439357795,-1.0,1.5009922452219575,-14.437915979728723,14.4383128778175,553,0.0169677734375,5.684220214883101,9.897359110518664,0.9998326929165373,2.454828431686632,10.108799027882924
180,CAL_CURRENT_SRM,94.84371925293523,96.63403140570979,108.07239261499925,-103.43189068812082,15.462411836035752,-0.5112077515831235,0.9551689936675061,-1.3381551842526895,1.3157396810864426,0,0.0,0.46815554510721524,1.5742210749567676,1.0229489950328454,0.22458052095997477,0.578530745618707
180,CAL_ZERO_COMP_ERROR_SRM,92.92240428062728,95.03197715912958,109.77429686274179,-121.6609103893375,15.143256525021142,-1.0,0.9561455710688946,-1.8536049439230946,1.6914625772487986,3,0.0,0.5611991879678317,1.9957474156103672,1.0224372959138668,0.2805170438715878,0.758784735838617
180,ORACLE_SRM,97.2057023821902,97.51733461157139,124.49064628515173,-125.48322999361662,15.854767837573123,0.0,0.0,0.0,0.0,0,0.0,4.348309318354037e-12,7.275957614183426e-12,1.0000000000000002,0.0,0.0
181,NOMINAL_SRM,59.139306849313996,79.07392677462566,66.18781823278381,-72.2573181895007,9.531446320484054,-1.0,7.010756959936435,-56.06263178803933,56.06397640803142,521,0.0323486328125,28.264294440791126,59.46459520918597,0.9992706484075765,11.591534869709587,36.36058690421942
181,CAL_CURRENT_SRM,95.65820810163223,96.82272725943139,112.27739853824625,-109.61910548846866,15.597708986982097,-0.5028229621265297,0.9887081514938811,-1.028473769341106,1.0228278450880466,0,0.0,0.43839522849071116,1.5232485724118305,1.0056694098277361,0.2035951133159988,0.5541969944767686
181,CAL_ZERO_COMP_ERROR_SRM,93.08366193145852,95.8450740168165,104.19181339644312,-102.3408766276615,15.170043510209057,-1.0,0.9916379284035768,-1.8167363505967133,1.8125553147984992,2,0.0,0.5618661317033192,1.8226300348287623,1.0041787982726706,0.22882060073619262,0.5499793454691826
181,ORACLE_SRM,97.1622596607202,97.4431604693695,122.99113304227751,-120.49486448178868,15.84755143865784,0.0,0.0,0.0,0.0,0,0.0,4.348309318354037e-12,7.275957614183426e-12,1.0000000000000002,0.0,0.0
182,NOMINAL_SRM,55.34048212050411,77.76384693442134,58.267101124992635,-56.54665532071217,8.9004123123761,-1.0,2.9970702230903044,-95.85673085726494,95.85599841303751,1201,0.0,44.03389713556663,82.77394830840149,0.9988878390589166,19.348170653640985,68.74704909896172
182,CAL_CURRENT_SRM,95.32307099954596,96.59717650164085,109.02611546498409,-106.68818114754484,15.542038372017602,-0.5013580736716818,0.9945677053132727,-1.0058900723288675,0.9846186712240975,0,0.0,0.4551664821575229,1.4424250569918513,1.0027195520783492,0.18702394602312736,0.6094429708127365
182,CAL_ZERO_COMP_ERROR_SRM,61.09571783008712,95.80639270450396,71.17846290296184,-66.50407771871025,9.856431533237064,-1.0,1.0076895975981497,-1.3778012652604814,1.3662668688632569,11,0.0552978515625,4.522178628468091,124.76147719948858,0.9961933444066858,0.2035101020561897,0.4472085863674238
182,ORACLE_SRM,97.16228267745936,97.61490174593234,122.80546660545625,-124.3076188137727,15.847555262036439,0.0,0.0,0.0,0.0,0,0.0,4.348309318354037e-12,7.275957614183426e-12,1.0000000000000002,0.0,0.0
183,NOMINAL_SRM,63.65008880334962,80.5257660587179,67.23733916233967,-66.86694552929859,10.280745648396948,-1.0,3.001954138804922,-41.938627828156854,41.93911636285806,983,0.0189208984375,15.91562321839081,36.45625306634611,0.9999629366186975,6.554662128837408,18.89348051082561
183,CAL_CURRENT_SRM,95.42269078363518,96.52364960043266,111.35236250323537,-111.0808882751488,15.558586508909498,-0.5052148900943791,0.9791404396224832,-0.8119969176070264,1.2963522473238789,0,0.0,0.4453832403991434,1.3447871658281656,1.010550198252346,0.22282023365093132,0.5554085695816546
183,CAL_ZERO_COMP_ERROR_SRM,95.16684679409508,96.05542140503758,114.33320354542246,-112.64895403141574,15.516087507324764,-0.5044519215363135,0.9821923138547459,-0.6973151136441651,1.1839593490352311,0,0.0,0.44660803239177127,1.4157646035182552,1.0089782425593847,0.2069105813799004,0.5051028074211139
183,ORACLE_SRM,97.16613777849173,97.50227564566487,123.81764794208918,-126.1766894274165,15.84819564426773,0.0,0.0,0.0,0.0,0,0.0,4.348309318354037e-12,7.275957614183426e-12,1.0000000000000002,0.0,0.0
184,NOMINAL_SRM,55.565810593870125,77.37237906763718,61.81032586592497,-59.27986315432867,8.937842291340553,-1.0,3.0052560811636715,-83.73028969564037,83.73160371593131,1086,0.031982421875,35.550998630083974,72.19258911150246,1.0001007290851318,16.250633681711903,47.6163307748775
184,CAL_CURRENT_SRM,95.37344517509241,96.7189609349039,111.54291842456007,-109.05934456104464,15.55040617526452,-0.5084536271248512,0.9661854915005952,-1.086809900204474,1.0699026459547716,0,0.0,0.45381304981956927,1.5013936613322585,1.0172058375054212,0.2123017063029305,0.5506718321874722
184,CAL_ZERO_COMP_ERROR_SRM,91.55192908300522,95.7500871665981,101.4303191502489,-99.03878668079358,14.915602837708509,-1.0,0.9608453498130769,-1.581002517738615,1.5614251926451543,1,0.0,0.61559933688859,2.086873786830438,1.019968027503292,0.25102899277766444,0.6391862396389918
184,ORACLE_SRM,97.21957814275505,97.5672893013072,123.81461509365464,-125.69310559489352,15.857072781188547,0.0,0.0,0.0,0.0,0,0.0,4.348309318354037e-12,7.275957614183426e-12,1.0000000000000002,0.0,0.0
185,NOMINAL_SRM,62.35321764094877,81.53229982975574,67.26517871552082,-64.54634046212996,10.065318545008102,-1.0,1.4995040817883574,-45.72039368276553,45.72019531548105,771,0.0,19.717639265863173,40.62563493546804,0.9998475795711351,8.214796876463266,28.75298041401402
185,CAL_CURRENT_SRM,96.10663084339053,96.8084076315752,111.70934632111057,-110.09539086856412,15.6721978145167,-0.5094682230869001,0.9621271076523996,-0.7935149156939041,0.7473411154345007,0,0.0,0.41844795955165126,1.2161953099694074,1.019296015430413,0.14944901619936213,0.3947687570681282
185,CAL_ZERO_COMP_ERROR_SRM,93.98571333720406,96.03139565797981,110.05712197746108,-109.82912427786935,15.319885936412636,-0.510879848628193,0.9564806054872279,-1.4191106906338697,1.3973509933774837,0,0.0,0.5096927883575233,1.7112705294966872,1.0222338984945636,0.2377106185536548,0.48888857241174577
185,ORACLE_SRM,97.0274416756392,97.3725840949561,124.13400890916381,-127.37769919936396,15.825156424524783,0.0,0.0,0.0,0.0,0,0.0,4.348309318354037e-12,7.275957614183426e-12,1.0000000000000002,0.0,0.0
186,NOMINAL_SRM,56.11954575449789,77.5143634421397,60.33077908952011,-57.5813879615659,9.029824876162442,-1.0,1.501144968246214,-86.42797386418984,86.42843185148833,964,0.0181884765625,41.657213583723895,85.85252422507976,0.9982545603636094,18.79661298969857,62.99396135148709
186,CAL_CURRENT_SRM,94.64367858667666,96.03642956015491,112.5005617030534,-111.98879336119091,15.429182489481173,-0.5066454054383984,0.9734183782464065,-1.2365794854579324,1.2365794854579324,0,0.0,0.4735663271390804,1.5182458848184979,1.0134842189727398,0.20323823247319447,0.5519232672646517
186,CAL_ZERO_COMP_ERROR_SRM,91.98685977076926,94.60576385563422,103.07030336358753,-101.06148486744617,14.987850460260674,-1.0,0.9694199868768407,-1.9477286252727373,1.9197198358078662,1,0.0,0.6171015016552883,2.153623630758375,1.0155406246059238,0.2849721076871545,0.617904342859287
186,ORACLE_SRM,97.13861086641047,97.4184832324957,123.53191183821629,-124.82365329773984,15.843623067510046,0.0,0.0,0.0,0.0,0,0.0,4.348309318354037e-12,7.275957614183426e-12,1.0000000000000002,0.0,0.0
187,NOMINAL_SRM,56.17365502125391,78.90467555426096,60.385731374165424,-57.506969398311085,9.038813126454139,-1.0,3.499519340810254,-70.44779125657139,70.44768444341815,499,0.0,40.97045993212135,68.35640474850334,1.0002636697217264,17.25483514933695,64.86676955634903
187,CAL_CURRENT_SRM,95.64106439422828,96.72986437110355,113.03224982290898,-112.06333616124631,15.594861195054532,-0.505455100328069,0.978179598687724,-0.9690241855497056,0.9581139848935677,0,0.0,0.445519767200993,1.4053514245715633,1.0110294883019597,0.19871213532125326,0.507607334835491
187,CAL_ZERO_COMP_ERROR_SRM,92.83787465754915,95.23991282566914,107.28122409210789,-104.29796646131877,15.129215059393546,-0.5048142214084077,1.4759288929579615,-2.0601663233387826,2.050537880521965,0,0.0,0.5550402377565197,1.8232156400135864,1.0096944138378603,0.2185920657151366,0.46500127463587404
187,ORACLE_SRM,97.01186115274929,97.33425552423179,123.78993101629221,-125.0383415928697,15.822568297798886,0.0,0.0,0.0,0.0,0,0.0,4.348309318354037e-12,7.275957614183426e-12,1.0000000000000002,0.0,0.0
188,NOMINAL_SRM,62.42619293691038,84.49503671179403,66.28936219010023,-63.901796266371505,10.077440687194416,-1.0,1.5014504702577258,-42.309026505442255,42.309606693545355,470,0.02099609375,19.544474993775616,32.248166504741675,1.0000499497483943,8.145351522220373,30.990984195868805
188,CAL_CURRENT_SRM,95.73315997919363,96.64774483742649,116.89489486540967,-118.97771689418379,15.610159464982331,-0.5021820734275337,0.9912717062898648,-0.956114383373516,0.9320352793969539,0,0.0,0.43347298311050425,1.341066978942763,1.0043897828086839,0.20506836970694217,0.5731977771269072
188,CAL_ZERO_COMP_ERROR_SRM,93.52659588903106,95.19447591782884,111.02805993924383,-109.95879508654333,15.243620579573266,-1.0,0.9862973983367664,-1.432257572289613,1.331410696574351,2,0.0,0.5295317715378048,1.6699136838578852,1.0069024973292418,0.25233312088743565,0.6536234783959074
188,ORACLE_SRM,97.2080371927795,97.45585643533346,123.71443925050525,-124.65026261323376,15.855155679863705,0.0,0.0,0.0,0.0,0,0.0,4.348309318354037e-12,7.275957614183426e-12,1.0000000000000002,0.0,0.0
189,NOMINAL_SRM,60.48371226314011,78.1113506163381,68.30408235906918,-83.80991075622178,9.75476947892693,-1.0,3.0015265078080873,-55.99384817353123,55.994229800483346,883,0.0162353515625,23.518531964691878,50.291304014328944,0.9991311820762125,9.771217810204783,28.910474675197293
189,CAL_CURRENT_SRM,95.28960483423552,96.31988771121506,113.4228336122676,-112.98013330382054,15.53647920834477,-0.5074387731746395,0.9702449073014421,-1.328679331654841,1.313801785305562,0,0.0,0.44535137331019176,1.4054194450127397,1.0151197883506573,0.2004098377668209,0.5526374678100581
189,CAL_ZERO_COMP_ERROR_SRM,93.08688286544228,95.95949642293596,105.02261724679522,-103.57779925705438,15.17057854907679,-0.5062638284885939,0.9749446860456243,-1.544090943770484,1.5315632867933,0,0.0,0.5533281455147118,1.99285146789407,1.0126952141639922,0.2667543361994977,0.6463125603869457
189,ORACLE_SRM,97.18019986489251,97.50803846342615,124.13166680422196,-127.90240776457583,15.850531539018691,0.0,0.0,0.0,0.0,0,0.0,4.348309318354037e-12,7.275957614183426e-12,1.0000000000000002,0.0,0.0
190,NOMINAL_SRM,54.91091103219492,76.00562575341482,62.79286593008602,-58.87381845466423,8.829054988736699,-1.0,3.4898373363444932,-108.73979918820764,108.7375408185064,1878,0.0,38.2591678277505,68.73278093929184,1.0005781294424747,16.510927751211373,61.49248055071621
190,CAL_CURRENT_SRM,94.97026041520911,96.2496890174676,113.14774297815649,-109.68224793477236,15.48343196265932,-1.0,0.9509872737815486,-1.008056886501663,0.9835505233924369,2,0.0,0.4637973857551953,1.4139794103393797,1.025116770517532,0.22710750393807677,0.5993342194181537
190,CAL_ZERO_COMP_ERROR_SRM,90.9761530551352,94.37148905517488,104.19428522630014,-111.321602963466,14.819958979258338,-1.0,1.4270237277790496,-2.214084077210672,2.1848935683222837,9,0.0,0.7033918589813485,2.46203009241799,1.0300565312685792,0.3390898964906924,0.7073157215734227
190,ORACLE_SRM,97.05490220708826,97.39332605165701,123.35895342611337,-125.21737875668342,15.82971797459938,0.0,0.0,0.0,0.0,0,0.0,4.348309318354037e-12,7.275957614183426e-12,1.0000000000000002,0.0,0.0
191,NOMINAL_SRM,53.9588243090276,77.50953139265312,58.31293786113121,-55.558979098172955,8.67090104801123,-1.0,3.4950560014648886,-114.25070955534532,114.24961088900419,1160,0.0,54.22281543127313,113.9859573535785,1.0020356864851552,23.899272044449074,79.61139837046358
191,CAL_CURRENT_SRM,94.77279993469278,96.16506771335018,110.21454103025792,-106.63190449451328,15.450631218387507,-0.5110246433203631,0.9559014267185473,-1.130998702983139,1.1089494163424118,0,0.0,0.4611108788839826,1.4100094607056235,1.0225353820466396,0.19298502132217807,0.5530473232288884
191,CAL_ZERO_COMP_ERROR_SRM,91.4111642791837,94.68244560643583,106.25998323142859,-104.70173130303795,14.892219979930847,-1.0,1.4408703878902553,-2.151371807000944,2.1277199621570486,1,0.0,0.6522567473007931,2.1967436270224425,1.0241971933780274,0.2731051215527562,0.6062517887927612
191,ORACLE_SRM,97.07158168966276,97.4382736415724,122.87984298722978,-123.05845364414876,15.832488652767902,0.0,0.0,0.0,0.0,0,0.0,4.348309318354037e-12,7.275957614183426e-12,1.0000000000000002,0.0,0.0
192,NOMINAL_SRM,60.19512111473291,77.95160167741702,69.73867426362453,-74.81069807827355,9.706830749955634,-1.0,3.4996566720073243,-53.80506599526787,53.8049897001584,1433,0.0,23.48682907855157,45.61845992470717,1.0007295351119483,9.203681694737456,30.837000990001798
192,CAL_CURRENT_SRM,94.97883155149876,96.18738050462136,112.90958017018951,-112.25244521430973,15.484855739451621,-1.0,0.9450666829432053,-0.870769371623888,0.8433027130954905,4,0.0,0.45963712763603887,1.3990567121909407,1.0282433913659166,0.21232920740082642,0.5940627156402485
192,CAL_ZERO_COMP_ERROR_SRM,94.55905116444669,96.27748477925576,107.42499004786653,-106.06391851936948,15.415124778147291,-0.5095484058015245,0.9618063767939022,-0.9776453623663836,1.3571172435892633,0,0.0,0.48794269218265796,1.5018280086515006,1.0194715628095121,0.2288717000196589,0.5728687414597289
192,ORACLE_SRM,97.10838697643302,97.57570629350474,123.10994711637045,-127.35574375474644,15.838602487779573,0.0,0.0,0.0,0.0,0,0.0,4.348309318354037e-12,7.275957614183426e-12,1.0000000000000002,0.0,0.0
193,NOMINAL_SRM,64.03107191103527,80.53732580183846,71.59053400373661,-68.77772147222487,10.344031878909513,-1.0,1.9994964522774086,-38.79887083237166,38.79870298313067,1010,0.0,16.20893528902371,42.043481681585824,1.00099861684374,9.032055759103345,30.33463051160652
193,CAL_CURRENT_SRM,95.97175214751884,96.74847872435217,118.33377024697825,-117.24955270156178,15.64979271553469,-0.5067751091036714,0.9728995635853146,-0.730521561326945,0.7169713431196024,0,0.0,0.42625202672093093,1.2044939071929548,1.0137380420023565,0.17175550449861107,0.5045822189310982
193,CAL_ZERO_COMP_ERROR_SRM,93.45950097860181,95.48817672375769,105.65673350916819,-104.85427111115597,15.23247524561492,-1.0,0.9648426770836511,-1.5420850245674116,1.398480178228096,5,0.0,0.5401061099029694,1.9608150752665097,1.017885422970794,0.2552978027901142,0.637273213898915
193,ORACLE_SRM,97.24877759958667,97.67605977677096,121.6351538343789,-121.56924043189309,15.861923189300112,0.0,0.0,0.0,0.0,0,0.0,4.348309318354037e-12,7.275957614183426e-12,1.0000000000000002,0.0,0.0
194,NOMINAL_SRM,54.407141036077235,77.47180797200616,57.91618629996612,-55.7573039049186,8.74537226512911,-1.0,7.001709401709402,-97.68792735043209,97.68814102564576,1227,0.0118408203125,49.75854244326723,95.27411781336787,0.999043798999369,20.936314109261257,78.06026760906389
194,CAL_CURRENT_SRM,95.09688673508734,96.3200295531557,111.55562597669415,-110.80423243080759,15.504466235064342,-0.5062790875104906,0.9748836499580376,-1.0084687571526663,0.9429312581063553,0,0.0,0.45771725868769236,1.484005909813277,1.0127141114098284,0.18054855232352768,0.5301593960886777
194,CAL_ZERO_COMP_ERROR_SRM,92.56081718244837,95.06572237818091,108.64024659215534,-105.55566800671981,15.083192222998068,-0.507164110780499,1.4641794460975048,-2.033096818493883,2.0187685969328872,0,0.0,0.5741186287384931,1.9265533848556515,1.0145583540633172,0.29568812017129986,0.7924642482450963
194,ORACLE_SRM,97.14280217630781,97.43597668304525,123.0677365679209,-122.0891319737596,15.844319298390001,0.0,0.0,0.0,0.0,0,0.0,4.348309318354037e-12,7.275957614183426e-12,1.0000000000000002,0.0,0.0
195,NOMINAL_SRM,58.3511378652116,76.20684790575669,67.70991907413068,-67.39739776786946,9.400521240068374,-1.0,6.006842828776539,-85.14534901480704,85.146326561775,1105,0.027587890625,31.18781652563491,78.17109106558519,1.0007625740835178,13.193054368085228,33.53815588665384
195,CAL_CURRENT_SRM,95.79731933599076,96.64867167798747,116.35715538854748,-118.55863912910017,15.62081716544697,-0.5094302194280831,0.9622791222876674,-0.8964049195837277,0.8775444807275614,0,0.0,0.4268127398817911,1.285258223186247,1.0192297000688195,0.2036057595052317,0.5395546953096826
195,CAL_ZERO_COMP_ERROR_SRM,94.00718973965967,96.02316833551569,112.00273169495374,-110.07077142604811,15.32345344512619,-0.5075685903500473,0.9697256385998108,-1.1395458845789972,1.1244087038789026,0,0.0,0.49382946954294576,1.6619762361656285,1.015364241844717,0.21951287918829115,0.5764586874043403
195,ORACLE_SRM,97.14431797334476,97.4044639350229,123.60923384831705,-121.85933190320897,15.844571091917734,0.0,0.0,0.0,0.0,0,0.0,4.348309318354037e-12,7.275957614183426e-12,1.0000000000000002,0.0,0.0
196,NOMINAL_SRM,59.228326202722926,78.80258395660951,66.1089046404795,-66.16341668785127,9.546233588492182,-1.0,3.00424657638873,-69.00251281227976,69.50410527842647,1436,0.02880859375,28.39971565132404,60.85842681898066,0.9994532827749215,12.42396643485097,39.49260141259583
196,CAL_CURRENT_SRM,95.58977016310902,96.55231063001887,115.96665155906422,-117.94997334619744,15.586340558655984,-0.510589922788171,0.9576403088473162,-0.80672627948851,0.7855464339121678,0,0.0,0.435537992028037,1.2884361094129417,1.0216403566199936,0.21057477816706327,0.5532459071183666
196,CAL_ZERO_COMP_ERROR_SRM,92.53265802176891,95.2376043846173,106.88104256150369,-110.1827857873652,15.078514621556298,-1.0,0.9502861066605628,-1.5165484092469708,1.3865415426871115,14,0.0,0.5721348821086075,1.9477028506262286,1.0254954015559068,0.24697171695670636,0.6415250971197963
196,ORACLE_SRM,97.10494289818597,97.35827589928931,123.78490041286267,-124.30341489993145,15.838030381758466,0.0,0.0,0.0,0.0,0,0.0,4.348309318354037e-12,7.275957614183426e-12,1.0000000000000002,0.0,0.0
197,NOMINAL_SRM,56.159471769846306,77.06964852565895,60.363148283438825,-59.167864924933326,9.036457104625633,-1.0,1.5009922452219575,-92.13367832936956,92.13407522745823,846,0.016845703125,40.02104991661838,90.35416805257046,0.9986797683820563,18.763260896919004,49.77174269200077
197,CAL_CURRENT_SRM,94.96524887051811,96.12619500813682,111.90197031860832,-110.10040352684518,15.48259948015251,-0.5054856183718623,0.9780575265125504,-1.1208056763561456,1.1098344396124213,0,0.0,0.4645680375600816,1.5021456848935486,1.0111039760847351,0.21620772025206608,0.5841303527738759
197,CAL_ZERO_COMP_ERROR_SRM,91.22062890358067,94.75877789582286,100.78027236416553,-103.22542051430148,14.860569585312405,-1.0,1.4775310902571142,-1.7784695201037475,1.7694819562065938,7,0.0,0.6825043800860054,2.1705298575301413,1.00907836131756,0.3145718912214914,0.6718590917062102
197,ORACLE_SRM,97.1526769279362,97.50152451323706,123.76817218554757,-125.23783964327623,15.845959622580764,0.0,0.0,0.0,0.0,0,0.0,4.348309318354037e-12,7.275957614183426e-12,1.0000000000000002,0.0,0.0
198,NOMINAL_SRM,62.747107844015666,81.82028057490284,69.4681421896692,-67.7153650094486,10.130748811298284,-1.0,3.493957335123752,-50.40369884334852,50.40235602893158,984,0.0,17.014227963503068,40.140493096769205,1.000294756281617,7.512327216027133,23.489286166629427
198,CAL_CURRENT_SRM,95.6054449595053,96.8179316097235,109.21860629370714,-107.9859550467478,15.588944345432775,-0.510956144901883,0.956175420392468,-1.041062654499955,1.0191503646961886,0,0.0,0.44100512287468474,1.351510285097902,1.0223890864044218,0.1908676280992286,0.4682992638699659
198,CAL_ZERO_COMP_ERROR_SRM,92.45534253007376,94.79959364359627,108.05084087875683,-107.93784071237849,15.06567151662355,-0.5135196996978668,0.945921201208533,-1.7150944547868243,1.6880550553910896,0,0.0,0.5886759849828359,2.2027333413898305,1.0277941420735208,0.33125613301947093,0.7937211909207917
198,ORACLE_SRM,97.15131327976444,97.51726136525656,123.58861490501255,-123.7597213690891,15.845733102950904,0.0,0.0,0.0,0.0,0,0.0,4.348309318354037e-12,7.275957614183426e-12,1.0000000000000002,0.0,0.0
199,NOMINAL_SRM,52.51436692962787,75.60043571982825,55.84731598749475,-53.960104717386116,8.430957961732204,-1.0,1.5020616982284665,-116.06656994499956,116.06739462429093,1182,0.025146484375,60.241687963697636,99.53934095088152,1.0005892939907517,24.773252463084475,95.72654093128585
199,CAL_CURRENT_SRM,95.91663502737299,96.79804245098188,118.30149779819433,-119.1337020117187,15.640637047736377,-0.5086747539482719,0.9653009842069125,-0.7622796978713665,0.7449301899748226,0,0.0,0.4245055250441154,1.2454590543638915,1.017659602366077,0.20963776806213855,0.5159577371987112
199,CAL_ZERO_COMP_ERROR_SRM,93.10729125452087,96.16710730679195,104.56596482817675,-101.7644949014992,15.173968646930378,-0.5072023682363354,0.9711905270546584,-1.2441175572984984,1.2297128208258292,0,0.0,0.5503597380857108,1.7510281656241204,1.0146219164295192,0.23176991862548343,0.6221489288573139
199,ORACLE_SRM,97.16449886674171,97.54806873130478,123.41715239021995,-125.30329190623375,15.847923399790982,0.0,0.0,0.0,0.0,0,0.0,4.348309318354037e-12,7.275957614183426e-12,1.0000000000000002,0.0,0.0
200,NOMINAL_SRM,62.21443512365568,79.310236024606,69.00425970814096,-67.67746295071312,10.042264970706926,-1.0,4.998443579766537,-48.24824902723831,48.24798962386608,975,0.0,19.836505606888196,48.297989090558985,1.0005110355013727,10.063731788988747,32.65821730517473
200,CAL_CURRENT_SRM,95.942899928445,96.91947381202414,114.01831435807577,-117.8997777288029,15.644999988113788,-0.500015259254738,0.999938962981048,-0.8447523422956023,0.8447218237861263,0,0.0,0.4361206852844345,1.2074216640503437,1.0000314867332598,0.17333066672892247,0.4536207306028963
200,CAL_ZERO_COMP_ERROR_SRM,92.70070218441553,94.88904560732335,108.08472740345897,-105.36788130719805,15.106428934288294,-1.0,1.490997039704581,-1.6309396649068102,1.627338480788643,2,0.0,0.5760452626602997,2.083612116613949,1.0036037520248013,0.2805266132070738,0.6385868089149938
200,ORACLE_SRM,97.1711282567562,97.52199701164336,123.550301357907,-123.23694876242682,15.849024627368141,0.0,0.0,0.0,0.0,0,0.0,4.348309318354037e-12,7.275957614183426e-12,1.0000000000000002,0.0,0.0
201,NOMINAL_SRM,59.07722660342823,78.84586046782793,65.89885126202651,-63.890082567005265,9.521133987280438,-1.0,4.004352673457856,-68.3815691005994,68.38243963529098,1520,0.02587890625,28.661889588247295,61.554863772847966,0.9998253542253556,11.156198756234218,28.62988167367439
201,CAL_CURRENT_SRM,95.2302563894608,96.3867633646621,113.4753625663771,-111.79511685724934,15.52662066270113,-0.5129245887630849,0.9483016449476607,-1.106173894466995,1.0803247169408248,0,0.0,0.4465385283234464,1.3731349787803993,1.0265486384320721,0.21034906875080564,0.5560118222852353
201,CAL_ZERO_COMP_ERROR_SRM,90.95279365858276,94.6950112815073,98.29631335190575,-97.66532114042141,14.816078680827701,-1.0,1.4211096530045473,-2.1808984649189735,2.1493423261207925,4,0.0,0.6689858091176029,2.403116770898123,1.032597732201269,0.32071580790672244,0.749639771667475
201,ORACLE_SRM,97.1313644766478,97.47436291577685,120.89589977265577,-125.08433781654591,15.842419348280366,0.0,0.0,0.0,0.0,0,0.0,4.348309318354037e-12,7.275957614183426e-12,1.0000000000000002,0.0,0.0
202,NOMINAL_SRM,59.19295622041561,78.10902793751458,64.1636575743747,-61.2401190565991,9.540358176148773,-1.0,2.001190694266349,-60.406042010136744,60.40643890822554,1649,0.0167236328125,28.30981260006539,59.87669805715268,0.9995471424102221,11.929304430703027,41.082320901798084
202,CAL_CURRENT_SRM,95.41918836406205,96.41090847384476,115.71182922546676,-114.92685169563778,15.558004711638215,-0.5121538109407187,0.9513847562371252,-0.9474937056534676,0.9231860837720302,0,0.0,0.44548841422653784,1.3319945766343153,1.0249210781666749,0.18809997667809325,0.6435970934349982
202,CAL_ZERO_COMP_ERROR_SRM,93.94487564721396,95.92990805174452,111.72949562298709,-108.57946447141573,15.313102266979064,-0.5090029602954191,0.9639881588183232,-1.19006927701651,1.1720633564256717,0,0.0,0.5061818548979526,1.616890542441979,1.0183361133295057,0.19993137155738508,0.4328822771119363
202,ORACLE_SRM,97.09533031033217,97.35556261490869,123.68647431072506,-125.90899949674075,15.836433606367471,0.0,0.0,0.0,0.0,0,0.0,4.348309318354037e-12,7.275957614183426e-12,1.0000000000000002,0.0,0.0
203,NOMINAL_SRM,55.7551053570025,76.60063062932863,59.725774543618954,-58.38730250514065,8.96928660415324,-1.0,1.5029408619398992,-98.1426585391982,98.14383488397414,1508,0.0301513671875,42.49873923511,96.3354709794171,0.9981554243579639,19.327883602067814,52.26445400677767
203,CAL_CURRENT_SRM,95.32667523367684,96.46962352797115,110.58544257983037,-108.12834700719493,15.54263708200612,-0.5119401846341649,0.9522392614633401,-0.9160753795681694,0.8921950102998396,0,0.0,0.448314290736514,1.3858399114469648,1.0244669946527551,0.17797430903555575,0.4521773282145105
203,CAL_ZERO_COMP_ERROR_SRM,93.0562581774021,95.21737488982868,110.57423130912193,-107.87684793585817,15.165491391595033,-1.0,0.955748161259804,-1.3020722067934212,1.2799462874233232,1,0.0,0.5523129559519943,1.7511512567516547,1.022629321442981,0.19403052305216714,0.3934436882642487
203,ORACLE_SRM,97.141858197704,97.46242771435152,122.36808396876712,-123.52373600011182,15.844162491312957,0.0,0.0,0.0,0.0,0,0.0,4.348309318354037e-12,7.275957614183426e-12,1.0000000000000002,0.0,0.0
204,NOMINAL_SRM,57.8271942866847,79.75330332719498,63.43810762088957,-60.83942459724797,9.313487423037326,-1.0,3.99816888943144,-67.43696401867733,67.43659779656362,1078,0.0,27.59813745634422,49.80028896582007,0.9995038000820009,11.582276334557907,46.220149648708684
204,CAL_CURRENT_SRM,94.8284227849234,96.10816088382865,111.03921665216076,-110.78488579275962,15.45987089450555,-1.0,0.9482108796826123,-1.3159227893492016,1.1445487144274042,2,0.0,0.463547614763454,1.5283978520019446,1.0265943841939442,0.2357453029506216,0.6279942283391762
204,CAL_ZERO_COMP_ERROR_SRM,93.56336240273806,95.71005511486823,107.6184108267293,-106.9201594239051,15.249727973876755,-0.5130693522545204,0.9477225909819182,-1.2946669718471047,1.2685282673380638,0,0.0,0.5257539042544629,1.8036543364178215,1.0268389391950958,0.2940827516635735,0.7533730768087707
204,ORACLE_SRM,97.1774149705497,97.44619784073603,123.50446041772852,-124.48512960209396,15.850068931985001,0.0,0.0,0.0,0.0,0,0.0,4.348309318354037e-12,7.275957614183426e-12,1.0000000000000002,0.0,0.0
205,NOMINAL_SRM,60.65608257530446,76.07271251123746,70.7289920585092,-81.96822758727617,9.78340242114692,-1.0,2.5043848927458288,-75.55420766363261,75.55546049013142,1002,0.0313720703125,22.740849138177623,44.91954066656763,1.000089062657777,9.29637228219446,35.153394985831255
205,CAL_CURRENT_SRM,96.00439394747664,96.82429524169828,114.25099447779827,-112.26919430387333,15.655214941441303,-0.5036164433729057,0.9855342265083773,-0.8098696859645372,0.8026367992187259,0,0.0,0.4166217199221166,1.2255928970043897,1.0072868194073596,0.16740613467801796,0.41831694732831437
205,CAL_ZERO_COMP_ERROR_SRM,92.3501106293227,94.02952753054794,108.7859042198214,-107.45363336204655,15.048191134438987,-1.0,0.9713126010925626,-1.9315012054811243,1.9171575060274055,2,0.0,0.5967909255743953,2.023869869775808,1.0145718356282465,0.31454056839361894,0.9256086720990311
205,ORACLE_SRM,97.1758925436618,97.65138922370173,124.14806110529675,-122.84699698340012,15.849816037153124,0.0,0.0,0.0,0.0,0,0.0,4.348309318354037e-12,7.275957614183426e-12,1.0000000000000002,0.0,0.0
206,NOMINAL_SRM,56.95329498831934,73.47237863041042,66.5493753494582,-65.68776300019968,9.16832142663112,-1.0,3.0041548284605746,-100.69636147007601,100.69740017719113,1978,0.0283203125,35.32795251730972,70.52184198800387,1.0005130504460478,14.815756788834095,56.54300749721551
206,CAL_CURRENT_SRM,96.01050611900321,96.87659974106461,111.79548456091717,-110.49984188743039,15.656230252326115,-0.5041505172887357,0.9833979308450573,-0.9950254829554124,0.986724448377941,0,0.0,0.42289762232535577,1.3364008097969418,1.008365365995403,0.1834114546641933,0.47493744360681234
206,CAL_ZERO_COMP_ERROR_SRM,91.58015507931141,95.38683581761715,107.57955309387356,-107.81671862001227,14.920291541413857,-0.5034943693350016,1.4825281533249917,-1.6641743217261271,1.504531998657194,0,0.0,0.6492044908489729,2.160308440646986,1.0070380923457312,0.2843883396527644,0.657293977158588
206,ORACLE_SRM,97.22006379695891,97.5307459055479,123.23239644362326,-126.22767411384768,15.857153454644338,0.0,0.0,0.0,0.0,0,0.0,4.348309318354037e-12,7.275957614183426e-12,1.0000000000000002,0.0,0.0
207,NOMINAL_SRM,62.139916289942285,81.5759869916624,67.21584153009422,-66.58945691476727,10.029886426900713,-1.0,1.5004578614816397,-38.792512438568075,38.792695583160736,1043,0.01025390625,20.26139496774211,45.182429414639046,0.9995902979033645,8.986921778341648,28.84389697008737
207,CAL_CURRENT_SRM,95.39010775411455,96.47240310621402,114.37010870510187,-117.15119798830379,15.553174045533979,-0.516060120546273,0.9357595178149078,-1.047379262989242,1.0152590218966961,0,0.0,0.4467187569278545,1.4349324892432378,1.0331932965893311,0.19028469173625776,0.5016702677849523
207,CAL_ZERO_COMP_ERROR_SRM,91.66676385039761,95.05111537623529,105.93134180715707,-113.92107278472108,14.934678380464721,-1.0,0.9462569048127691,-2.6115375225074184,2.611537522507419,4,0.0,0.6176332231086394,2.085929308695995,1.0276493103467268,0.3242406435481867,0.9070673735288892
207,ORACLE_SRM,97.05757633733373,97.49555080076753,124.06346000443543,-125.14677525106444,15.83016218228135,0.0,0.0,0.0,0.0,0,0.0,4.348309318354037e-12,7.275957614183426e-12,1.0000000000000002,0.0,0.0
208,NOMINAL_SRM,59.052314188323614,78.6165642016084,65.888901533736,-72.69598041638928,9.516995712346116,-1.0,2.993469138628214,-62.65207904172807,62.65044632638536,1006,0.0,29.614812711433643,63.78627272505628,1.0012714684421662,13.725193504972006,48.26297955166774
208,CAL_CURRENT_SRM,95.67409059251605,96.6605440549906,113.93824980100737,-110.99049544987308,15.600347274504328,-0.5078507667658503,0.9685969329365987,-0.8088349736781878,0.793133440146487,0,0.0,0.44005185765985055,1.3246381774442852,1.015951987992925,0.1742226946868384,0.5188427685620702
208,CAL_ZERO_COMP_ERROR_SRM,87.77616205361207,94.26838851383265,98.40044506816305,-106.0350903075051,14.288399012227918,-1.0,0.9422589800714132,-3.477828302865688,3.4489577929013944,15,0.0,1.005895218930301,3.0823916206122703,1.029784530179344,0.4937101415369874,1.2148230794055053
208,ORACLE_SRM,97.24369493444408,97.63845311457091,123.52439069355489,-124.25713678118184,15.861078892764798,0.0,0.0,0.0,0.0,0,0.0,4.348309318354037e-12,7.275957614183426e-12,1.0000000000000002,0.0,0.0
209,NOMINAL_SRM,65.98625347243834,85.16916530341526,73.46238967791783,-72.17383299775895,10.668812869175802,-1.0,4.998626688029297,-28.57816433966583,28.577935454337386,671,0.0,12.386675487010415,28.468202184172696,1.000194257019445,5.315794511109749,16.549965214675467
209,CAL_CURRENT_SRM,93.62113966128095,95.68690884658335,108.24212472813029,-109.71503910606586,15.259325525129727,-1.0,0.944670786602579,-1.3098802166781112,1.2822156099794004,2,0.0,0.523883819672325,1.6756241736256925,1.0284629394016227,0.2221486025492208,0.5879293373777159
209,CAL_ZERO_COMP_ERROR_SRM,92.26860223839691,95.38608010684518,105.30143816795692,-105.46249305233368,15.034651534617426,-1.0,0.9503769035920286,-1.503921628467666,1.47911008026368,16,0.0,0.5891793119162798,1.8197683973376115,1.0254552449983543,0.24511206634836186,0.5714420077758291
209,ORACLE_SRM,97.10150821974847,97.43477965861102,123.19983015078657,-121.51437001176866,15.83745983716752,0.0,0.0,0.0,0.0,0,0.0,4.348309318354037e-12,7.275957614183426e-12,1.0000000000000002,0.0,0.0
210,NOMINAL_SRM,54.51657029327339,75.46298344395225,58.23864174234835,-55.700349760630665,8.763549882603554,-1.0,2.5031538755250096,-110.34822451318081,110.34912562047364,1077,0.0263671875,49.6731842103353,91.51558455212216,1.0006295203251128,20.970061099613872,79.48956388191436
210,CAL_CURRENT_SRM,95.19796824188361,96.27613347182435,111.97261034643864,-110.02580064930697,15.521257183037145,-0.5107347219043259,0.9570611123826962,-0.9768825818265048,0.9554131380178529,0,0.0,0.45359878485722627,1.3821155068326334,1.0219338802267561,0.21911549772134548,0.6211193439403218
210,CAL_ZERO_COMP_ERROR_SRM,94.25030606892959,96.22674709501736,108.95135312294941,-112.25127104943908,15.363838217430164,-0.5075303273060197,0.9698786907759211,-1.309498741130702,1.222201876859694,0,0.0,0.5064102956731633,1.6986817467704896,1.0152836165119874,0.22464238945136825,0.5300407818021995
210,ORACLE_SRM,97.24993461684417,97.57073161311062,123.82833873776909,-122.6773155656974,15.862115384857836,0.0,0.0,0.0,0.0,0,0.0,4.348309318354037e-12,7.275957614183426e-12,1.0000000000000002,0.0,0.0
211,NOMINAL_SRM,56.87440573396608,76.68934314027628,64.24719860191868,-61.86980288106635,9.155216899329915,-1.0,6.988525215533683,-89.04927901121866,90.04784466316035,1454,0.0,33.60587409634628,72.58984555923053,0.9998032457778857,15.187116962328947,53.52149864821058
211,CAL_CURRENT_SRM,94.2436820801733,95.81342272525802,107.09017131112975,-104.79219161652536,15.362737887071978,-0.5022201876859693,0.9911192492561227,-1.2580910963607232,1.2536507209887846,0,0.0,0.49782132764885323,1.6073733677985729,1.004452268218258,0.19481569793689152,0.5989181151257448
211,CAL_ZERO_COMP_ERROR_SRM,90.37223142177035,93.89892602469962,101.66608697762311,-98.76197522972377,14.719639771058198,-1.0,0.9768669698171943,-2.3170262764366627,2.305459761345252,12,0.0,0.732325412007084,2.6792571633186526,1.0116904584823885,0.42548742856193383,0.8691386091996378
211,ORACLE_SRM,97.10756779580717,97.41414874408366,122.15623065425527,-124.44713060719629,15.83846641126365,0.0,0.0,0.0,0.0,0,0.0,4.348309318354037e-12,7.275957614183426e-12,1.0000000000000002,0.0,0.0
212,NOMINAL_SRM,49.917965159833535,74.58555195166643,53.31209712844245,-50.76404714298406,7.9996619866833125,-1.0,3.0019846873735716,-148.52726273445063,149.02800699221552,1300,0.01904296875,84.32332926801631,123.46797502921254,1.00183776695372,35.43420371864404,139.61685544214924
212,CAL_CURRENT_SRM,95.52855855984434,96.61371402434547,114.7998311175034,-115.02595015060977,15.576172518246569,-0.5070802941984314,0.9716788232062745,-0.9140140995513779,0.8998535111545152,0,0.0,0.4412098874038325,1.3557437780236796,1.0143687996189963,0.1837592498855702,0.565904725267103
212,CAL_ZERO_COMP_ERROR_SRM,92.91484382243058,95.53301677185631,103.397761529859,-105.63671865950914,15.142000634955247,-0.5078089831918027,0.9687640672327893,-1.2659479502849686,1.7425210007095606,0,0.0,0.5718436053683945,1.9660444115397695,1.0158622899600545,0.31475062912394147,0.9111543119104226
212,ORACLE_SRM,97.15054163156535,97.51974754656999,122.9647389757018,-125.76910388474067,15.845604922186935,0.0,0.0,0.0,0.0,0,0.0,4.348309318354037e-12,7.275957614183426e-12,1.0000000000000002,0.0,0.0
213,NOMINAL_SRM,56.79021044055487,76.84642729299688,61.70071325182384,-60.37601670015577,9.14123097019184,-1.0,4.006799602719841,-86.03188937274719,86.03324929329115,2112,0.0325927734375,32.49870658388556,73.29860826265212,0.9999699317684395,14.025113001192539,35.05164743806745
213,CAL_CURRENT_SRM,95.28873980882493,96.35509471242389,113.98858559175105,-121.13398747315928,15.536335516416102,-0.5139848935683222,0.9440604257267109,-1.3057450217441047,1.277775234607461,0,0.0,0.44496133668048227,1.404399971703242,1.0287887633326283,0.20573393834057402,0.5543571454024843
213,CAL_ZERO_COMP_ERROR_SRM,92.68335443033317,95.30829697183991,103.17232945230758,-108.10493120482276,15.103547247563649,-1.0,0.9469588305307168,-1.9170506912442573,1.8905301065096047,2,0.0,0.5856629211913413,2.143178777772846,1.0272606265893067,0.29902726680844255,0.8415978000128916
213,ORACLE_SRM,97.05604118713583,97.26079205167301,122.5819691144504,-125.99409512848864,15.82990717394283,0.0,0.0,0.0,0.0,0,0.0,4.348309318354037e-12,7.275957614183426e-12,1.0000000000000002,0.0,0.0
214,NOMINAL_SRM,56.484584309830346,77.69179499937135,60.49117578534304,-59.39137429931478,9.090462509938597,-1.0,3.0004273047751306,-78.31941031941274,78.31951714560653,809,0.0067138671875,34.870998962840574,74.62863638304225,1.0004449003890192,13.977278079523646,43.71491410606177
214,CAL_CURRENT_SRM,95.9945277042298,96.6730000774323,116.5569728225864,-115.9639361078709,15.653576030602956,-0.510971404156621,0.956114383373516,-0.7790459913937801,0.7571031830805376,0,0.0,0.4244205034189779,1.1898693542093497,1.0224403531679187,0.19870429494894526,0.5020605606490705
214,CAL_ZERO_COMP_ERROR_SRM,92.9114517543774,95.66464558516304,107.3319363720721,-105.00646452303988,15.141437168501229,-0.5105210955977721,0.9579156176089114,-1.4880903334096285,1.4670481422140842,0,0.0,0.5722411949652264,1.9069277739508834,1.0214883948723241,0.25110338333938254,0.6903191487878075
214,ORACLE_SRM,97.03630294422561,97.41742356144701,123.24667182938212,-125.67668067076039,15.826628396050767,0.0,0.0,0.0,0.0,0,0.0,4.348309318354037e-12,7.275957614183426e-12,1.0000000000000002,0.0,0.0
215,NOMINAL_SRM,61.42281179994611,83.28883111692431,65.30127167734933,-63.60878199231958,9.910766079725269,-1.0,7.498962370677816,-45.70288705099643,45.70276497695853,757,0.0,21.157663927920265,41.38617241049724,0.9998552289423704,8.451467302060905,30.348804156510596
215,CAL_CURRENT_SRM,94.89564670380497,96.2741083018038,110.26334640111769,-107.98273775873268,15.471037658439364,-0.5073014419775692,0.9707942320897234,-0.8774547951476291,0.8628519111924916,0,0.0,0.4628545670924268,1.3943720828356163,1.014818384515989,0.20181026476928923,0.5967215964363213
215,CAL_ZERO_COMP_ERROR_SRM,92.11806560311656,95.07368680864779,103.59172977844331,-102.22042896865013,15.009645449022685,-0.5077439536125734,0.9690241855497064,-2.0196841382467383,1.8796063172350654,0,0.0,0.5988426732619219,2.0219370466493274,1.0157127035522027,0.24680435838744985,0.6252756043352186
215,ORACLE_SRM,97.09387591687937,97.41748017609332,124.15847537587186,-126.22933658356598,15.83619201277066,0.0,0.0,0.0,0.0,0,0.0,4.348309318354037e-12,7.275957614183426e-12,1.0000000000000002,0.0,0.0
216,NOMINAL_SRM,67.63770282612305,82.2291678063278,76.16098161110878,-74.74312495935165,10.943140004339377,-1.0,3.000213640976339,-27.137104096565242,27.637184211931295,1184,0.0020751953125,10.764251512660863,27.763288813648614,1.0001507955682258,6.685276742497315,21.491332239868825
216,CAL_CURRENT_SRM,95.5157184778996,96.77452840651054,108.12888756276357,-106.91897154222372,15.574039614269036,-0.5059586480506599,0.9761654077973603,-0.893842984664683,0.8819256885633632,0,0.0,0.4402193676282034,1.3482906566187012,1.012056929855988,0.21786742484029922,0.5542197130379805
216,CAL_ZERO_COMP_ERROR_SRM,91.63558317514665,94.8443123966641,104.32385713857593,-103.01443408116334,14.92949886630343,-1.0,0.9838862269966735,-1.7464674825281525,1.7384105960264884,40,0.0,0.6514128146029025,2.2954450531506154,1.0081233713005322,0.25397057388018535,0.626948878091298
216,ORACLE_SRM,97.09238236694381,97.3950734365134,123.17072948805178,-123.13701644465779,15.83594391477472,0.0,0.0,0.0,0.0,0,0.0,4.348309318354037e-12,7.275957614183426e-12,1.0000000000000002,0.0,0.0
217,NOMINAL_SRM,56.29245256851422,79.26249029075025,60.226889104742284,-57.18282835548861,9.0585469382914,-1.0,2.50149604616371,-76.75016029067098,76.75058773243218,1491,0.017578125,40.656921183727896,59.586028308718596,1.0006680033440163,16.901339827696532,67.18050205900727
217,CAL_CURRENT_SRM,94.83657423408789,96.20205295357907,107.9406470279862,-107.49916945657148,15.461224955828554,-0.5106165454836766,0.9575338180652937,-1.2620909597235173,0.7302413232724639,0,0.0,0.46842791044063775,1.4855029767277301,1.0217013200888954,0.21528273678394666,0.6463936823914835
217,CAL_ZERO_COMP_ERROR_SRM,93.31189201153845,95.04664229666227,106.49245816382654,-106.05984620166814,15.20795548364426,-1.0,1.4436560616464482,-1.4104829480430228,1.3879453727016051,11,0.0,0.5434715434386365,1.8117045063372643,1.0230637865321992,0.2289497450182907,0.690083178001025
217,ORACLE_SRM,96.94333848174108,97.25207147692703,122.66307298744252,-122.6774225333371,15.81118579430915,0.0,0.0,0.0,0.0,0,0.0,4.348309318354037e-12,7.275957614183426e-12,1.0000000000000002,0.0,0.0
218,NOMINAL_SRM,57.759896301986366,79.39922592269673,61.16032727025918,-59.89687241930532,9.30230835581169,-1.0,3.0015265078080873,-56.89827351967202,56.898655146624144,1058,0.0167236328125,33.58109941335453,64.81689162317343,1.0000444100499462,13.354210839914954,45.17358863799018
218,CAL_CURRENT_SRM,95.10998755001197,96.11488333042502,114.13714737454112,-111.99900014588749,15.506642450168101,-0.5083010345774712,0.9667958616901149,-1.360026856288326,1.3434247871333858,0,0.0,0.44984945698483936,1.4288441743956355,1.0168981609208294,0.17923873904062823,0.5991975921287249
218,CAL_ZERO_COMP_ERROR_SRM,90.9862171478878,95.59649492247934,102.96458490065143,-105.96047375329721,14.82163075546309,-1.0,1.4734111543450066,-2.0575875486381325,2.0451361867704283,3,0.0,0.7094709789766813,2.1873452837680816,1.0107742536982214,0.25306893259866475,0.5785511417307134
218,ORACLE_SRM,97.07989503333792,97.49545927916844,121.46238932385464,-124.87821309434281,15.833869606866765,0.0,0.0,0.0,0.0,0,0.0,4.348309318354037e-12,7.275957614183426e-12,1.0000000000000002,0.0,0.0
219,NOMINAL_SRM,56.739423831675396,76.09795261277515,60.91628423896442,-60.16171455155835,9.132794656424485,-1.0,1.5001526018617426,-85.42282923851671,85.42289027926141,2087,0.0029296875,35.3562076288602,69.40124657707383,0.9987853390955098,15.567534035108576,59.50795103461678
219,CAL_CURRENT_SRM,95.25733390709914,96.35486406332312,113.1352460728297,-111.49819995677683,15.531118589219126,-0.5039597161821927,0.9841611352712292,-0.8439002059967956,0.8359807736324102,0,0.0,0.4491547063696424,1.3701158316835063,1.0079848494682293,0.18888128554167127,0.655143881471524
219,CAL_ZERO_COMP_ERROR_SRM,61.87131674548464,94.99756274547232,71.9727119564296,-67.27481698679134,9.985268562372864,-1.0,1.0071054485314384,-2.0420507794554528,2.0456035037211704,1,0.0533447265625,4.081118410255363,116.18044804170495,0.9964544538247392,0.18252754628487036,0.3328947831305413
219,ORACLE_SRM,97.13091408633281,97.46720288418061,122.39458705429595,-122.98624498178057,15.842344532613424,0.0,0.0,0.0,0.0,0,0.0,4.348309318354037e-12,7.275957614183426e-12,1.0000000000000002,0.0,0.0
220,NOMINAL_SRM,56.22731351972416,79.35608060960946,60.025668189990036,-58.50021125221039,9.047726498293052,-1.0,6.4905012588693065,-90.77647058824041,90.77520408942291,195,0.0,36.54744718756693,75.85559681030372,0.9991675649003721,16.651345338541603,50.41129308465315
220,CAL_CURRENT_SRM,95.34842214171368,96.17519568801718,115.66155473239844,-113.60088520932322,15.546249525201608,-0.5048294804303044,0.9806820782787822,-0.8962233920805683,0.8865644312199595,0,0.0,0.4434904555084706,1.3185269261448411,1.0097583513715886,0.2107920604270512,0.6757986889448198
220,CAL_ZERO_COMP_ERROR_SRM,91.93109656242099,95.45879010407987,103.53124964904019,-101.07087747985571,14.978587468840697,-0.5014877546349279,0.9940489814602884,-1.8361181048294803,1.8331425955596246,0,0.0,0.6449686243740619,2.216868356372288,1.0029779665666234,0.26674673332043836,0.5847151393492709
220,ORACLE_SRM,97.15451952474245,97.32160406899891,123.39410630095003,-126.22693946831846,15.84626570178446,0.0,0.0,0.0,0.0,0,0.0,4.348309318354037e-12,7.275957614183426e-12,1.0000000000000002,0.0,0.0
221,NOMINAL_SRM,60.751446241293394,80.50294128265391,65.21498952403644,-64.71527713624408,9.799243561676645,-1.0,1.9985351115451522,-55.69222083193457,55.691732535782954,782,0.0,22.81308755184989,47.28368547005448,0.9996578132174327,9.610253235340233,36.3105443056902
221,CAL_CURRENT_SRM,95.52390871212967,96.51179554114073,114.5903742107688,-111.95749361356914,15.575400118293965,-0.5098802166781109,0.9604791332875562,-0.8427557793545433,0.8229953459983214,0,0.0,0.43923882028995886,1.3076517732297361,1.0201608516941205,0.2050425269255201,0.5485778643349946
221,CAL_ZERO_COMP_ERROR_SRM,92.1745479595804,95.23933143944453,109.39334728874817,-107.33474646609713,15.019027900262524,-0.5059663686025575,0.9761345255897702,-1.7548142948698477,1.7428815576647307,0,0.0,0.6050346669531895,2.0900365771867655,1.0120869525029277,0.21831439558618776,0.5795142036685661
221,ORACLE_SRM,97.11664636563415,97.41581592924994,124.01339265535368,-123.74707842244302,15.839974479341222,0.0,0.0,0.0,0.0,0,0.0,4.348309318354037e-12,7.275957614183426e-12,1.0000000000000002,0.0,0.0
222,NOMINAL_SRM,54.039395645737194,75.7230782873397,57.231372126327585,-56.942313750277094,8.684284990986246,-1.0,1.502711455325909,-92.80928157889757,92.81036616102786,616,0.029052734375,46.966512124651224,95.34440291014107,0.9991447780239915,19.368594876155335,50.23278992917767
222,CAL_CURRENT_SRM,95.70775901295507,96.62072677643275,113.38196416608923,-111.93202471069078,15.605940035374596,-0.5070725566491188,0.9717097734035247,-0.8740672922865642,0.8599221789883267,0,0.0,0.4320753219717564,1.3018116437269782,1.014350407223567,0.17346675363170658,0.4214999971303257
222,CAL_ZERO_COMP_ERROR_SRM,93.21837414721057,95.86885618503787,106.80071679823456,-103.95189436439074,15.192420954686142,-0.5075455863279164,1.4622720683604182,-1.5667048142214084,1.5516136415655757,0,0.0,0.5529840210186603,1.8898977418766663,1.0153416510555768,0.23633635342519285,0.5694266687432901
222,ORACLE_SRM,97.11730535164509,97.521536899136,122.04308751818125,-124.17803823912722,15.840083945455994,0.0,0.0,0.0,0.0,0,0.0,4.348309318354037e-12,7.275957614183426e-12,1.0000000000000002,0.0,0.0
223,NOMINAL_SRM,60.315768933563646,79.01650961072475,66.68520754311962,-79.0465557168234,9.72687191587436,-1.0,3.997405926694541,-59.63069551683097,59.63017670216987,1436,0.0,25.336480888296137,54.2048633608249,1.001045866120511,11.294751448739836,32.70895246186956
223,CAL_CURRENT_SRM,95.14037646984428,96.32984198628498,114.2357911918839,-113.3927426550039,15.511690443495729,-0.5139279910274899,0.9442880358900407,-0.6583808281260721,1.116596855043603,0,0.0,0.4536924498027012,1.4563285500062193,1.028652490821024,0.2116898425406903,0.6259496748120554
223,CAL_ZERO_COMP_ERROR_SRM,94.8146521439619,96.13943352761109,111.64640931443856,-114.33384925213191,15.457583412618256,-0.5094377050431067,0.962249179827573,-0.9541008621347368,0.9352254520485233,0,0.0,0.4682452910601002,1.540328754694201,1.019242609105835,0.17308512673031243,0.4089831328253126
223,ORACLE_SRM,97.18317129977069,97.48119728443983,123.6591789204061,-124.88250467871609,15.851025132852275,0.0,0.0,0.0,0.0,0,0.0,4.348309318354037e-12,7.275957614183426e-12,1.0000000000000002,0.0,0.0
224,NOMINAL_SRM,64.35132972102875,84.72893460680275,69.51422278558069,-67.59383799440359,10.397230850669228,-1.0,3.001465425125935,-35.21955426652492,35.219920622806384,309,0.015869140625,15.853924315280583,35.428139059659316,0.9992835250411516,7.050083615869695,19.484065650671255
224,CAL_CURRENT_SRM,94.86106237093175,96.19432259621925,108.9670811824381,-108.31906575479945,15.46529275264647,-0.5137865262836652,0.9448538948653391,-1.51613641565567,1.4885633630883581,0,0.0,0.4739596631026469,1.4595148757089191,1.0283793878393441,0.21904412935899137,0.6104750662606335
224,CAL_ZERO_COMP_ERROR_SRM,92.03072850560439,94.62173900040969,107.96741192651442,-109.28429087687546,14.99513762551568,-1.0,1.4314859462263865,-1.7486342967009496,1.7212286751915038,26,0.0,0.6182236224414625,2.1107878017537587,1.0281689357146793,0.2743410584424681,0.6037619429542644
224,ORACLE_SRM,97.26330221977442,97.59906203946143,123.67723936215832,-123.716063282461,15.86433591690605,0.0,0.0,0.0,0.0,0,0.0,4.348309318354037e-12,7.275957614183426e-12,1.0000000000000002,0.0,0.0
225,NOMINAL_SRM,59.49678670094444,81.7044345199906,62.61954273520932,-61.18317026838878,9.590828355638612,-1.0,1.501144968246214,-59.91522655106659,59.91568453836485,767,0.018310546875,26.77547341436079,53.06117014555912,1.0006694664990208,12.152858276512267,39.06806987425807
225,CAL_CURRENT_SRM,95.1320480339423,96.27372821612897,113.16888009599545,-116.06568254369333,15.510306982382442,-0.5044747423113016,0.9821010307547935,-0.7694191608999841,1.255994933966079,0,0.0,0.45239516724617285,1.5291343273829625,1.009034635113634,0.2080750730690171,0.5297712422033634
225,CAL_ZERO_COMP_ERROR_SRM,92.70562152053762,95.45004108134675,106.27776125231944,-106.50139474992366,15.107246099757079,-0.5029793467562886,0.9880826129748455,-1.3384171695824338,1.8255422716279213,0,0.0,0.5798372508999361,1.9362389838224772,1.0059982594793748,0.29723324564062964,0.6085135971761702
225,ORACLE_SRM,97.10122853104781,97.47104662281296,124.06392930724023,-125.60864443345372,15.837413377250467,0.0,0.0,0.0,0.0,0,0.0,4.348309318354037e-12,7.275957614183426e-12,1.0000000000000002,0.0,0.0
226,NOMINAL_SRM,55.87770459412842,77.65462200261884,58.31297315102829,-57.19066520695201,8.989651925934954,-1.0,2.0027721139086805,-71.64023612606522,72.14162218301979,1064,0.0267333984375,41.6256622536759,74.42829774257552,0.9992774077645836,17.0868704664191,61.80254443706508
226,CAL_CURRENT_SRM,95.75422762078425,96.61209273896738,117.90226911784077,-115.12167379941138,15.613659073219976,-0.5100405896176031,0.9598376415295875,-0.9401837214270458,0.9201025421918396,0,0.0,0.42594917883938155,1.2241536548972363,1.020500750226948,0.17890212736949732,0.4960825939268858
226,CAL_ZERO_COMP_ERROR_SRM,90.99345851861082,96.12450521514772,97.62522399589393,-97.38639433822179,14.822833640965253,-1.0,0.9734488967558823,-1.933256019775994,1.7533799249244666,5,0.0,0.6878049735092026,2.2424683680837916,1.013450262226145,0.23444099180506772,0.5123917929886375
226,ORACLE_SRM,97.0842089560915,97.43042045322062,123.58113490981015,-125.40668329410009,15.834586205330815,0.0,0.0,0.0,0.0,0,0.0,4.348309318354037e-12,7.275957614183426e-12,1.0000000000000002,0.0,0.0
227,NOMINAL_SRM,57.54411094335734,81.34703800283884,62.10426357952854,-60.28093636965214,9.26646361185338,-1.0,3.499519340810254,-67.92329289693453,67.92318608378136,805,0.0,29.245350227477328,59.799107165208625,0.9991505228381057,12.565306146173882,41.24220200743912
227,CAL_CURRENT_SRM,95.50548525018442,96.85073383388435,111.61625497798632,-111.1585758920356,15.572339742555553,-1.0,0.9578545815213244,-1.2714885175860209,1.2504158083466836,2,0.0,0.44825774253892897,1.4538376426025934,1.0215399307646382,0.1909781941500107,0.4935414825255293
227,CAL_ZERO_COMP_ERROR_SRM,91.96811216739016,95.49970532338064,106.23820045001875,-108.77689187760492,14.984736240430259,-1.0,1.440527962157626,-1.6864728770885766,1.6626840619516348,14,0.0,0.6233350843756121,2.003789360211158,1.0243759198435394,0.25125411924024005,0.5010460476910694
227,ORACLE_SRM,97.21855888191672,97.53437730929888,123.06869043428777,-127.15767087119481,15.856903468756931,0.0,0.0,0.0,0.0,0,0.0,4.348309318354037e-12,7.275957614183426e-12,1.0000000000000002,0.0,0.0
228,NOMINAL_SRM,61.63093616569878,81.31072609773595,64.4191531678244,-63.951831652784094,9.945338233504781,-1.0,1.4990081484420301,-43.55656605731378,43.5561693166906,1134,0.0,19.11698408641975,42.242177627053024,1.0000618655550926,7.9098227934924905,22.973615188962867
228,CAL_CURRENT_SRM,94.23392518567313,96.37822363834533,107.7812705076237,-106.60018295781556,15.361117140477264,-0.5085947096567456,0.9656211613730175,-1.3542561551549135,0.8456614454981791,0,0.0,0.48790178082678876,1.6429199525264266,1.0174930841171401,0.2591594442441819,0.6622870712782856
228,CAL_ZERO_COMP_ERROR_SRM,91.3489723956005,95.56799761927023,102.53577603004106,-100.2304664436376,14.881889102259219,-1.0,0.9565416425061801,-1.8503677480391472,1.785180211798438,4,0.0,0.6932638808672763,2.3526540409729932,1.0222197201864454,0.28058226861537267,0.6857238241503367
228,ORACLE_SRM,97.2664311577725,97.68183253268322,123.49406154991019,-123.68612660555,15.864855674048588,0.0,0.0,0.0,0.0,0,0.0,4.348309318354037e-12,7.275957614183426e-12,1.0000000000000002,0.0,0.0
229,NOMINAL_SRM,58.07613917771202,78.49319132460974,63.23186529465257,-59.9894299984729,9.354840394968775,-1.0,3.5012363392148487,-69.17792600281182,69.1782007448596,1432,0.013427734375,32.94690782183921,66.3631803297485,1.001110687812399,14.0255902449475,48.71951474279558
229,CAL_CURRENT_SRM,94.41471253747102,95.81271065333736,112.51331973669087,-110.5614309917809,15.391148262038376,-0.5110934781945249,0.9556260872219002,-1.383159886471121,1.36097293008208,0,0.0,0.48533034379934764,1.5047340135788545,1.022709203997817,0.20634375020430282,0.6653746993188534
229,CAL_ZERO_COMP_ERROR_SRM,91.27439491004347,94.4495646746107,104.89755448221659,-105.27563057429829,14.869500815621839,-1.0,1.4455058022873448,-2.177059411454951,2.494006973426295,2,0.0,0.6801985910881623,2.393347673700191,1.0223078798072613,0.28688977347081945,0.6526981544669681
229,ORACLE_SRM,97.23403400047852,97.57096337381974,123.50812787248347,-124.36622819695692,15.859474086458226,0.0,0.0,0.0,0.0,0,0.0,4.348309318354037e-12,7.275957614183426e-12,1.0000000000000002,0.0,0.0
230,NOMINAL_SRM,54.9321655903165,77.8159923381846,60.5612770794402,-58.0595206379968,8.832585646231978,-1.0,5.002931208207383,-91.11958413483505,91.1200726695362,909,0.01904296875,40.99817878357668,69.14308498323317,1.0015027578954947,18.608989103138217,76.45212236526095
230,CAL_CURRENT_SRM,95.73850151310427,96.63259560988335,115.71471228973394,-114.55260054180499,15.611046762974132,-0.5093959577925794,0.9624161688296824,-0.5089839547712203,0.9807960813934823,0,0.0,0.4241502469328717,1.2487987702697865,1.0191529165808075,0.18384219939114987,0.5642454060497499
230,CAL_ZERO_COMP_ERROR_SRM,92.94052764284841,95.41864175496431,108.54508715805918,-105.35940699472124,15.146267050307046,-1.0,0.9651328689468908,-1.1946989753488844,1.6685486270590026,9,0.0,0.5702628576007338,1.9478299123857141,1.0177423426439518,0.2212339177883189,0.5191120183985376
230,ORACLE_SRM,97.26457294900766,97.56190635250918,124.12375190237604,-127.47199476812594,15.86454700149629,0.0,0.0,0.0,0.0,0,0.0,4.348309318354037e-12,7.275957614183426e-12,1.0000000000000002,0.0,0.0
231,NOMINAL_SRM,63.25369682880856,83.04745926486777,67.92754632351291,-68.0315903293883,10.214899805449928,-1.0,6.997314371166112,-38.9333780938139,38.933042390209664,589,0.0,16.502894466993233,28.094964398311276,0.9996373447503699,7.417326985890267,30.87558954148335
231,CAL_CURRENT_SRM,95.5174482874956,96.57090491525065,115.01354615946802,-114.19847669113449,15.574326958055748,-0.5079575799191272,0.9681696803234912,-0.9688258182650489,0.9529106584267945,0,0.0,0.4413234086769963,1.357854952901107,1.0161803541279075,0.21649409796028316,0.557224337588309
231,CAL_ZERO_COMP_ERROR_SRM,91.487797821884,95.60890836851682,101.98081217813541,-105.3164682350824,14.904949804299669,-1.0,1.4715414899136325,-2.008026367992187,1.9291970580156885,3,0.0,0.6592951162260641,2.1908966809278354,1.0114948964829586,0.2762425465496386,0.5662508246641664
231,ORACLE_SRM,97.05854549281406,97.42414057624615,123.57015792443582,-123.37461420487257,15.830323171563798,0.0,0.0,0.0,0.0,0,0.0,4.348309318354037e-12,7.275957614183426e-12,1.0000000000000002,0.0,0.0
232,NOMINAL_SRM,58.28822860817823,81.08620981575496,61.08848264231946,-59.492604864462216,9.3900711973718,-1.0,2.001099068844451,-55.810242711038704,55.810609067320264,935,0.015869140625,31.94082760988977,53.71882044818449,0.9993797837256991,13.010301103059778,49.56049704652469
232,CAL_CURRENT_SRM,95.83312331457722,96.59781812966972,116.59845955287695,-113.53970405093877,15.626764670195552,-0.5151219214453566,0.9395123142185735,-0.7960753196813868,0.7658314767906735,0,0.0,0.4307634910227068,1.3211036313241493,1.031191475645757,0.19313725968824005,0.5147943919740783
232,CAL_ZERO_COMP_ERROR_SRM,93.48850213120227,95.96103054206432,105.71210031593539,-104.49219839982212,15.237292712824297,-1.0,0.9495834223456525,-1.3833582567827474,1.358149967955572,2,0.0,0.5248385790446798,1.7280241906555602,1.025866507061577,0.16644566326312904,0.3444280244697566
232,ORACLE_SRM,97.16757016132284,97.59324132951888,122.82944188498834,-126.76244343812158,15.84843358161509,0.0,0.0,0.0,0.0,0,0.0,4.348309318354037e-12,7.275957614183426e-12,1.0000000000000002,0.0,0.0
233,NOMINAL_SRM,63.43344768973586,80.9893365962397,71.14234174518401,-69.33230926551785,10.244758752447817,-1.0,1.4996757433107755,-38.56970755861055,39.06951300459695,876,0.0,17.01292684337994,35.80949826523647,0.9997471928679054,7.3746264456843535,26.224973421150935
233,CAL_CURRENT_SRM,95.71940381188982,96.73583419497284,115.52900442697181,-115.2368297230246,15.607874387357112,-0.5083773308511612,0.9664906765953551,-0.8988616595965453,0.8821069978942229,0,0.0,0.4303120690827446,1.3342875551243196,1.0170464669381876,0.19615869819617837,0.5013781608021048
233,CAL_ZERO_COMP_ERROR_SRM,92.31768737816493,95.73427784238007,108.53742789686797,-119.01006511028598,15.042805212319756,-0.5046082949308756,1.4769585253456223,-1.5506912442396308,1.5414746543778812,0,0.0,0.6073205464630091,2.0503741337752217,1.0093092064474531,0.2395553473694901,0.54880835619565
233,ORACLE_SRM,97.16380043070599,97.38721019145285,124.20423414683235,-127.35860203498531,15.847807380515945,0.0,0.0,0.0,0.0,0,0.0,4.348309318354037e-12,7.275957614183426e-12,1.0000000000000002,0.0,0.0
234,NOMINAL_SRM,56.822498628379385,78.44669989065669,61.86110968137645,-61.536328452309625,9.146594456541427,-1.0,3.501717321284098,-67.35144789265493,67.35182951960694,1895,0.0166015625,34.11616480420181,62.623714145176564,0.9990974348505742,14.547195830305627,58.928320206416174
234,CAL_CURRENT_SRM,94.00560686629275,95.86804735709775,109.36287049327987,-110.89643974986826,15.323190509350956,-0.5165105136265145,0.9339579454939422,-1.7027191991943114,1.6696981719412824,0,0.0,0.5022327643851079,1.6707884661364005,1.0341733976462546,0.24571370844845272,0.6275061449196642
234,CAL_ZERO_COMP_ERROR_SRM,92.21065265927794,94.32466275616142,108.06245080303385,-106.99628834375156,15.025025358684044,-1.0,1.3927854794039782,-1.4630080339363323,1.8986793215787128,5,0.0,0.613351695453706,2.2102800354768988,1.0448134378292742,0.31128553930585157,0.8605128930738886
234,ORACLE_SRM,97.2084297890031,97.47676581870041,122.9820474100721,-124.3242894367871,15.85522089518324,0.0,0.0,0.0,0.0,0,0.0,4.348309318354037e-12,7.275957614183426e-12,1.0000000000000002,0.0,0.0
235,NOMINAL_SRM,60.173950328588724,78.2942690539681,66.24140541704007,-64.28597019641859,9.703314008071217,-1.0,1.500305222354485,-45.14731556939253,45.147437658334326,1352,0.0076904296875,24.191862381278906,49.51527473686656,1.0001879434693763,9.746810106688798,29.238964574535203
235,CAL_CURRENT_SRM,95.81397252561467,96.90676207308465,110.33866213495116,-112.68981924444233,15.623583476015726,-0.5098954757000076,0.9604180971999694,-0.9235217822537576,0.9037308308537423,0,0.0,0.43063251706383393,1.3401537901881966,1.0201941644167127,0.161139375229826,0.4620966063278189
235,CAL_ZERO_COMP_ERROR_SRM,95.48231203556486,96.78478051378926,113.71543420740089,-113.64320760987127,15.568490371356289,-0.5073969801704472,0.9704120793182112,-0.7750234612831605,1.252832520771819,0,0.0,0.44197650488806134,1.3888264405304653,1.0150257980300454,0.20352842405302982,0.47944664694932726
235,ORACLE_SRM,97.18087019384727,97.48754905281588,123.21672396950326,-124.84930966101334,15.850642889343401,0.0,0.0,0.0,0.0,0,0.0,4.348309318354037e-12,7.275957614183426e-12,1.0000000000000002,0.0,0.0
236,NOMINAL_SRM,55.45918569556119,77.8601112672297,59.14144138603726,-56.38221146710981,8.920130514212824,-1.0,1.5001526018617426,-81.5001220814894,81.50018312223409,943,0.0020751953125,44.76627154235234,69.13526514544719,0.9991576739221906,18.50054607939624,73.47003297742776
236,CAL_CURRENT_SRM,95.14633331304526,96.08263964467262,114.64465125689658,-113.04811731239073,15.5126799523331,-0.5121616260261849,0.9513534958952605,-0.9232459486678698,0.8989226966155,0,0.0,0.45306625638096787,1.3400357305526995,1.0249343465821317,0.20047050328641994,0.6543431203410393
236,CAL_ZERO_COMP_ERROR_SRM,93.73825160941566,95.33076252732039,106.37754636443998,-103.34639636314208,15.278779337112235,-0.5137028107547227,0.9451887569811093,-1.2651600695822018,1.2377544480727563,0,0.0,0.5271219149430049,1.7961091697452503,1.0281792302079396,0.3028829014431278,0.7581289827276692
236,ORACLE_SRM,97.11333566564242,97.413044830866,124.09500484074516,-124.04658834906179,15.839424529176483,0.0,0.0,0.0,0.0,0,0.0,4.348309318354037e-12,7.275957614183426e-12,1.0000000000000002,0.0,0.0
237,NOMINAL_SRM,57.01075711388549,79.00975620071345,61.73480146428545,-60.2403146581083,9.177866630213538,-1.0,5.50605593145266,-76.54248316099051,76.54341484275247,709,0.02685546875,36.684895262533274,72.77058167383075,0.9992868213235667,15.31022180201154,46.75114588043289
237,CAL_CURRENT_SRM,95.46273622889197,96.41086166702435,118.67921824381136,-124.11115243057776,15.565238576227902,-0.5097506637775812,0.9609973448896754,-0.818628498184149,0.7991271706289867,0,0.0,0.4463711780411197,1.289092078615795,1.0198866427289417,0.21079090139735884,0.5863894998564518
237,CAL_ZERO_COMP_ERROR_SRM,93.20053229129337,94.9622181702381,110.22670447464779,-111.43240869302473,15.189457191244745,-0.5124742504005493,1.4376287479972532,-1.5509269855801915,1.5179674982833462,0,0.0,0.547970443269213,1.882616254970344,1.0255988676762944,0.33427000936880163,0.8557104343504989
237,ORACLE_SRM,97.11653856166379,97.61288214313161,123.58990436856756,-120.14284797025735,15.839956571704949,0.0,0.0,0.0,0.0,0,0.0,4.348309318354037e-12,7.275957614183426e-12,1.0000000000000002,0.0,0.0
238,NOMINAL_SRM,64.46837674991234,83.23959180607704,70.72732820308799,-79.63219581360909,10.41667387872298,-1.0,3.002076335877862,-34.031633587787375,34.032152671756855,483,0.0194091796875,15.598515966563209,34.48912883518233,0.9996017750726354,6.99829565401329,22.20154141306648
238,CAL_CURRENT_SRM,95.87310945013533,96.86478189781091,114.7550375267275,-115.20716630407065,15.63340688540454,-0.5031052109559777,0.9875791561760892,-0.8722514686808576,0.8660410467689021,0,0.0,0.43291367784392576,1.296330450422829,1.0062440309027276,0.19123403080674134,0.4692543051009075
238,CAL_ZERO_COMP_ERROR_SRM,92.59749609898103,96.16743859346387,103.13138244991373,-115.10239562769948,15.089285066275918,-0.5012054811243019,0.9951780755027924,-1.3696707052827537,1.3672597430341493,0,0.0,0.5893030237991748,1.8884320995657617,1.0024156410240337,0.2387752137824514,0.48019285275609036
238,ORACLE_SRM,97.27403781045464,97.8123509483347,123.05270916164744,-122.4104233096308,15.86611923761705,0.0,0.0,0.0,0.0,0,0.0,4.348309318354037e-12,7.275957614183426e-12,1.0000000000000002,0.0,0.0
239,NOMINAL_SRM,58.13308799797262,79.43532995486852,62.9080300034652,-61.839836074879386,9.36430033188914,-1.0,1.0009159745969711,-54.266747068898376,54.2672050561969,801,0.0184326171875,29.468427022629395,47.61890080022931,0.9987710762401194,13.235806256036328,55.07703108830901
239,CAL_CURRENT_SRM,94.9903191965295,96.58279245456683,109.29920681911683,-105.80322054354589,15.486763986134468,-0.5008163576714733,0.996734569314107,-1.1769588769359884,1.175326161593042,0,0.0,0.46629035920046663,1.3671230750333052,1.001624911572234,0.1843538038650661,0.44766000499931025
239,CAL_ZERO_COMP_ERROR_SRM,61.46410921494354,95.21566728798891,71.60173252775937,-66.89630520066706,9.917626115439127,-0.4981391003354214,1.0074435986583143,-1.6560475410087148,1.528694613346403,0,0.0545654296875,4.30627731167003,120.58388796942745,0.9963208331150948,0.2227883497282057,0.5166212003114197
239,ORACLE_SRM,97.12679099485457,97.44011453279285,122.93191975010481,-124.69622909182112,15.841659633696773,0.0,0.0,0.0,0.0,0,0.0,4.348309318354037e-12,7.275957614183426e-12,1.0000000000000002,0.0,0.0
240,NOMINAL_SRM,61.218065718989564,79.21101522169793,70.30981740449731,-70.29573059556479,9.876755102822187,-1.0,5.499504081788357,-49.1866178377924,49.186541542682896,867,0.0,20.470312397618404,47.93872826776669,0.9994859154033929,8.424752430036857,26.961344292969443
240,CAL_CURRENT_SRM,95.02445153442567,96.04168933385438,115.73235212544907,-122.12414410569045,15.492433809705261,-1.0,0.9843134861293372,-0.9118015076143685,0.9039582506790371,2,0.0,0.4646762166324602,1.3625362277371096,1.007906978372758,0.22257397275647314,0.6597243843280722
240,CAL_ZERO_COMP_ERROR_SRM,93.5557938766427,94.86911199754259,107.6536844577127,-105.59979141281003,15.248470743628355,-1.0,0.9748527481917786,-1.1904202398754835,1.1778466139713728,3,0.0,0.5244687229148238,1.673785309874802,1.0127355897917576,0.3164016432566739,0.8142425385400429
240,ORACLE_SRM,97.18862135673164,97.3763977895214,123.28950739305391,-126.31730348919945,15.851930457928844,0.0,0.0,0.0,0.0,0,0.0,4.348309318354037e-12,7.275957614183426e-12,1.0000000000000002,0.0,0.0
241,NOMINAL_SRM,55.07420414891709,76.61096647431566,59.52708611028902,-57.13501965078465,8.856180091182242,-1.0,2.9977416302987763,-102.43343150120535,102.43343150120555,1366,0.0,47.84245525098139,101.69078209536679,1.0016587998205932,21.507124933902805,66.22559230149636
241,CAL_CURRENT_SRM,96.15099799618162,96.8754927476054,120.79548798783537,-118.70539236552494,15.679567773452096,-1.0,0.9528183843501086,-0.9479049043244728,0.924314096499527,2,0.0,0.41780198504507793,1.303131512077016,1.024168527664932,0.18461944100069952,0.5554079155549374
241,CAL_ZERO_COMP_ERROR_SRM,93.71887128165646,95.78029679909918,110.21464022150313,-115.05222567240949,15.275560013564197,-1.0,0.9647511215552231,-1.3952146977141646,1.3952146977141648,1,0.0,0.5243449935677503,2.004765009287439,1.0179348181282275,0.18374068563496357,0.35597517373938103
241,ORACLE_SRM,97.26892616781709,97.60456840037244,124.13246558393786,-123.56602259766237,15.865270127544367,0.0,0.0,0.0,0.0,0,0.0,4.348309318354037e-12,7.275957614183426e-12,1.0000000000000002,0.0,0.0
242,NOMINAL_SRM,52.73744472060688,77.34027528386925,55.71016101593867,-53.708127622766675,8.468014073190513,-1.0,3.001098968190976,-109.280572684546,109.28084742659402,1244,0.013671875,60.705563044434584,102.9817315268001,1.0013702361662133,26.34332716062105,98.33416795165613
242,CAL_CURRENT_SRM,94.9801602827879,96.23159416429446,111.56222163943087,-109.2197824514094,15.485076458934868,-0.5137943662831508,0.9448225348673969,-1.1802423169652394,1.1526535843989378,0,0.0,0.45446223862131085,1.4497931912010245,1.0283829906266997,0.24576515557518258,0.6116369475034631
242,CAL_ZERO_COMP_ERROR_SRM,93.06833587569072,95.46394015475306,103.72081843768581,-101.5247974670485,15.167497653769223,-0.512687876707103,1.4365606164644849,-1.427450980392157,1.3762264438849472,0,0.0,0.5677484265491682,1.91568165785975,1.0260429007004472,0.27416126080380054,0.5367509293277308
242,ORACLE_SRM,97.11279287058467,97.32481692373801,124.17137094018722,-125.68676159511278,15.839334363884497,0.0,0.0,0.0,0.0,0,0.0,4.348309318354037e-12,7.275957614183426e-12,1.0000000000000002,0.0,0.0
243,NOMINAL_SRM,56.34300892987588,79.51390859116815,61.58184220208875,-60.218541559043494,9.066945004962772,-1.0,3.9992370372631,-83.23206274605548,83.2319101535081,819,0.0,35.85676864435579,79.08416588501859,0.999196133163672,15.65799880972519,48.68689099324911
243,CAL_CURRENT_SRM,95.75959106332726,96.88130099968491,113.10977219888719,-117.82583451527307,15.61455001051948,-0.5079348124637593,0.9682607501449629,-0.9494613483077486,0.9335917233802301,0,0.0,0.444505088836243,1.2184944152068056,1.016131888898019,0.1664205539504671,0.38709265512750335
243,CAL_ZERO_COMP_ERROR_SRM,92.76726038171483,95.72566474386633,105.01157155167229,-109.44546436115411,15.117485113241667,-0.5069277016510514,1.9584337900936917,-1.8763084810937831,1.8624530777916803,0,0.0,0.5873661455719934,2.180530887118948,1.014067604142116,0.2664807296420743,0.5757199165352631
243,ORACLE_SRM,97.17293992957151,97.60163713943177,124.50357382168315,-124.61135864584166,15.849325569696266,0.0,0.0,0.0,0.0,0,0.0,4.348309318354037e-12,7.275957614183426e-12,1.0000000000000002,0.0,0.0
244,NOMINAL_SRM,59.070071748628976,77.54650868569502,66.4957471134055,-67.40464391803185,9.519945473194182,-1.0,2.0002289062857668,-70.91409910115274,70.91417540324792,751,0.00439453125,28.05498902160223,55.07664564827428,0.9987443821786193,13.466370455189889,41.070887915690946
244,CAL_CURRENT_SRM,95.11657506336348,96.92024336046005,109.80087455155258,-109.06654509182988,15.507736721488952,-0.5002059967956054,0.9991760128175784,-0.9106889448386358,0.8884870679789425,0,0.0,0.45735544700784414,1.388414698125871,1.0004129122253473,0.19025506330753142,0.44759728192673975
244,CAL_ZERO_COMP_ERROR_SRM,70.77681921583165,95.26343409624803,82.3472374420419,-78.36705946313197,11.464587909606587,-0.4992129113111522,1.0031483547553912,-1.7883419174397466,1.789916094817443,0,0.0352783203125,1.3305497467693506,51.037902966476395,0.9984424469867152,0.2773531077190564,0.610404278486385
244,ORACLE_SRM,97.12103768224844,97.35178918161067,123.2053171540302,-126.0597807214525,15.840703933928314,0.0,0.0,0.0,0.0,0,0.0,4.348309318354037e-12,7.275957614183426e-12,1.0000000000000002,0.0,0.0
245,NOMINAL_SRM,64.79547876247636,83.51686541337294,71.23915490385994,-71.90162623863627,10.4710097612087,-1.0,1.500267065484457,-38.134280525587414,38.13438735178119,747,0.007080078125,14.464977916114053,29.836233401558957,0.9991833901889068,6.8464434062368476,22.945175813541937
245,CAL_CURRENT_SRM,94.58505926541933,96.1583712110646,109.7352949323954,-109.06696298713184,15.419445060700886,-0.5147631036850537,0.9409475852597851,-1.3241016250858322,1.2945754177157245,0,0.0,0.4709448074835204,1.5469137127802242,1.03043757850664,0.2054350146877437,0.5085844211592985
245,CAL_ZERO_COMP_ERROR_SRM,92.50390943144814,95.18717267266395,107.64993223437233,-108.34693916335095,15.073739108213976,-0.5117343668935209,0.9530625324259163,-1.6638996551408438,1.6404309213538018,0,0.0,0.5922690526554012,2.198092278796139,1.024028425770995,0.27959725958205145,0.6373047513414463
245,ORACLE_SRM,97.08706234025222,97.3720408826284,123.07639599073866,-122.94335520589993,15.835060189410667,0.0,0.0,0.0,0.0,0,0.0,4.348309318354037e-12,7.275957614183426e-12,1.0000000000000002,0.0,0.0
246,NOMINAL_SRM,62.13314930347564,79.31427432099822,65.16758782878355,-64.56390719170409,10.02876234277004,-1.0,1.500610519246619,-48.161131292162395,48.16137549986103,1121,0.0125732421875,19.574988133175744,45.708400839721435,1.0002452702543152,8.694395851333086,24.13572440444841
246,CAL_CURRENT_SRM,95.63895362516915,96.45818812344628,115.15279534147949,-112.73366356793049,15.594510568964976,-0.5012588693064775,0.9949645227740902,-0.9283588921950103,0.9258411535820554,0,0.0,0.4358384344183909,1.2568080660448686,1.0025331360120986,0.17491937322288567,0.6050695634254026
246,CAL_ZERO_COMP_ERROR_SRM,92.71567167341306,95.5917082531647,103.48884604084037,-100.73156362410343,15.108915560367617,-1.0,0.9919127183947509,-1.5271992065308615,1.5231555657282367,14,0.0,0.5532394419032602,1.9790941282972199,1.0040544093349544,0.28299984180103116,0.6538074707700403
246,ORACLE_SRM,97.09985485017855,97.4095778513955,123.7946098739293,-130.25258742889895,15.83718519105956,0.0,0.0,0.0,0.0,0,0.0,4.348309318354037e-12,7.275957614183426e-12,1.0000000000000002,0.0,0.0
247,NOMINAL_SRM,70.5882102006956,86.581966973568,75.90242520115103,-75.43788279632024,11.433257508421196,-1.0,3.5029546044494664,-20.36977599975475,20.370432578521267,437,0.02197265625,7.071526522536471,16.758015949613764,0.9995976943879661,6.7017806822788,20.261342459039952
247,CAL_CURRENT_SRM,95.07708102921038,96.15137822043584,113.31120042299916,-111.57796607692589,15.501176250699398,-0.5061417563134203,0.9754329747463188,-0.9645227740901808,0.9522392614633403,0,0.0,0.462113027465814,1.4141264582322037,1.0124408003897962,0.22407026851366169,0.617609861419055
247,CAL_ZERO_COMP_ERROR_SRM,91.19610117894551,94.90523647915805,102.42023618101668,-101.73396510694984,14.85649521244942,-1.0,0.9665827420462347,-2.0100709544518414,1.9336232547494392,14,0.0,0.6824170880934215,2.299678244136885,1.017005028123887,0.30535575828119904,0.8466500115828239
247,ORACLE_SRM,97.11765052851128,97.46984928339458,122.00652986339803,-124.36560911176123,15.84014128380586,0.0,0.0,0.0,0.0,0,0.0,4.348309318354037e-12,7.275957614183426e-12,1.0000000000000002,0.0,0.0
248,NOMINAL_SRM,56.00277050169404,79.53130713642597,59.419591009073756,-58.2247591177455,9.010426993636884,-1.0,3.5016829620131427,-87.4835710851094,87.98413207244705,1546,0.0162353515625,41.11292920300833,82.12058881314988,0.9999922073574363,16.713227041440476,56.61928249246557
248,CAL_CURRENT_SRM,95.24179735702646,96.61418889401875,111.44585407400527,-111.24168063441547,15.528537766947917,-0.5162127107652399,0.9351491569390404,-0.9273670557717252,0.8949416342412453,0,0.0,0.45083551483341716,1.4272919927207113,1.033514402540141,0.17866700691011336,0.4765309575030088
248,CAL_ZERO_COMP_ERROR_SRM,92.47661756052315,95.7003217268545,107.31811929278614,-109.06994361978298,15.069205574837733,-0.5143284401989806,0.9426862392040776,-1.7819757683034763,1.753318887905516,0,0.0,0.5881244533895205,1.9787035870176624,1.0295158436592766,0.21769213278739802,0.4414531222837468
248,ORACLE_SRM,97.0881175784475,97.39430379901978,122.44426267843734,-127.77136144011541,15.835235478147425,0.0,0.0,0.0,0.0,0,0.0,4.348309318354037e-12,7.275957614183426e-12,1.0000000000000002,0.0,0.0
249,NOMINAL_SRM,67.66128477508758,83.31165512598858,72.82834101035286,-77.71946734506345,10.947057271609232,-1.0,1.500190755238139,-26.407285324055046,26.40736162615031,1096,0.0050048828125,10.533025747206505,24.186241977649843,1.0001695041544136,5.26536928455408,16.366204067571744
249,CAL_CURRENT_SRM,95.46131056766492,96.42905423331507,116.97972985226033,-115.89056942996983,15.565001755426067,-0.5070725566491188,0.9717097734035247,-1.1285420004577686,1.114396887159532,0,0.0,0.4398024386475363,1.40877034555524,1.0143577243980162,0.19141413321996112,0.515547261886951
249,CAL_ZERO_COMP_ERROR_SRM,95.368891930136,96.68279108322491,112.79764291406755,-111.29358210978421,15.549649822281728,-0.5034333323160497,0.9862666707358012,-0.988799707022309,0.9819330423902097,0,0.0,0.43605304184294635,1.3031440497125004,1.0069233204567491,0.26815127126440974,0.7799526261252936
249,ORACLE_SRM,97.09122543399629,97.48137388885536,123.05057167517667,-123.97373618056926,15.835751733221974,0.0,0.0,0.0,0.0,0,0.0,4.348309318354037e-12,7.275957614183426e-12,1.0000000000000002,0.0,0.0
250,NOMINAL_SRM,56.01798114114583,76.34749186397356,61.30032432730188,-58.780588154177664,9.012953677931202,-1.0,1.498970016021973,-67.64715037766638,67.64673838407522,885,0.0,39.81821938529334,73.30744008460533,1.0000963966862033,15.445225762269095,55.11577406316064
250,CAL_CURRENT_SRM,95.63852064804396,96.78449119665476,108.23537954163092,-107.5950019622939,15.59443864585448,-0.5049897762993255,0.980040894802698,-0.9922177800836204,0.9822382274849694,0,0.0,0.43421480318964356,1.3051027436340519,1.0100728565805683,0.19285460229153603,0.541420123539595
250,CAL_ZERO_COMP_ERROR_SRM,91.56083723741278,94.96310190554624,103.71492141359626,-105.45183269486215,14.917082597576874,-0.5057602807660029,0.9769588769359883,-1.9901579308766384,1.9786373693446369,0,0.0,0.6585471724499208,2.3681643072413863,1.0116639547779231,0.33343520941496785,0.6311569671766506
250,ORACLE_SRM,97.1516397726606,97.51219425243632,122.45317545440152,-124.0473347705925,15.845787337651263,0.0,0.0,0.0,0.0,0,0.0,4.348309318354037e-12,7.275957614183426e-12,1.0000000000000002,0.0,0.0
251,NOMINAL_SRM,58.903082483185436,79.11803434674655,61.653236115789774,-60.19332712832619,9.49220639255572,-1.0,1.5006486866004245,-64.26678571973207,64.26704519437223,1218,0.012939453125,29.697357974051613,56.33949136624324,1.0004644337711652,12.451829605008513,45.63609713463302
251,CAL_CURRENT_SRM,95.81610328691318,96.60750320033287,115.87594987720557,-114.22492999605174,15.62393742307528,-0.5124515518662068,0.9501937925351727,-0.756279183324687,0.7313760795922734,0,0.0,0.4259711670237913,1.2846148119142526,1.0255390200659478,0.1755917431162688,0.49977112547670544
251,CAL_ZERO_COMP_ERROR_SRM,93.96858414170138,95.91145577750042,110.5109131045076,-114.79467230518628,15.317040555099897,-0.5102616922255283,0.9589532310978865,-1.5515373464560536,1.5310139620050052,0,0.0,0.49819656353657366,1.6694629075864214,1.0209740668698108,0.22533003850408687,0.5705859971477025
251,ORACLE_SRM,97.12925192384799,97.4476485730892,121.72650880166347,-121.58276722157056,15.842068425888371,0.0,0.0,0.0,0.0,0,0.0,4.348309318354037e-12,7.275957614183426e-12,1.0000000000000002,0.0,0.0
252,NOMINAL_SRM,54.06147092350353,77.51649871725544,56.835009064419694,-55.42333893783726,8.687951980648428,-1.0,3.0026874331959075,-102.21823179112243,102.21890364942145,581,0.0224609375,50.41154025733382,98.83684461966641,0.9981192811928656,22.123067753147083,74.64395011690067
252,CAL_CURRENT_SRM,95.799076474998,96.80968068971971,117.17606452065696,-117.27925153627064,15.62110904900299,-0.5065004425183874,0.9739982299264502,-0.7992797631763664,0.7862788781395916,0,0.0,0.43116376704642656,1.2735586937633343,1.0131731875519439,0.21295361076816474,0.5253321047196344
252,CAL_ZERO_COMP_ERROR_SRM,92.51735990030264,95.99291386026621,100.63119431826729,-99.88883022833525,15.075973405365886,-0.5050050355540636,0.9799798577837457,-1.642094180120226,1.6320841090120939,0,0.0,0.585484668087098,1.8847567651682766,1.0101274051996554,0.3298943117231063,0.7146888613610258
252,ORACLE_SRM,97.26988836039985,97.6420485274916,123.89126303419272,-123.36359207313903,15.865429960199311,0.0,0.0,0.0,0.0,0,0.0,4.348309318354037e-12,7.275957614183426e-12,1.0000000000000002,0.0,0.0
253,NOMINAL_SRM,58.038137092811084,81.11582801477817,62.31813761751404,-60.92056998012343,9.348527756280912,-1.0,4.002213571483093,-64.85292725746142,64.85336997175797,900,0.017822265625,30.037361023734707,62.38584401659864,0.9986382721318963,13.895529279694202,44.74961373651786
253,CAL_CURRENT_SRM,94.74804039247459,96.48796516319771,109.54466755347352,-117.89226051840748,15.446518337620365,-0.5076525162511063,0.969389934995575,-1.4598147526475096,1.4598147526475083,0,0.0,0.46860798507468815,1.4363127545984753,1.0155645838290763,0.18786795391938907,0.46519010636870917
253,CAL_ZERO_COMP_ERROR_SRM,92.40502643004824,95.37080229680569,104.37978545207231,-103.8413475707554,15.05731336047313,-0.5083010345774712,0.9667958616901149,-1.7611468855860792,1.7445448164311375,0,0.0,0.5980379916390187,1.979677984447335,1.0168987978552104,0.30612851259242796,0.8669187598998178
253,ORACLE_SRM,97.13581365928334,97.52487391173378,123.0866975088019,-124.38141714014347,15.843158415163346,0.0,0.0,0.0,0.0,0,0.0,4.348309318354037e-12,7.275957614183426e-12,1.0000000000000002,0.0,0.0
254,NOMINAL_SRM,56.20221636893312,74.60890481000065,62.76744415441335,-61.81193126799866,9.04355753636763,-1.0,6.99633777886288,-75.37214270455031,75.37168492690817,1660,0.0,37.10827573674185,77.01843744300777,0.9999953437216532,16.224426278143408,56.188954576439755
254,CAL_CURRENT_SRM,95.22139902326317,96.328109606534,113.70059309749377,-117.59626345459802,15.525149339412488,-1.0,0.9598687724116886,-1.2070649271381706,1.1869993133440147,1,0.0,0.455290891621253,1.483324222110241,1.0204665149746088,0.20515500106414614,0.5631865033343217
254,CAL_ZERO_COMP_ERROR_SRM,93.11767458657856,95.63334926980215,107.05693040230302,-106.83068482782733,15.175693452920026,-0.5090182195501571,0.9639271217993715,-1.5055696279793696,1.3453779717398604,0,0.0,0.5558124455928128,1.9370388265924703,1.0183638838018674,0.3033758711356312,0.8574564276752881
254,ORACLE_SRM,96.99717722733546,97.30919660282979,123.49327083275631,-125.58296774769543,15.820129107530807,0.0,0.0,0.0,0.0,0,0.0,4.348309318354037e-12,7.275957614183426e-12,1.0000000000000002,0.0,0.0
255,NOMINAL_SRM,55.92672152032919,80.68681329278895,59.69175279861217,-57.19128362686399,8.997794272479933,-1.0,6.007592074912546,-89.79201991963163,89.79310450176189,774,0.02880859375,41.97731747106123,73.03988598149681,1.00046270826876,17.824781287537537,68.20262955822545
255,CAL_CURRENT_SRM,95.07011512975836,96.1403601272502,111.9142587682544,-109.61183817926106,15.500019124544579,-0.5066300450141146,0.9734798199435417,-1.2487373159380484,1.2354772259098192,0,0.0,0.4535019083750698,1.3770280728240323,1.01345413758223,0.18739097861630796,0.5707530680209771
255,CAL_ZERO_COMP_ERROR_SRM,92.73115820844986,95.737061522056,104.62021320804371,-103.52499533129007,15.111488074493332,-1.0,0.9845576342051454,-1.9508957182531206,1.806024353770563,1,0.0,0.5780515759925826,1.9488064630095323,1.0077986393692928,0.24725517570621738,0.5425636480812841
255,ORACLE_SRM,97.12496593906346,97.54916619547816,122.92103550241565,-125.96011269610034,15.841356468282967,0.0,0.0,0.0,0.0,0,0.0,4.348309318354037e-12,7.275957614183426e-12,1.0000000000000002,0.0,0.0
256,NOMINAL_SRM,57.640913817570414,81.84825645222881,61.115083591782174,-58.558565672729,9.282543823516681,-1.0,3.001160039685568,-61.91695031671752,61.91724032663896,701,0.0142822265625,34.98907345837132,56.91697318200568,0.9993576478025388,14.505580590774391,56.54377844298142
256,CAL_CURRENT_SRM,95.94362477121129,96.51813592124631,119.97876813790728,-123.36260111893199,15.645120393888918,-0.5116502632181277,0.9533989471274893,-0.94355687800412,0.9202563515678646,0,0.0,0.4182490978024815,1.1733238054002868,1.0238672132295716,0.17908321685296452,0.5627501451977821
256,CAL_ZERO_COMP_ERROR_SRM,92.94357895250046,96.22807268532867,99.74361585521888,-99.29763123122842,15.146773912375492,-0.509918515579699,0.9603259376812039,-1.4775383770256663,1.457701345866268,0,0.0,0.5771499267348225,1.948550348286517,1.0202461974916364,0.2174407700760569,0.4469142701553608
256,ORACLE_SRM,97.15252565668516,97.50553752409566,123.1125636324509,-123.75331121040497,15.845934494465974,0.0,0.0,0.0,0.0,0,0.0,4.348309318354037e-12,7.275957614183426e-12,1.0000000000000002,0.0,0.0
257,NOMINAL_SRM,55.68059618697301,77.6862648283238,60.40719327676679,-58.06172334944527,8.956909665610135,-1.0,2.9965819269386884,-86.11172826319162,86.1108737449263,834,0.0,44.540671482730026,85.50802422073457,1.001317877295096,20.351836635192967,60.015183659503236
257,CAL_CURRENT_SRM,70.70014334174115,96.28999492643699,82.45670121213053,-78.07544941750932,11.451851053445374,-0.4992052575271283,1.0031789698914868,-0.9359315298792614,0.925126088950024,0,0.035400390625,1.27142201676557,51.46082239883253,0.9984295728582454,0.17042087729369834,0.47985466861330295
257,CAL_ZERO_COMP_ERROR_SRM,92.78559733605437,95.75749628443432,104.28870330758238,-102.39805668804863,15.120531118945909,-1.0,0.991607537956817,-1.653238727397574,1.5357442587930115,5,0.0,0.5648484438051203,1.8751592605403857,1.0042060594720665,0.2735062701096424,0.6649415980441589
257,ORACLE_SRM,97.0514110518326,97.36444854293788,122.45632876036554,-127.00162212616851,15.829138048477176,0.0,0.0,0.0,0.0,0,0.0,4.348309318354037e-12,7.275957614183426e-12,1.0000000000000002,0.0,0.0
258,NOMINAL_SRM,60.449368606785654,80.5776625727685,66.14103520260528,-63.21290624457569,9.749064552622203,-1.0,3.5041237743226317,-57.01805296759227,57.01896936188621,1611,0.0264892578125,25.20292732818484,57.29876621907033,0.9991840499180413,10.82046574484522,32.37485311625278
258,CAL_CURRENT_SRM,93.39427247647868,95.83390303231286,106.29985511041383,-118.88367371729063,15.221639946258916,-1.0,0.9331034272286141,-1.2498092593157737,1.2163609729300837,2,0.0,0.5381982662956474,1.7843060681839233,1.034610997013023,0.22978795896276952,0.6077395473930451
258,CAL_ZERO_COMP_ERROR_SRM,90.33136134622717,94.84610091351088,100.87979333555535,-106.31698368313354,14.712850721964646,-1.0,0.9350566118350778,-2.2079683828241423,2.175496688741683,38,0.0,0.7209789118970777,2.361163738523828,1.0335883821788807,0.33619988166953707,0.7254188169040958
258,ORACLE_SRM,97.20148062239694,97.72108342594036,124.00938067486344,-126.82728707910131,15.854066548570922,0.0,0.0,0.0,0.0,0,0.0,4.348309318354037e-12,7.275957614183426e-12,1.0000000000000002,0.0,0.0
259,NOMINAL_SRM,57.85006872026863,77.84379794156872,63.291065340859554,-60.73733925615987,9.317287162835322,-1.0,1.5021381227282444,-76.84370322855978,76.84455847765112,1977,0.025390625,33.514053899327585,76.22929671055908,0.9983859759802979,15.178663695578779,43.13956985418554
259,CAL_CURRENT_SRM,94.64648713587884,96.19266866355618,110.71810748228492,-116.84250330376051,15.429649025893495,-0.5142137788967727,0.9431448844129093,-1.0171663996337836,0.9887388418402382,0,0.0,0.49086936538356085,1.3915753470173513,1.0292645066053832,0.21732094027467938,0.6034694325363716
259,CAL_ZERO_COMP_ERROR_SRM,90.86052101228775,94.98055586387832,101.53036066589277,-100.20891670641305,14.800750998718895,-0.510620441297647,0.9575182348094118,-1.8861201818903164,1.8648792992950225,0,0.0,0.6817747958601043,2.230244133337692,1.0217087875760054,0.2715205855748259,0.8002561117373261
259,ORACLE_SRM,97.13473198509828,97.56986136323788,123.74527663688761,-125.75227764771377,15.842978735066161,0.0,0.0,0.0,0.0,0,0.0,4.348309318354037e-12,7.275957614183426e-12,1.0000000000000002,0.0,0.0
260,NOMINAL_SRM,62.42924306904648,81.04659437188162,69.32643837499414,-70.52411655959767,10.077947353662207,-1.0,2.995422293430991,-48.39414053559186,48.39299610894965,987,0.0,19.43765196493293,43.92242291567891,1.000856858127133,8.522953131464146,23.336498826489333
260,CAL_CURRENT_SRM,95.01687972302926,96.72180118164981,110.2913458969443,-111.21825014043503,15.491176033725791,-0.5058290353099155,0.9766838587603381,-1.022324289681692,1.0106662190618612,0,0.0,0.4618845885411835,1.4702018749703711,1.0117927915762763,0.16560476520817038,0.416062936991473
260,CAL_ZERO_COMP_ERROR_SRM,92.93306792988922,95.07282281970346,109.83078915220516,-111.0662759059199,15.145027895330434,-0.5105783976378855,1.447108011810573,-1.3578115343826362,1.5926954504879565,0,0.0,0.566821324792998,1.9845165657970938,1.0216184721032804,0.26671166602732266,0.7304713489864341
260,ORACLE_SRM,97.16307721887665,97.5368019518463,122.84717243206323,-123.20601738422262,15.847687245660573,0.0,0.0,0.0,0.0,0,0.0,4.348309318354037e-12,7.275957614183426e-12,1.0000000000000002,0.0,0.0
261,NOMINAL_SRM,55.23556713208313,74.7341899590547,60.22774305784169,-58.88141621436834,8.882984573435737,-1.0,1.4985885404745556,-83.91645685511718,83.91589227130704,1774,0.0,38.27159257062666,80.25159335830631,1.0000315312593104,15.195089466122651,48.24112981244252
261,CAL_CURRENT_SRM,95.45815559910453,96.42933193209828,112.28838089743768,-110.10679179488076,15.564477674269856,-0.5108262760357061,0.9566948958571757,-0.8738384069581141,0.8521858548867018,0,0.0,0.44653509033029565,1.3473235363999265,1.0221355596977313,0.16688647097463982,0.5747533318805367
261,CAL_ZERO_COMP_ERROR_SRM,94.14501185968433,96.03083046871362,108.42999163361478,-107.64732587061746,15.346347484997397,-1.0,0.9797967467268898,-1.1954100161748125,1.091250343333232,1,0.0,0.5024506406786734,1.6843971859125304,1.0102042246847438,0.18938768956771315,0.5116449490137711
261,ORACLE_SRM,97.13842043373373,97.40408930950346,123.40506165600814,-127.59068717894657,15.843591434175039,0.0,0.0,0.0,0.0,0,0.0,4.348309318354037e-12,7.275957614183426e-12,1.0000000000000002,0.0,0.0
262,NOMINAL_SRM,56.38515522167005,75.50685343522277,64.93864850068044,-61.35037691074381,9.073946050111305,-1.0,1.4990081484420301,-61.91494491409039,61.91454817346721,1337,0.0,32.314621514643804,60.79068208032186,1.00057742292706,11.776531608307904,37.55772919724586
262,CAL_CURRENT_SRM,95.21292208590725,96.56657314850035,108.64366083958441,-106.31269793849654,15.523741210283596,-0.5032578011749447,0.9869687953002211,-1.001953154802777,0.9954375524528877,0,0.0,0.4481233661523793,1.491188468387918,1.006552490564669,0.1929771826654874,0.519788771815044
262,CAL_ZERO_COMP_ERROR_SRM,94.01324681110134,96.46049434231152,105.9552416052463,-105.11869482940793,15.324459603172981,-0.5016479995117038,1.4917600024414805,-1.3226722006897205,1.3193762016663113,0,0.0,0.5087194568119191,1.6197426399085089,1.003301157471314,0.20757998671505984,0.41866576191802096
262,ORACLE_SRM,97.18867407862099,97.44826877636156,123.68551773825607,-127.31314029009168,15.851939215717772,0.0,0.0,0.0,0.0,0,0.0,4.348309318354037e-12,7.275957614183426e-12,1.0000000000000002,0.0,0.0
263,NOMINAL_SRM,62.0219292741684,80.49159327868631,70.10059569216784,-68.04835685015202,10.01028725484525,-1.0,3.4958800012207405,-52.100360118411814,52.09944456312754,920,0.0,20.630113374845443,53.554747905368174,1.0014291328966047,10.877262476451804,34.156014136407975
263,CAL_CURRENT_SRM,95.14321456348205,96.28163004261748,109.50143864198307,-108.48553186385135,15.512161887621604,-1.0,0.9623102159151595,-0.8610666056305796,0.8422217135881594,2,0.0,0.45766013533237976,1.3709919075772632,1.019204957562485,0.2004368211613066,0.6018812410218501
263,CAL_ZERO_COMP_ERROR_SRM,91.5637624259758,95.79911527232277,98.75135402959762,-96.91735290045996,14.917568509298306,-1.0,0.9730216376232186,-1.8778038880581067,1.8643147068697186,7,0.0,0.6287289943959985,2.2020212653715134,1.0136507691649324,0.24687038088407243,0.5018198454090452
263,ORACLE_SRM,97.19596854583205,97.47754768495703,123.34029599416434,-123.69050872061793,15.85315092123456,0.0,0.0,0.0,0.0,0,0.0,4.348309318354037e-12,7.275957614183426e-12,1.0000000000000002,0.0,0.0
264,NOMINAL_SRM,60.81702006787987,80.15457375012913,69.8151680942291,-67.68274898331693,9.810136223900312,-1.0,6.996704051270314,-48.16232547493693,48.16191348134571,390,0.0,22.73152799878993,48.8038950118862,1.0007849562773088,8.902599912032267,24.969049851133605
264,CAL_CURRENT_SRM,95.43763020580906,96.24117344289614,117.59507464324572,-120.2709257038152,15.561068140499843,-0.5019379253517258,0.9922482985930967,-1.0009765923032314,0.9971007415997798,0,0.0,0.44211792889051227,1.284389242299767,1.0038809185844815,0.1954074715869619,0.5352382765613761
264,CAL_ZERO_COMP_ERROR_SRM,92.33170519859081,95.71273116987982,103.9251367315818,-101.55262972439235,15.045133753918739,-1.0,0.9927672236209661,-1.7278095674067135,1.720576791027623,12,0.0,0.6130675434413204,2.1328703520184717,1.0036473169280795,0.2852843884911929,0.64578598403142
264,ORACLE_SRM,97.15291304815578,97.34326379676162,123.79716234817676,-124.13668339452323,15.845998845208602,0.0,0.0,0.0,0.0,0,0.0,4.348309318354037e-12,7.275957614183426e-12,1.0000000000000002,0.0,0.0
265,NOMINAL_SRM,53.69767959831585,76.68467820345745,56.91195237926302,-55.297951943139545,8.627521527959445,-1.0,3.004032504429645,-108.98999511210698,108.99100323821438,1073,0.0279541015625,51.699672812897546,95.21564491735808,1.0005138147560744,21.79049532676758,80.80082948527706
265,CAL_CURRENT_SRM,94.39835128940561,96.55367710534088,107.3407569882326,-106.6288970518498,15.388430446745119,-1.0,0.9716177861873225,-1.271523178807947,1.2573320719016083,2,0.0,0.49035013255450466,1.5832571387090866,1.0144053843065939,0.20124003268144225,0.532583462832708
265,CAL_ZERO_COMP_ERROR_SRM,91.9240190336264,95.18212133177195,102.14737674960772,-99.60953328263636,14.977411799605713,-1.0,0.9600518806744487,-1.9413748378728197,1.921400778210078,17,0.0,0.635229729875673,2.2140495517714953,1.020396006062454,0.28264839424015176,0.7243413829917138
265,ORACLE_SRM,97.10732767761783,97.44168561231915,123.55980005797775,-125.01660054780318,15.838426524521235,0.0,0.0,0.0,0.0,0,0.0,4.348309318354037e-12,7.275957614183426e-12,1.0000000000000002,0.0,0.0
266,NOMINAL_SRM,57.570030187930755,75.19340224252261,65.27877177208403,-65.0771559719954,9.270769134207768,-1.0,1.4975203711050753,-62.887157811212504,63.88616595965454,743,0.0,30.214318048854338,53.11553889375318,1.0002468678807273,10.256825002107606,27.191326119036148
266,CAL_CURRENT_SRM,95.5279226879013,96.9553723654411,106.11969978809968,-105.67348810033025,15.576066891677955,-0.5022201876859693,0.9911192492561227,-0.9534905012588694,0.9490501258869307,0,0.0,0.44466721395676634,1.3655814373814792,1.0044633466097228,0.18929596545401917,0.44875320031695765
266,CAL_ZERO_COMP_ERROR_SRM,89.59719953258484,95.61395866688653,95.04059121412698,-94.74195230908254,14.590896932323062,-1.0,0.9846186712240972,-2.507263405255236,2.499572740867285,13,0.0,0.8036567170850509,2.6605010315215623,1.0077673832383014,0.3766654014377899,0.8312651226930257
266,ORACLE_SRM,97.2247414366052,97.57303965764143,122.8998842036102,-125.78027725606148,15.857930471196877,0.0,0.0,0.0,0.0,0,0.0,4.348309318354037e-12,7.275957614183426e-12,1.0000000000000002,0.0,0.0
267,NOMINAL_SRM,59.7988034301055,77.42393843447664,68.29257075888499,-71.80232241020262,9.640997247525831,-1.0,4.000877561143119,-55.349612728453685,55.849875996796136,815,0.0101318359375,24.640720584993527,54.1799607476828,0.9991796133386309,10.112299383262453,30.1412570891207
267,CAL_CURRENT_SRM,95.06543112121962,96.05529290385944,117.08333535511574,-122.48555246344281,15.499241050036481,-0.5066147859922179,0.9735408560311285,-1.153307392996109,1.140077821011673,0,0.0,0.46273381800346314,1.4352048925647978,1.0134175020504197,0.21469801177743666,0.6185237471789726
267,CAL_ZERO_COMP_ERROR_SRM,91.1119921637727,94.978892399793,101.18811273432675,-100.09905765809884,14.842523615244634,-1.0,0.9924010070954452,-2.262989242389563,2.0590524147402154,18,0.0,0.673660933591507,2.2495748401397577,1.0037905411317407,0.21270993604728966,0.40198941858378134
267,ORACLE_SRM,97.1537803022877,97.38743906013788,120.94465626379227,-130.07610697005822,15.84614290735676,0.0,0.0,0.0,0.0,0,0.0,4.348309318354037e-12,7.275957614183426e-12,1.0000000000000002,0.0,0.0
268,NOMINAL_SRM,55.2249814238489,76.50342823377186,58.3947425271024,-57.9545367932985,8.881226150141014,-1.0,3.0010378985606785,-71.19546072012795,71.1957201947681,611,0.01318359375,43.92791785309554,80.56909112737412,0.9993657524623712,18.223226270134564,62.72855067491946
268,CAL_CURRENT_SRM,95.17095351114261,96.18414186217068,113.6229546741383,-116.33246187618262,15.516769686236314,-0.5104448004882887,0.9582207980468453,-1.2078583962767988,1.1869687953002213,0,0.0,0.4498234169660674,1.380993459414185,1.021349908222103,0.21210421008173322,0.6140140483206551
268,CAL_ZERO_COMP_ERROR_SRM,95.30602523233372,96.69214133938893,113.82281715331825,-111.94410405499511,15.539206849224872,-0.5065384908827344,0.9738460364690624,-1.1299458304722667,1.116868848706798,0,0.0,0.4512064101469061,1.4615699046353257,1.013263011992666,0.1414682550537161,0.35520550680647744
268,ORACLE_SRM,97.20410547052344,97.63784231649817,123.68480615761626,-124.8115524125837,15.854502569854393,0.0,0.0,0.0,0.0,0,0.0,4.348309318354037e-12,7.275957614183426e-12,1.0000000000000002,0.0,0.0
269,NOMINAL_SRM,55.06458351855201,76.59568809601693,58.823337791470635,-57.43003159992084,8.854581979825916,-1.0,1.9971617786187323,-102.3112582781457,102.31031220435194,1670,0.0,46.180772653871315,99.14692923118082,1.0020993704989285,21.037066467588293,57.563314965900645
269,CAL_CURRENT_SRM,94.68659426341225,96.10809694060926,107.60875769559016,-105.81195227453662,15.43631133943725,-0.5117191076387829,0.9531235694448683,-1.2503433332316043,1.226905117954039,0,0.0,0.47162318005718523,1.513162558075237,1.0240096769620366,0.21011014715647097,0.5870732970507504
269,CAL_ZERO_COMP_ERROR_SRM,90.52555680473381,94.4689329849637,100.09794982073583,-98.52453330411088,14.74510910377638,-1.0,0.9484237189855647,-1.923154393139506,1.8973662526322739,54,0.0,0.7422678507731373,2.4503605384379625,1.0264663080068936,0.4005032147703759,0.938915513648908
269,ORACLE_SRM,97.16907418413363,97.48072592873875,124.04322208383789,-123.08072974255992,15.848683419291302,0.0,0.0,0.0,0.0,0,0.0,4.348309318354037e-12,7.275957614183426e-12,1.0000000000000002,0.0,0.0
270,NOMINAL_SRM,53.396510765982526,77.03994974452685,56.22445613326231,-54.30227182038364,8.577493482721351,-1.0,1.5000953739804523,-99.22216796501004,99.7222251893979,1197,0.001220703125,56.73015851659953,88.67345029037642,1.0008636707545355,23.338704875427148,91.53006570589423
270,CAL_CURRENT_SRM,95.20489384401932,96.66145745379328,107.38905092633703,-106.19954677910982,15.522407615285601,-0.5116807812619211,0.9532768749523155,-1.000396734569314,0.9770351720454717,0,0.0,0.44852181349809855,1.4384873852091005,1.0239263597987251,0.2056002886647358,0.49968046921957665
270,CAL_ZERO_COMP_ERROR_SRM,92.51763574583686,95.84504254095037,102.6970576511909,-102.01966019749081,15.076019226883199,-1.0,1.431943723868526,-1.575090792565691,1.5478682821131013,2,0.0,0.5838754711414937,2.0568538994348273,1.0279921255722653,0.29169383353960204,0.6297871281635139
270,ORACLE_SRM,97.21811789484073,97.57897863976362,123.05327334594514,-123.70451043519671,15.856830215089822,0.0,0.0,0.0,0.0,0,0.0,4.348309318354037e-12,7.275957614183426e-12,1.0000000000000002,0.0,0.0
271,NOMINAL_SRM,59.278850882549904,78.90656259337607,63.81215272892932,-61.047221779900404,9.554626392450151,-1.0,0.9994811932555123,-57.55045395590765,57.55019455253541,1349,0.0,28.366229942795165,55.520113649516134,1.0003935394312788,11.404450605240152,42.14327197511011
271,CAL_CURRENT_SRM,95.0555998142749,96.05884029513746,111.42572926354634,-111.14858155074083,15.497607942570582,-0.5040207522697795,0.9839169909208823,-0.9561608300907907,0.9481193255512317,0,0.0,0.4591902081021378,1.3510569519294222,1.0081014784273408,0.21306678046009372,0.6694271103500355
271,CAL_ZERO_COMP_ERROR_SRM,92.6028567728462,95.40809121653503,106.43981494176711,-121.08118758577788,15.09017554366216,-0.5022659647516594,0.9909361409933624,-1.962462806134127,1.8124513618677043,0,0.0,0.5893283555529375,1.9004633092627046,1.0045731597999987,0.2674711748763444,0.7225449502202537
271,ORACLE_SRM,97.090968254984,97.52793756895322,122.80726867125901,-123.2894299569727,15.835709012455816,0.0,0.0,0.0,0.0,0,0.0,4.348309318354037e-12,7.275957614183426e-12,1.0000000000000002,0.0,0.0
272,NOMINAL_SRM,57.181896729683466,75.8205180804613,61.66919899254138,-60.55290575410123,9.206295137821174,-1.0,2.002634533000389,-84.20741029223775,84.70872755873772,2279,0.02587890625,33.83705331490005,79.50597456331343,1.0001062764339241,16.288221002768342,41.00812539265462
272,CAL_CURRENT_SRM,95.93932625389488,96.71799606889785,113.64036413257116,-112.85113267213833,15.644406354467588,-0.5168462172307504,0.9326151310769983,-0.7417065950498978,0.708014160588397,0,0.0,0.42059614974157905,1.302220718269382,1.034868375742564,0.15775332906385928,0.4742925746243287
272,CAL_ZERO_COMP_ERROR_SRM,93.17804277666626,95.29875863484044,106.41001805815917,-104.8961868994401,15.1857213914728,-1.0,0.923093356120487,-1.447233497116,1.408780175176244,1,0.0,0.5472913826245,1.9582426975207454,1.0399791741130386,0.3472352350056442,0.9460726257022429
272,ORACLE_SRM,96.97536140800891,97.24644839208509,123.47088736165007,-125.85550606336838,15.816505217277227,0.0,0.0,0.0,0.0,0,0.0,4.348309318354037e-12,7.275957614183426e-12,1.0000000000000002,0.0,0.0
273,NOMINAL_SRM,58.689057334709574,80.84543216577417,62.398611407934396,-60.14323750306516,9.45665404231056,-1.0,3.498970016021973,-62.2309452964188,62.23071641109045,400,0.0,30.556087738210923,51.50418931195418,0.9994098756266053,13.16584332998915,46.7327835978831
273,CAL_CURRENT_SRM,94.36585069432168,95.81004065372179,111.16923229870375,-115.28456860427035,15.383031676797621,-0.5045700770580606,0.9817196917677575,-1.3216296635385614,1.3124895094224402,0,0.0,0.48859209453523067,1.5783976676757447,1.0092358656238696,0.22453855705218284,0.637598977658083
273,CAL_ZERO_COMP_ERROR_SRM,91.31084135359836,94.92572149807616,103.66272234275236,-107.82045340201881,14.875555042125974,-0.5061342204046755,0.9754631183812983,-1.6948301644948076,1.682561723685453,0,0.0,0.6792685995709217,2.215840810098598,1.0124318482994707,0.3187645466104127,0.7399506487854843
273,ORACLE_SRM,97.14669805773087,97.52641773897052,122.9344259622048,-123.89242880354206,15.844966454772571,0.0,0.0,0.0,0.0,0,0.0,4.348309318354037e-12,7.275957614183426e-12,1.0000000000000002,0.0,0.0
274,NOMINAL_SRM,59.04033622822976,76.03080552853521,67.7244412391204,-70.84858594777471,9.515006017978367,-1.0,2.9996337778862876,-53.96191290017395,53.96182134464552,1346,0.0,25.616719307851362,44.14752000735825,0.9994930262689382,9.550811745445964,37.01593487398259
274,CAL_CURRENT_SRM,95.14968297181248,96.51317468958149,111.21786440780396,-117.65591793970736,15.51323637405523,-1.0,0.9811093308918901,-1.0390783550774405,1.0296330205233852,5,0.0,0.4566743477869293,1.385451896286213,1.0095399302322399,0.20656782065982435,0.5137770567483813
274,CAL_ZERO_COMP_ERROR_SRM,92.17967242457595,95.23471950771521,103.35373524387228,-102.19179022892632,15.019879140295009,-0.5095445181963836,0.9618219272144655,-1.5363698786907702,1.5172808422980064,0,0.0,0.599177622940111,1.9741990215079568,1.0194659434736257,0.29487786603362154,0.8301360050418758
274,ORACLE_SRM,97.22163509541737,97.73544182077339,123.7953224239607,-124.33028659257202,15.857414467677303,0.0,0.0,0.0,0.0,0,0.0,4.348309318354037e-12,7.275957614183426e-12,1.0000000000000002,0.0,0.0
275,NOMINAL_SRM,54.38958164818552,74.8355398187155,59.87486394118058,-58.492647496963684,8.742455423286632,-1.0,3.007215360156536,-103.2120582120632,103.2138620521023,1687,0.0377197265625,45.565166550118185,87.73616616206436,1.0002364224330906,19.985954015756324,69.10901665439633
275,CAL_CURRENT_SRM,94.79462876502987,96.375585900044,109.58883761931781,-111.97394516091933,15.454257269938516,-0.5076448866237373,0.969420453505051,-1.3606677449873372,1.3453779717398624,0,0.0,0.4677874098426182,1.5220906323193049,1.0155425588781641,0.2326841118058222,0.6457099437302531
275,CAL_ZERO_COMP_ERROR_SRM,93.56505251886232,95.6222323765426,105.65560618002633,-109.56686821720854,15.250008724063507,-1.0,0.9687340255895747,-1.3731469683906958,1.6174152545605367,1,0.0,0.5364054735886937,1.7709618395715552,1.0158672295182505,0.23685251911035543,0.5438266768400695
275,ORACLE_SRM,97.0182296354846,97.39925036075441,122.1210545586493,-122.18419570827167,15.823626185296446,0.0,0.0,0.0,0.0,0,0.0,4.348309318354037e-12,7.275957614183426e-12,1.0000000000000002,0.0,0.0
276,NOMINAL_SRM,68.73105517378673,86.1648333580774,75.47278941264882,-73.36889895712534,11.124759995645636,-1.0,2.0001602307322544,-25.64610372269359,26.146183838060043,535,0.0023193359375,9.858393204759391,25.368357078702275,0.999669143532044,4.90328261371848,10.828760598848021
276,CAL_CURRENT_SRM,96.04402997598626,96.81582430540956,116.20387494120193,-114.22192167466513,15.661798999333266,-0.502891584649424,0.9884336614023042,-0.8859845883878844,0.8802014190890364,0,0.0,0.42332870083055923,1.25127750615502,1.0058111659528277,0.17933185969104323,0.4063511136172018
276,CAL_ZERO_COMP_ERROR_SRM,92.24558277181919,95.65090867356135,101.7047643263838,-99.12499151899797,15.030827702959998,-0.5052109559777218,1.4739452201113905,-1.5317158770123016,1.5212939650568489,0,0.0,0.5886595500133209,1.95547047634318,1.0105246494040563,0.28009161893497525,0.5572565583282376
276,ORACLE_SRM,97.17358309109144,97.43285876632623,123.50861794498755,-126.37503138480078,15.849432407158048,0.0,0.0,0.0,0.0,0,0.0,4.348309318354037e-12,7.275957614183426e-12,1.0000000000000002,0.0,0.0
277,NOMINAL_SRM,56.86430548396942,79.4119417962441,59.70046830110955,-58.279370199752805,9.153539116938443,-1.0,1.49912260624094,-73.78728923476724,73.78693827726356,712,0.0,37.53427231609126,65.39940810663211,0.9998409600544613,15.304876332682214,57.58947111063753
277,CAL_CURRENT_SRM,95.41790523497433,96.61774051885742,113.45142241794468,-119.80585779720118,15.557791567271483,-0.5095292591744869,0.9618829633020525,-1.0268406195162891,1.0077821011673151,0,0.0,0.4475507332077422,1.3764713080199726,1.0194387434687526,0.19778294389588055,0.49719514835804546
277,CAL_ZERO_COMP_ERROR_SRM,92.42436096510494,95.06326015816987,103.61473481525088,-102.93660175945426,15.060525077259957,-1.0,1.9196377480563673,-1.6219167003639292,2.001373322448483,1,0.0,0.5998264808962621,2.1713862246288045,1.0275132177352975,0.3763803448567536,0.8714038424428168
277,ORACLE_SRM,97.16801704339841,97.5756311990705,123.58256241071943,-123.10433671914559,15.848507814518008,0.0,0.0,0.0,0.0,0,0.0,4.348309318354037e-12,7.275957614183426e-12,1.0000000000000002,0.0,0.0
278,NOMINAL_SRM,59.1034222783387,77.36169278953399,67.14369200631432,-66.03350121373975,9.525485428295466,-1.0,3.5053623808359813,-82.92046565631551,82.92165729650128,1696,0.030517578125,28.038396485839165,60.30010354665683,1.000021885847488,10.392076735973955,25.38293436376989
278,CAL_CURRENT_SRM,94.85833602384686,96.16312891911102,110.39791789761247,-109.54349125652968,15.464839871070907,-0.511368144779809,0.9545274208807641,-1.1687673574022646,1.1460310678426466,0,0.0,0.47376309203238126,1.4747940070210461,1.0232753623067337,0.19148976485456834,0.5634547197633211
278,CAL_ZERO_COMP_ERROR_SRM,92.76717641406334,95.05224938837227,106.43094310584115,-105.37170175578052,15.117471165126801,-0.5128177739799188,1.435911130100406,-1.6092715231788077,1.5328989532151251,0,0.0,0.5826551052815399,2.0584793728812656,1.0263159513965365,0.22135274719821582,0.6607956064321243
278,ORACLE_SRM,97.13408251149974,97.49642392023324,123.89210558295306,-124.1700675411859,15.842870849086337,0.0,0.0,0.0,0.0,0,0.0,4.348309318354037e-12,7.275957614183426e-12,1.0000000000000002,0.0,0.0
279,NOMINAL_SRM,54.0874025993892,73.8110450397605,61.7280868647968,-61.2185132793894,8.692259568004852,-1.0,2.4922025208288825,-103.42967009491254,103.42744224372079,768,0.0,51.49695486205791,102.1518688359647,1.001787990074592,22.51246618328952,72.36812624869253
279,CAL_CURRENT_SRM,96.22174942226891,96.91616888431886,114.39894169528279,-115.809140909988,15.691320502038026,-0.500350962858974,0.9985961485641042,-0.8885769219031343,0.8878749961851863,0,0.0,0.40631505697231474,1.2643514329647587,1.0006957027067969,0.16844995081335282,0.4218213935434889
279,CAL_ZERO_COMP_ERROR_SRM,93.23350146325978,95.75179351040697,108.20450623262204,-106.29418490599136,15.194933797883685,-1.0,0.9941710536354618,-1.437796597238117,1.4348821240558483,12,0.0,0.5260749363788173,1.9438652062253823,1.0029233342525448,0.2542876027756412,0.49318806878210353
279,ORACLE_SRM,97.10503852458501,97.42152527713793,123.73526933215248,-129.22579505833286,15.838046266542362,0.0,0.0,0.0,0.0,0,0.0,4.348309318354037e-12,7.275957614183426e-12,1.0000000000000002,0.0,0.0
280,NOMINAL_SRM,57.785145899572086,77.88111055860553,62.372900479397835,-60.49115400185393,9.306502641124933,-1.0,2.000595229010546,-69.48415011980774,69.4843485294779,917,0.010986328125,27.666289950635733,64.13572511088569,0.9991068331743729,11.623313093071447,33.11480698368359
280,CAL_CURRENT_SRM,95.0057396152207,96.14871693410167,111.91361692545628,-111.07309705877302,15.489325517478523,-0.510803552354503,0.9567857905819879,-0.9231086153752246,0.9015015106662184,0,0.0,0.45541545575437814,1.4513196865445934,1.022085404113348,0.20358438896082595,0.5127696577746406
280,CAL_ZERO_COMP_ERROR_SRM,91.55029531021513,94.41546034445224,107.19876018780396,-105.16346763880621,14.915331446879591,-1.0,1.4414044618060853,-2.4847254860072674,2.4612872707297018,4,0.0,0.6429031414253791,2.3569591972627677,1.0240315280958834,0.39102340881033065,1.056246541351186
280,ORACLE_SRM,97.12259142170603,97.41920176557791,122.97287374876427,-126.22639554547933,15.840962030183727,0.0,0.0,0.0,0.0,0,0.0,4.348309318354037e-12,7.275957614183426e-12,1.0000000000000002,0.0,0.0
281,NOMINAL_SRM,58.2296381930438,79.0840893850669,63.183685582055205,-62.28263288616999,9.380338570273057,-1.0,1.9994048981460288,-55.7807431143697,55.78054474708494,620,0.0,28.51359459153261,48.24834151244113,1.0010414132419772,12.6426555920677,52.54416036357361
281,CAL_CURRENT_SRM,95.48745354353719,96.22860786682018,111.36323957801235,-110.18033974993953,15.569344442448038,-0.5093919279774166,0.9624322880903335,-0.8406805523765927,0.8218966964217594,0,0.0,0.4367205202553324,1.240277762196456,1.0191389741290704,0.18644024299933698,0.5871959474707396
281,CAL_ZERO_COMP_ERROR_SRM,92.69580870520345,95.48028927856741,105.69686307461681,-105.64499134258037,15.105616063987284,-1.0,1.4635303811761835,-1.6283303323465732,1.6137424848170463,1,0.0,0.5850529183566875,2.0193828307528747,1.0148096893192202,0.2610420335014412,0.5688703733704301
281,ORACLE_SRM,97.11956125002963,97.36554293138371,124.49088958221934,-129.94891826445797,15.840458679406916,0.0,0.0,0.0,0.0,0,0.0,4.348309318354037e-12,7.275957614183426e-12,1.0000000000000002,0.0,0.0
282,NOMINAL_SRM,59.42741364666428,80.81034216696605,64.12627402756578,-62.56903750020611,9.57930459246915,-1.0,1.5003433803891646,-53.009629912244364,53.00976726440001,560,0.008544921875,27.70243136030112,58.6762013006628,0.999627249760694,11.472313106761955,34.9241214128233
282,CAL_CURRENT_SRM,95.56474140963283,96.56129008762584,117.00587229267978,-120.36630985285524,15.582182958410769,-0.508415350576028,0.9663385976958876,-0.9031967650873577,0.8863660639353016,0,0.0,0.44502872156269996,1.3318590057569963,1.017122902590905,0.17435746568040397,0.5477484173520182
282,CAL_ZERO_COMP_ERROR_SRM,92.29080849214577,95.39627576070872,104.75333936126466,-109.1527508383821,15.038340281087338,-0.5092318491164891,0.9630726035340436,-2.049317911313212,2.030854213080233,0,0.0,0.5930762777158154,1.8182088271832981,1.0188355497755788,0.26919992893928607,0.6429158334922818
282,ORACLE_SRM,97.169646381671,97.52013739673849,123.17128717757548,-123.17008155341045,15.848778468716114,0.0,0.0,0.0,0.0,0,0.0,4.348309318354037e-12,7.275957614183426e-12,1.0000000000000002,0.0,0.0
283,NOMINAL_SRM,55.81893047423151,75.49910664189669,59.57524351735763,-59.348204808699805,8.979888783094935,-1.0,2.0011448808560655,-86.31250667847173,86.3128883054238,1360,0.0166015625,37.38872716486594,79.78757319697979,1.0001767738299647,14.273335369429887,35.30425195141652
283,CAL_CURRENT_SRM,95.38500795107707,96.52549512405383,113.23654271901701,-115.52207152713821,15.552326902172272,-0.5123752555925168,0.9504989776299326,-0.9988097781304369,0.9740592669454028,0,0.0,0.4442949456260819,1.4295142197297537,1.0253851005867778,0.18896318950567106,0.5104139457257233
283,CAL_ZERO_COMP_ERROR_SRM,93.25685044179525,95.3308844688688,108.50544594102807,-112.0611054681439,15.19881236574672,-0.5165789272907606,0.9336842908369576,-1.414633401998932,1.3299000534065768,0,0.0,0.5555872941337004,1.9456692946378098,1.034301864137256,0.2978500909411396,0.7958073494391371
283,ORACLE_SRM,97.09879227891508,97.36209468957941,121.85555638183587,-123.67525470597002,15.837008684205164,0.0,0.0,0.0,0.0,0,0.0,4.348309318354037e-12,7.275957614183426e-12,1.0000000000000002,0.0,0.0
284,NOMINAL_SRM,59.24398815049137,79.9069168025545,64.79823760613006,-63.89898977440943,9.548835240945412,-1.0,5.006140498266302,-51.98910901675549,51.990132433133326,1330,0.0279541015625,25.76651535033441,51.21439299935173,0.9985865055708223,12.37624658544689,43.6545665240792
284,CAL_CURRENT_SRM,95.1754959407357,96.25683285659342,113.84240593326967,-115.59923225252257,15.517524242647127,-1.0,0.9582818341344319,-1.146593423361562,1.1257343404287778,5,0.0,0.45507971417673865,1.4898698500510363,1.0213146883706792,0.2165238808436604,0.6162801590444573
284,CAL_ZERO_COMP_ERROR_SRM,93.15151876286778,95.83786173469636,106.09389148123638,-103.46106711603817,15.18131540911425,-0.5081942197943052,0.9672231208227791,-1.8092593157750176,1.7241126743369855,0,0.0,0.56244647105215,1.946091763691129,1.0166817282751532,0.27511765498091045,0.6629332712808491
284,ORACLE_SRM,97.0545414310027,97.33941131186558,123.17464730012269,-124.51070671073427,15.82965804501706,0.0,0.0,0.0,0.0,0,0.0,4.348309318354037e-12,7.275957614183426e-12,1.0000000000000002,0.0,0.0
285,NOMINAL_SRM,62.07627592974358,82.26514295518348,66.97003757866896,-65.57583010151718,10.019314938495613,-1.0,1.999816888943144,-45.777092806787316,45.777031769768364,684,0.0,19.870026360904504,43.7399962090426,1.0007612022855354,9.276317152924548,30.02672968803563
285,CAL_CURRENT_SRM,95.78856432198299,96.69934096451496,116.7051121818609,-116.3636295138521,15.619362844183222,-1.0,0.982452124818799,-0.8902113374532694,0.881437399862669,1,0.0,0.43259764187511834,1.2634478914224019,1.0088459809498402,0.1941876921555195,0.5684127616664156
285,CAL_ZERO_COMP_ERROR_SRM,93.2995548385662,95.22561071142414,102.9763170211711,-102.47233602621463,15.205906119363156,-1.0,0.970550087739376,-1.3600366216525521,1.3453116655222401,3,0.0,0.5400209079903447,1.876909759675982,1.01494534521594,0.2553759401528738,0.7636092411421345
285,ORACLE_SRM,97.06130367122412,97.42113198417863,122.93649526510549,-125.95859012453167,15.830781340734905,0.0,0.0,0.0,0.0,0,0.0,4.348309318354037e-12,7.275957614183426e-12,1.0000000000000002,0.0,0.0
286,NOMINAL_SRM,54.91643877328005,79.27012256218842,58.46870044119085,-55.705893916747684,8.829973218152833,-1.0,2.999267555772576,-79.57399212622455,79.5738090151677,493,0.0,47.87597563135163,68.72815565749625,0.9994121742607586,19.9431688417072,79.54677957120657
286,CAL_CURRENT_SRM,95.86355225023708,96.70868503932071,115.84384045938566,-120.6300594272882,15.631819310670611,-0.5065232318608377,0.973907072556649,-0.9093614099336177,0.896314946211943,0,0.0,0.42309403545351487,1.3345174314554242,1.01322455457989,0.1943242548677449,0.5064501510165158
286,CAL_ZERO_COMP_ERROR_SRM,93.63317146522525,95.51287870636891,112.5064723287796,-112.1872005388053,15.26132416365868,-0.5064927138170443,0.9740291447318226,-1.8049744411383208,1.7919890135042322,0,0.0,0.5150096700647607,1.6655560925530608,1.0131817047976641,0.2508759717830447,0.700451998581741
286,ORACLE_SRM,97.23751748238297,97.55075652070836,123.36221800867736,-124.11732296174196,15.860052737937371,0.0,0.0,0.0,0.0,0,0.0,4.348309318354037e-12,7.275957614183426e-12,1.0000000000000002,0.0,0.0
287,NOMINAL_SRM,60.87829673401386,77.93195298367755,70.79565129334902,-74.4504806615944,9.820315072095326,-1.0,1.49946592608417,-47.28562273018586,47.285409100619525,833,0.0,21.37662465661996,38.52685269164749,0.9995124365260203,10.590218992388117,44.280979579663835
287,CAL_CURRENT_SRM,95.57031248164428,96.46564762909749,116.65315609271957,-120.85726825209423,15.583108385655196,-0.5081026642658772,0.967589342936491,-0.9440900906399732,0.9278847621082187,0,0.0,0.44317657291966706,1.3296585707876147,1.01646730735563,0.18873160750831572,0.5279527984224472
287,CAL_ZERO_COMP_ERROR_SRM,93.94667702310164,96.41903675634711,108.55993424287881,-107.08272874408046,15.313401498854093,-0.5036011841181677,0.9855952635273293,-1.3112887966551714,1.2752769554734948,0,0.0,0.5146501515582879,1.6650768401632376,1.0072493817862957,0.17701107299757693,0.41389611974767604
287,ORACLE_SRM,97.10053674488799,97.4978740895972,124.23880852407618,-123.78408757655093,15.837298462605979,0.0,0.0,0.0,0.0,0,0.0,4.348309318354037e-12,7.275957614183426e-12,1.0000000000000002,0.0,0.0
288,NOMINAL_SRM,55.077229091960604,77.21174626568158,58.742764413990436,-56.02253688288772,8.856682573415384,-1.0,1.5022145518968784,-90.82094202457685,90.82182784533559,1232,0.0260009765625,46.43906952471336,68.35218834917396,1.0003686605179178,19.32553108768628,77.24087422573211
288,CAL_CURRENT_SRM,94.99824636381922,96.17545376240318,109.49670802883638,-108.86165200040958,15.488080791332097,-0.5057832575457014,0.9768669698171943,-1.0893276772362455,1.0777611621448417,0,0.0,0.4640571821498177,1.5029789336094836,1.0117096016831888,0.18477369729049373,0.566565744857499
288,CAL_ZERO_COMP_ERROR_SRM,92.54660903073413,95.36189511583044,102.17215753253473,-100.03317792959047,15.080832064906001,-0.5075455863279164,0.9698176546883346,-1.5765774013885712,1.5614862287327382,0,0.0,0.6025590238500784,2.0276843686215216,1.015313291055535,0.3117037575022341,0.6819287946586812
288,ORACLE_SRM,97.07561331332798,97.42717117325796,122.9124156105016,-124.95981704987454,15.833158357695678,0.0,0.0,0.0,0.0,0,0.0,4.348309318354037e-12,7.275957614183426e-12,1.0000000000000002,0.0,0.0
289,NOMINAL_SRM,63.7200339748689,81.28681984308086,67.70819671530897,-66.21580963190917,10.292364447652641,-1.0,3.9997711146715496,-38.857129777981505,38.85708400091584,1611,0.0,14.515104559002003,36.11139672216723,0.999624517896997,6.4370604758420225,16.406247398568667
289,CAL_CURRENT_SRM,94.84444605827208,96.36421325507052,109.0212011123465,-107.80256230613331,15.462532567819283,-0.5082094790490432,0.9671620838038268,-1.107074190496535,1.0906552323984489,0,0.0,0.47415507646311067,1.4826681580198056,1.0166983103931948,0.23425228769468973,0.5770974160740039
289,CAL_ZERO_COMP_ERROR_SRM,92.8647335090123,95.52806731189824,106.20857000596472,-107.1271412818092,15.133676662626627,-1.0,0.954619668879225,-1.721187151903563,1.6511482413977265,1,0.0,0.5690193282229994,1.8649341418549739,1.0232389054125317,0.26403352584707207,0.7863210642936238
289,ORACLE_SRM,97.22268847887833,97.7016154617543,123.88310598316018,-125.56974492454307,15.85758944831866,0.0,0.0,0.0,0.0,0,0.0,4.348309318354037e-12,7.275957614183426e-12,1.0000000000000002,0.0,0.0
290,NOMINAL_SRM,56.86033920408043,77.59581381264967,62.29393374389922,-63.00778499304997,9.152880266458544,-1.0,6.992675557725762,-73.61040070802942,73.60948515274515,468,0.0,35.014444684367994,73.05181888630295,1.0011809770796958,15.933866414094885,55.304770681752416
290,CAL_CURRENT_SRM,95.00384852578891,96.27404006554079,112.30660802170075,-113.14869877647783,15.489011383021413,-0.5052109559777218,0.9791561760891125,-1.2400396734569226,1.2191958495460389,0,0.0,0.4668114169812962,1.4644984099104477,1.0105460350147364,0.2174531060292031,0.5758149279664337
290,CAL_ZERO_COMP_ERROR_SRM,93.16893787663452,95.51224741466747,101.60679666450801,-100.32420596194073,15.184208949607063,-0.5038223849851224,0.98471046005951,-1.3122911421377883,1.3046463721675445,0,0.0,0.5590584324007768,1.8317403370965621,1.0077025121322927,0.2570071792811787,0.4847869860254974
290,ORACLE_SRM,97.13439699451122,97.3134782043026,122.98849789839511,-125.26362963291605,15.84292308878924,0.0,0.0,0.0,0.0,0,0.0,4.348309318354037e-12,7.275957614183426e-12,1.0000000000000002,0.0,0.0
291,NOMINAL_SRM,55.44725921570486,75.68986834778414,59.97612742211273,-58.17284387093862,8.918149371379545,-1.0,2.0000915583226515,-107.1913568943417,107.19138741378258,1424,0.0008544921875,43.57858000202154,93.75877969112207,1.0022100200709174,20.97167069058357,53.540012819670665
291,CAL_CURRENT_SRM,95.2468143280773,96.55888682565028,108.16782995618213,-107.03347635650246,15.529371150843406,-0.5143284401989806,0.9426862392040776,-0.9354838709677417,0.9068269905697801,0,0.0,0.4487824773866048,1.4929295064466714,1.0295013711741747,0.19645577864703725,0.5478420821144852
291,CAL_ZERO_COMP_ERROR_SRM,92.03776715303985,95.77046547436399,102.13482585993864,-101.09673970146629,14.996306836053131,-0.5179143650624103,0.9283425397503586,-2.058503982665479,1.9382000183110903,0,0.0,0.6329985553999058,2.187982994486447,1.0371396324578666,0.34322083252947294,0.792321067822833
291,ORACLE_SRM,97.1522301357754,97.45323472350975,124.08599521942357,-124.36736866059559,15.845885404613854,0.0,0.0,0.0,0.0,0,0.0,4.348309318354037e-12,7.275957614183426e-12,1.0000000000000002,0.0,0.0
292,NOMINAL_SRM,63.38326872830596,82.31891507385852,69.94239769904956,-68.61925623811453,10.23642337679501,-1.0,7.5044122137404585,-35.57578625954239,35.57630534351183,1249,0.0196533203125,15.748718163915248,35.21123935646028,0.9995029825658929,6.362288618651353,21.631031014649125
292,CAL_CURRENT_SRM,94.95688292273316,96.1510486416287,113.52237006564076,-116.26092200065658,15.481209787829428,-0.5135312473772955,0.9458750104908178,-1.0318463076136717,1.4912525654817466,0,0.0,0.46139182100188747,1.4404122448695489,1.027830957126171,0.18683797547263226,0.5243955561824123
292,CAL_ZERO_COMP_ERROR_SRM,89.53589329842087,93.87913449840718,99.94768782480551,-97.4113809432418,14.580713172495162,-1.0,1.4208807641834773,-2.1008026367994597,2.961485641041137,14,0.0,0.8206612468345786,2.7441033009608873,1.0327021419551488,0.33993875808431745,0.6801852930440759
292,ORACLE_SRM,97.09583286932245,97.44997258677208,121.25929608717425,-126.79092351212715,15.836517087927318,0.0,0.0,0.0,0.0,0,0.0,4.348309318354037e-12,7.275957614183426e-12,1.0000000000000002,0.0,0.0
293,NOMINAL_SRM,59.825478039196454,79.17227042719249,64.11129820320747,-61.97936860420262,9.645428245713697,-1.0,2.000183122234091,-49.919639859606285,49.91970090035098,1340,0.003662109375,26.401156392247657,54.137230784021085,1.0001764328117313,10.760118448427807,37.993690385177615
293,CAL_CURRENT_SRM,95.29930835646906,96.14103443622031,116.43293083564325,-114.3405643277809,15.538091089114461,-0.5125658045319295,0.9497367818722822,-0.8978255893797208,0.8726939803158619,0,0.0,0.453166282233302,1.3527619436645182,1.0257845156372516,0.22571359065536004,0.6356904227762001
293,CAL_ZERO_COMP_ERROR_SRM,92.47052837070099,95.07759745000719,104.21094396195915,-101.51654853681308,15.068194081511793,-1.0,1.4624246585793852,-1.5713740749217977,1.5563439383535516,30,0.0,0.572208350988958,1.7907994910165144,1.0152561826595967,0.22107545291432515,0.39528387844418944
293,ORACLE_SRM,97.04313731498479,97.3807146215002,123.24576620008956,-124.87788869644477,15.827763673585514,0.0,0.0,0.0,0.0,0,0.0,4.348309318354037e-12,7.275957614183426e-12,1.0000000000000002,0.0,0.0
294,NOMINAL_SRM,55.14186849511979,76.63027897194385,60.488635651027174,-59.45428193583418,8.86742001580063,-1.0,4.497985778374584,-76.86060670796839,76.86024048585467,826,0.0,40.610584237390164,73.71953478414844,1.0013123459652216,18.181816878455937,70.94976915099505
294,CAL_CURRENT_SRM,94.89871183787383,96.42532508477646,108.7694582471267,-107.63870744893056,15.471546816922563,-1.0,0.9759822995345999,-0.9779964904249638,0.9659876401922637,1,0.0,0.4757799131484436,1.486114983448715,1.0121528477213875,0.21692309139243635,0.5779803788968394
294,CAL_ZERO_COMP_ERROR_SRM,92.41918028992973,94.86394093097438,111.83691719904515,-109.07978058361786,15.059664499988328,-0.5050660725730156,0.9797357097079378,-1.6743675038911243,1.6405987731559464,0,0.0,0.6073091819461992,2.1055367264889355,1.010244684546732,0.24451241505081583,0.6607126306256532
294,ORACLE_SRM,97.0660013564516,97.37060117311728,123.02003832000528,-123.99868015710389,15.831561687118205,0.0,0.0,0.0,0.0,0,0.0,4.348309318354037e-12,7.275957614183426e-12,1.0000000000000002,0.0,0.0
295,NOMINAL_SRM,55.44184463742927,77.98955880325369,59.55155876618764,-56.45587569756941,8.917249939772304,-1.0,2.999938963912413,-85.26112764173801,85.26111238271614,1184,0.0,45.01228787567878,76.4075822672117,1.0012495947953703,19.37137051147925,72.14620012872183
295,CAL_CURRENT_SRM,95.74279021444073,96.74831242309382,116.85718138664625,-115.9283563480465,15.61175917183401,-1.0,0.9869991149632251,-0.8540910061952567,0.8475905636768694,1,0.0,0.4336151404113444,1.2622114233663524,1.0065464859364979,0.18060747203158733,0.5304711400275934
295,CAL_ZERO_COMP_ERROR_SRM,92.172638939008,95.50376717250046,108.59223887841952,-106.49871136993707,15.018710787210631,-1.0,0.9865415426871136,-2.2622110322727056,2.2068665598533825,18,0.0,0.6093999835064964,2.0830594857507094,1.0068020901806596,0.22935183938486495,0.5429608079118111
295,ORACLE_SRM,97.17428383015056,97.58538392924615,122.8912396170636,-126.76481516226377,15.84954880899511,0.0,0.0,0.0,0.0,0,0.0,4.348309318354037e-12,7.275957614183426e-12,1.0000000000000002,0.0,0.0
296,NOMINAL_SRM,59.72262289692096,79.18560843438736,67.38556111626386,-65.09343780503661,9.628342673907138,-1.0,4.9981231259870755,-50.2338386651311,50.733369446627854,1143,0.0,22.527086970358102,48.66167604379007,1.000068804368203,8.279585500653674,21.35228249983993
296,CAL_CURRENT_SRM,95.21185186513357,96.39200524210818,111.83478554031927,-119.18296974854967,15.52356343274644,-1.0,0.9785149693288977,-1.0668355357524337,1.0560930204168828,16,0.0,0.4570207473501084,1.375183485190064,1.010852883861141,0.178670737762462,0.5643627731194876
296,CAL_ZERO_COMP_ERROR_SRM,92.80236435612649,94.93900044491912,110.78876898113938,-109.71291232121467,15.123316338226992,-0.5065690089265278,0.9737239642938889,-1.5439688715953308,1.4217441062027925,0,0.0,0.5719823506209201,1.944974209582142,1.0133187141058075,0.29196093604971357,0.7548849929485186
296,ORACLE_SRM,97.09365282323975,97.38779547358317,123.08581554505378,-123.52495675611459,15.836154954026537,0.0,0.0,0.0,0.0,0,0.0,4.348309318354037e-12,7.275957614183426e-12,1.0000000000000002,0.0,0.0
297,NOMINAL_SRM,57.74299688734166,77.03383196305232,62.70243344512095,-61.39440671636989,9.29950114407669,-1.0,3.003787878787879,-68.80823863636418,68.80918560606115,1178,0.02685546875,32.190903442440224,70.13927848539834,0.9993607796772205,12.41714137417961,37.66269617223588
297,CAL_CURRENT_SRM,95.56806936437422,96.53671677980638,113.41863063456216,-110.6001005844416,15.582735774812994,-0.5052339243751335,0.9790643024994661,-0.8688314462721636,0.8583635975218965,0,0.0,0.44060996431409166,1.2110036999729346,1.0105717366325904,0.22259906000257282,0.6130669140735492
297,CAL_ZERO_COMP_ERROR_SRM,93.22643059281212,95.83400732525648,105.8604199044445,-104.3517252551973,15.193759234686398,-1.0,0.9930724040588996,-1.1772182803082314,1.173754482337681,2,0.0,0.5445249304118351,1.6545881891215686,1.0034725006776122,0.221569492843196,0.5284436266121588
297,ORACLE_SRM,97.04645505800323,97.37714507495713,123.31420155705808,-123.33140520497008,15.828314793688245,0.0,0.0,0.0,0.0,0,0.0,4.348309318354037e-12,7.275957614183426e-12,1.0000000000000002,0.0,0.0
298,NOMINAL_SRM,69.42222823189921,86.39692669524423,77.71946064355097,-80.66096070436986,11.239572795996546,-1.0,4.000534130968914,-23.244525157568688,23.24463198376249,323,0.0069580078125,8.569546509766448,22.64505493288266,1.000225681959287,4.062597058499664,10.367747213615985
298,CAL_CURRENT_SRM,94.12735891141432,96.31890959945471,108.69638469865953,-109.34153266219049,15.34341510156384,-1.0,0.9729304951552604,-1.188418402380404,1.1748836499580355,2,0.0,0.49845621034514975,1.6334071355436208,1.0137304918352799,0.23240971320919443,0.5934566671578025
298,CAL_ZERO_COMP_ERROR_SRM,93.32380848199693,95.81806607999593,105.44164228011682,-104.50913086202327,15.209934963786866,-0.5068056276131474,0.9727774895474106,-1.7943510238960052,1.78073976866971,0,0.0,0.5319928001924337,1.7929232170354226,1.0138155175300365,0.23185666568903565,0.5961341886803027
298,ORACLE_SRM,97.19292896602617,97.55218236548686,124.33346409223576,-122.62039358237885,15.852646007645545,0.0,0.0,0.0,0.0,0,0.0,4.348309318354037e-12,7.275957614183426e-12,1.0000000000000002,0.0,0.0
299,NOMINAL_SRM,55.87953698412412,74.64682276498594,60.01048437581686,-58.41507292920891,8.98995630965517,-1.0,2.9942015716792554,-104.01762417029616,104.0161745632158,2132,0.0,38.60145468253801,89.1857455781601,0.9991956493357673,17.363183926907585,45.1239652727545
299,CAL_CURRENT_SRM,95.696996765192,96.50753269098026,119.33567722638264,-115.73538028769484,15.604152286576744,-0.5041580834668498,0.9833676661326007,-0.9011978332188904,0.8928816662851905,0,0.0,0.4298907837892317,1.2375993500136246,1.0083771587129122,0.17962103330841847,0.5519619237321827
299,CAL_ZERO_COMP_ERROR_SRM,93.53102994239319,95.45659524176848,108.75468489447238,-107.35502627367043,15.244357133287906,-1.0,0.9852597848477913,-1.3879148546578164,1.380544747081712,1,0.0,0.5245403899963258,1.832640151382293,1.007418290969275,0.2163569306327615,0.5212789997184863
299,ORACLE_SRM,96.99803064067333,97.19511210581283,124.05523224562303,-122.39233823867414,15.820270870543744,0.0,0.0,0.0,0.0,0,0.0,4.348309318354037e-12,7.275957614183426e-12,1.0000000000000002,0.0,0.0
300,NOMINAL_SRM,56.107649925610446,75.65645102959941,61.2037176714435,-59.40773076030716,9.027848824852235,-1.0,1.4992561170070728,-98.37311645011312,98.87296767351454,1100,0.0,39.48585701988006,87.67718848463846,0.9980696296657443,20.1922945723108,59.93021972737915
300,CAL_CURRENT_SRM,95.05895127622297,96.29662237391129,111.6696258212167,-110.8184898526601,15.498164663824413,-0.5096743675038911,0.9613025299844355,-1.0118564409314244,0.9925077059236423,0,0.0,0.4637277802006039,1.5553106461816242,1.0197251409619634,0.2285291062894242,0.5182154465710838
300,CAL_ZERO_COMP_ERROR_SRM,92.4419482229605,94.8834596983227,108.30372676558977,-112.06765816105367,15.063446548664537,-0.5093234046449172,0.9627063814203312,-2.0563982055116417,1.8598284859767436,0,0.0,0.5864375201651697,1.9977181025205937,1.0189834377889992,0.2791698019028779,0.6482344150802533
300,ORACLE_SRM,97.24231993773371,97.63623218824674,123.10172959368313,-129.626546515739,15.860850487995634,0.0,0.0,0.0,0.0,0,0.0,4.348309318354037e-12,7.275957614183426e-12,1.0000000000000002,0.0,0.0
301,NOMINAL_SRM,54.06265410404899,77.38709879237797,57.85869803537508,-55.15271879859145,8.688148522267275,-1.0,1.9971617786187323,-107.37653736991486,107.3755912961211,1064,0.0,52.358089631847356,82.2818867704027,0.9994587368687169,21.552885486333107,85.51762280149705
301,CAL_CURRENT_SRM,95.7688438598619,96.72996147214778,116.00995800212941,-114.26288751045222,15.616087019910616,-0.5099795525986511,0.9600817896053955,-0.9867549668874177,0.9667958616901153,0,0.0,0.4352272579943511,1.3113533089308476,1.0203775500356997,0.16732080037731717,0.48670342012815837
301,CAL_ZERO_COMP_ERROR_SRM,93.11354293822644,95.19452056223301,108.84134246132214,-108.71583552084486,15.175007132595756,-1.0,0.9557793545433737,-1.5731288624398854,1.5270313572899938,8,0.0,0.5532479950412033,1.957245342013266,1.0226225729880623,0.2599023227423987,0.5586007816935421
301,ORACLE_SRM,97.12958120071363,97.39828838714232,121.96297541263569,-126.55630760055726,15.842123123042132,0.0,0.0,0.0,0.0,0,0.0,4.348309318354037e-12,7.275957614183426e-12,1.0000000000000002,0.0,0.0
302,NOMINAL_SRM,60.032994494024045,78.91767172315488,65.80164762265757,-64.0608366675749,9.679899417611969,-1.0,2.9962767986572056,-68.92838941023696,68.92745860990128,1885,0.0,23.861983198740766,57.54813501776425,0.9994377139835473,11.445953601796623,30.41805139377084
302,CAL_CURRENT_SRM,94.75406698064694,96.21996220617278,109.93586668729115,-111.25066141643343,15.447519432001153,-1.0,0.9466536454359569,-0.9615466780602457,0.9348735007782244,4,0.0,0.47446560049129605,1.4378735613390745,1.0274030095669673,0.24305174898211182,0.5973263402944582
302,CAL_ZERO_COMP_ERROR_SRM,92.55828405327415,95.80338943530685,103.26540057964098,-101.02554407917745,15.082771437420956,-1.0,0.9569078646198919,-1.6913205359050256,1.6608935819574564,8,0.0,0.5673588604120711,1.8721441670077184,1.0220012751868843,0.23819708052354877,0.4245276961143176
302,ORACLE_SRM,97.16078421879358,97.46157946092629,122.2901090704776,-125.62999687035955,15.847306348636808,0.0,0.0,0.0,0.0,0,0.0,4.348309318354037e-12,7.275957614183426e-12,1.0000000000000002,0.0,0.0
303,NOMINAL_SRM,68.06064328069982,84.20538630394762,76.12971638341692,-75.02796447927625,11.013395893803956,-1.0,3.001587592355132,-26.45785247603385,26.458249374122666,788,0.016845703125,9.865541614495344,24.883546596215126,0.9992637935825881,6.293363441694865,20.17884606307871
303,CAL_CURRENT_SRM,95.29521561310473,96.37262933902451,115.32748631473626,-114.98850381975372,15.537411231412745,-0.5065767387920774,0.9736930448316905,-1.300515762810147,1.2873622852259907,0,0.0,0.4506720270222614,1.4319022515337565,1.0133453771159935,0.212740127599034,0.5751522781583276
303,CAL_ZERO_COMP_ERROR_SRM,91.71813817024136,96.0165682328925,103.7311717906905,-103.1598585063762,14.9432123206381,-0.5027847714961471,0.9888609140154117,-1.9570458533607995,1.8670176241702907,0,0.0,0.6281510742204816,2.017939773046237,1.0055873330083824,0.24105617723388953,0.6332961062935283
303,ORACLE_SRM,97.13404719081466,97.52946820280968,123.18383609620186,-123.54176831802687,15.842864981862899,0.0,0.0,0.0,0.0,0,0.0,4.348309318354037e-12,7.275957614183426e-12,1.0000000000000002,0.0,0.0
304,NOMINAL_SRM,59.44596791280851,79.16728047657502,65.45822921459852,-63.99472294768672,9.582386696479821,-1.0,1.4982070649271382,-61.09495689325611,61.09423971922701,820,0.0,26.08783965404802,60.05318642391467,1.0012013858005355,11.56799489451824,38.10675783134684
304,CAL_CURRENT_SRM,95.55234246605659,96.62579510438752,111.91648062279931,-110.30085226884671,15.580123333231992,-0.5086062196722312,0.9655751213110753,-0.8533127842036196,0.8361003448591571,0,0.0,0.4292001303247579,1.397623740374911,1.0175186388098207,0.19666677926682646,0.4894735216811412
304,CAL_ZERO_COMP_ERROR_SRM,94.89066728838776,96.63746420319747,108.36880663166257,-107.72540613202906,15.470210513021224,-0.505653467612726,0.977386129549096,-1.1096360723277638,1.0983291371023118,0,0.0,0.4618312272530678,1.4551355046733079,1.011447684147697,0.1531364586972209,0.29522468205128405
304,ORACLE_SRM,97.17329958049788,97.498319808437,122.72696725946189,-123.66023789927043,15.849385312375064,0.0,0.0,0.0,0.0,0,0.0,4.348309318354037e-12,7.275957614183426e-12,1.0000000000000002,0.0,0.0
305,NOMINAL_SRM,57.0177661122533,78.05794224959715,61.96905538983454,-59.530705381657,9.179030915656694,-1.0,3.503986193414381,-88.57008674934289,88.57097257010169,1999,0.026123046875,36.91250728012031,76.9590963167293,1.000895115435206,15.618426858435742,50.93666481055698
305,CAL_CURRENT_SRM,95.2842043948852,96.24768805378635,117.45627547939793,-120.28478325286068,15.535582125396212,-0.5145573290200507,0.9417706839197975,-0.9268166142765591,0.8977019562364578,0,0.0,0.4452872803094912,1.3869799215717649,1.0299926378798476,0.1979055567893807,0.5162796634164266
305,CAL_ZERO_COMP_ERROR_SRM,90.95776910330511,95.03713888437547,100.57416810375129,-101.04075282073596,14.816905166661979,-1.0,0.9423514152742809,-1.9244983596551484,1.8956740672922834,1,0.0,0.6873761890091235,2.302800626050157,1.0296696643161112,0.3312215077945214,0.6731892795069143
305,ORACLE_SRM,97.1504931556396,97.50429640083468,124.07600308173176,-124.50486201778476,15.845596869707574,0.0,0.0,0.0,0.0,0,0.0,4.348309318354037e-12,7.275957614183426e-12,1.0000000000000002,0.0,0.0
306,NOMINAL_SRM,60.64161034787806,79.17659548293649,67.18969763392616,-68.92467866106746,9.780998396657486,-1.0,1.503591075794621,-53.41838325183277,53.41981968215063,883,0.033447265625,20.47165213564944,39.8591379555528,0.9991935259279842,10.147236055637551,32.752244709146
306,CAL_CURRENT_SRM,94.608234368012,96.22256837019881,109.70905794709725,-115.34380518778967,15.423294745516944,-0.5120317387655451,0.9518730449378194,-1.2399328603036455,1.2158693827725595,0,0.0,0.4796542294239111,1.4669502577271487,1.0246702115117678,0.23323105032003885,0.5805278773253804
306,CAL_ZERO_COMP_ERROR_SRM,92.08187930580092,95.37975648196482,102.59730539395206,-99.75677024540944,15.003634436179556,-1.0,0.9610284580758375,-2.024139772640574,2.0046540016784924,1,0.0,0.5896098570673545,1.8787176721198193,1.0198989024978011,0.2606506728602052,0.5843421771342037
306,ORACLE_SRM,97.11895413116252,97.35582394696354,122.83786923790585,-125.99850273816915,15.840357829096765,0.0,0.0,0.0,0.0,0,0.0,4.348309318354037e-12,7.275957614183426e-12,1.0000000000000002,0.0,0.0
307,NOMINAL_SRM,58.177366432286696,79.29030759732119,62.92516905932884,-61.841601345629115,9.371655553535996,-1.0,4.000686760778329,-63.2132163296415,63.213353681797194,1392,0.0086669921875,28.2530118012116,59.26561720517566,0.9993918857814306,11.078697261057293,27.350496594051947
307,CAL_CURRENT_SRM,95.45934118954952,96.58452674071862,114.44599185021006,-114.9319214212008,15.56467461620424,-0.5079423208972305,0.9682307164110779,-0.8069581139848938,0.7910734721904328,0,0.0,0.4196433993412018,1.3371032702452794,1.0161427603733035,0.18070068282789617,0.4542095931477945
307,CAL_ZERO_COMP_ERROR_SRM,92.94898358015445,95.25228860694627,107.4112219047982,-110.28927566021947,15.147671691055557,-0.5077059236426893,1.4614703817865538,-1.8921170690023499,1.8767052217169713,0,0.0,0.5660030165443933,2.1392234470913536,1.0156705989967263,0.255866974247929,0.5252136761525321
307,ORACLE_SRM,97.13071421476829,97.65153962854532,122.9715035946779,-130.06009938871924,15.842311331356859,0.0,0.0,0.0,0.0,0,0.0,4.348309318354037e-12,7.275957614183426e-12,1.0000000000000002,0.0,0.0
308,NOMINAL_SRM,60.35683632590103,79.50010894945973,67.34080574388084,-84.70195076111781,9.733693741844025,-1.0,2.0030243783222335,-45.58257469298313,45.58358281909047,609,0.02783203125,24.41462453760929,45.6912267810585,0.9989026035725554,11.412821282581877,39.029716480294155
308,CAL_CURRENT_SRM,95.81332540898435,96.74209312844908,116.73266241904658,-115.14644717342051,15.623475981558864,-0.5053177691309987,0.9787289234760053,-0.9540856031128405,0.9434500648508432,0,0.0,0.4270285257043509,1.2598855016240122,1.010758395160534,0.17166097269335404,0.42584444641632047
308,CAL_ZERO_COMP_ERROR_SRM,90.18498455930965,94.83286945497048,101.91667491781674,-103.35025920104258,14.688535641081339,-1.0,1.9482711264381845,-2.5878475295265493,2.570604571672644,4,0.0,0.7494968206233034,2.626822932554205,1.0175811544606321,0.3388698940625593,0.6734118339159068
308,ORACLE_SRM,97.13054104293465,97.47129336975937,123.25466727482987,-123.7167678789043,15.842282565271537,0.0,0.0,0.0,0.0,0,0.0,4.348309318354037e-12,7.275957614183426e-12,1.0000000000000002,0.0,0.0
309,NOMINAL_SRM,57.98922247102031,79.11633761721346,61.82600931947768,-61.398772946864675,9.340402403823973,-1.0,3.993133335367901,-54.571428571428584,54.57005523850216,634,0.0,31.683192703646004,55.1323665099826,1.0010595890972735,13.827573389600458,48.38001190284649
309,CAL_CURRENT_SRM,95.23545259248885,96.40994811771787,112.00214134054085,-111.45468949465683,15.527483819350309,-0.5096818493934538,0.9612726024261844,-0.989105058365755,0.9697413595788471,0,0.0,0.45353329532545605,1.3816949146676052,1.0197389698356878,0.2148995924552566,0.5667495931513074
309,CAL_ZERO_COMP_ERROR_SRM,95.39358311722731,96.35011138117731,114.61703330417575,-113.44857433124912,15.553751348376629,-0.5068894483863584,0.9724422064545664,-0.9864042114900435,0.8418860151064317,0,0.0,0.4386100704327966,1.3486303498320922,1.013967170433499,0.1398663661826873,0.3820523205002715
309,ORACLE_SRM,97.06392227413458,97.3350334121924,123.26037224206884,-124.46896105541876,15.831216324607073,0.0,0.0,0.0,0.0,0,0.0,4.348309318354037e-12,7.275957614183426e-12,1.0000000000000002,0.0,0.0
310,NOMINAL_SRM,60.567680760893964,80.68123492324568,63.721197072073245,-62.37635594322506,9.768717734367769,-1.0,1.49954222235786,-55.063142796105836,55.06295968504898,1651,0.0,23.100732329591015,48.87530250494092,0.999120053691337,10.455689677811712,29.922175686533592
310,CAL_CURRENT_SRM,94.8938896642744,96.17759792556333,112.67008858996397,-114.49090304919531,15.470745791407708,-0.5181508835108493,0.9273964659566027,-1.32364116336557,1.3236411633655696,0,0.0,0.46495810926567044,1.4843598112383916,1.037688409325721,0.2753895694558103,0.7399737371903825
310,CAL_ZERO_COMP_ERROR_SRM,92.830896443686,95.6811881391492,103.52240587302111,-101.37685459451552,15.128055887655481,-0.515754940108339,0.9369802395666438,-1.5913633936064604,1.5598535133897722,0,0.0,0.5724008342889793,1.9179137973251272,1.0325189228717884,0.2882885030329954,0.706032859888353
310,ORACLE_SRM,97.12651633838887,97.60391752419807,123.72668064353948,-127.52345014584472,15.841614009699148,0.0,0.0,0.0,0.0,0,0.0,4.348309318354037e-12,7.275957614183426e-12,1.0000000000000002,0.0,0.0
311,NOMINAL_SRM,57.45769372793511,79.24169238814682,60.939291156703,-59.52268224540522,9.252108592680251,-1.0,1.995971556749168,-68.7553331095308,68.75399029511385,305,0.0,32.550406891493175,60.75740325883635,0.9999566649497542,13.95973146817079,45.965021036579856
311,CAL_CURRENT_SRM,95.60388344761319,96.57961918918416,111.83043505884241,-109.51466166873651,15.58868495807528,-0.5032807397686696,0.9868770409253214,-1.165349284340953,1.158787804803614,0,0.0,0.43115829946709927,1.364676466317178,1.006588433372244,0.16899885466053075,0.5113065410391293
311,CAL_ZERO_COMP_ERROR_SRM,92.44809776728637,95.30367062616799,106.52258498673524,-107.0349407632977,15.064468067655543,-0.504448004882887,1.477759975585565,-1.678294041351932,1.5589990081635547,0,0.0,0.6029302076755126,2.1344657852096134,1.0089840362444953,0.31543910819948656,0.6873955198543626
311,ORACLE_SRM,97.04122668573561,97.35677511807695,123.98627693812402,-123.81467309896695,15.827446293311564,0.0,0.0,0.0,0.0,0,0.0,4.348309318354037e-12,7.275957614183426e-12,1.0000000000000002,0.0,0.0
312,NOMINAL_SRM,61.58102270373375,78.31649747929872,69.39451193692759,-67.99231290923606,9.937046960753117,-1.0,1.49931333353679,-39.069032868434704,39.06875820184942,1574,0.0,18.73609521699592,38.510352706869526,1.0003285690688404,7.59792303650312,25.81651712191342
312,CAL_CURRENT_SRM,94.88437731454229,96.43014296483258,110.28316741401136,-115.8417331932386,15.469165666867491,-0.5088808862575152,0.9644764549699394,-0.9437391277809992,0.9082155827509385,0,0.0,0.4708737113612027,1.4430467890124419,1.0180852794657904,0.20604039480158434,0.5419915497884134
312,CAL_ZERO_COMP_ERROR_SRM,91.7807644250159,95.23019742661342,102.84397503729258,-101.13583283777167,14.953615352992674,-1.0,0.9685659352397229,-1.923215430158391,1.8754234443189794,2,0.0,0.6190294372542183,2.0836416981164803,1.0159862012758485,0.2755284118668493,0.5603566833465834
312,ORACLE_SRM,97.25122215147718,97.66176448255408,123.68519334296136,-122.78629813149492,15.86232926104272,0.0,0.0,0.0,0.0,0,0.0,4.348309318354037e-12,7.275957614183426e-12,1.0000000000000002,0.0,0.0
313,NOMINAL_SRM,58.49888651584231,76.79943911834539,61.1520929503202,-60.31253814917844,9.425064205289422,-1.0,1.501908863233767,-68.46512125099783,68.45443161688871,1730,0.024169921875,30.448225627051908,58.79682932330252,0.9998146448693505,12.417823678281401,43.17311148923909
313,CAL_CURRENT_SRM,95.7052170289687,96.79152214377845,110.5637773844254,-108.8201145333344,15.605517778898456,-0.500259407330546,0.9989623706778163,-0.8371532334360794,0.8366344187749873,0,0.0,0.44078487362405716,1.3689135199674638,1.000520328697532,0.16242987475001078,0.3742136002848717
313,CAL_ZERO_COMP_ERROR_SRM,55.44731894490701,95.54990808930572,64.1777353926577,-59.60192336769276,8.918159293173924,-1.0,1.0130859494992936,-1.3377925907722554,1.3443355655219023,11,0.0723876953125,9.899972373977105,211.06385595302345,0.9935588425493095,0.16691027601977845,0.3863673648340864
313,ORACLE_SRM,97.11185704883555,97.42337880815255,123.67598682036466,-127.84058625603195,15.839178911766702,0.0,0.0,0.0,0.0,0,0.0,4.348309318354037e-12,7.275957614183426e-12,1.0000000000000002,0.0,0.0
314,NOMINAL_SRM,51.10650264752653,75.30976446000126,54.557678901270876,-53.06726118298254,8.197093463044276,-1.0,3.001343265355965,-144.7878861887808,144.78822200511976,752,0.015380859375,66.22186036895305,131.59473424251337,1.0026689223035374,30.096434023519564,89.95106483559721
314,CAL_CURRENT_SRM,94.23900278253879,96.08067100056181,107.33229393236951,-104.28046600378369,15.361960595106112,-1.0,0.9864194705119402,-1.2440680552376593,1.2372777904936294,11,0.0,0.5008147195082442,1.5624952245361783,1.0068458557662834,0.21417739102778047,0.6240497512018806
314,CAL_ZERO_COMP_ERROR_SRM,91.71777868847693,94.69275162931805,101.96403240234775,-100.40301441305216,14.94315260605929,-1.0,0.9825434125797297,-2.028717917416912,2.019989623706777,1,0.0,0.6163472744573347,2.05495625036383,1.008820263614105,0.3093802434913428,0.6873086787864509
314,ORACLE_SRM,97.24504635788185,97.57433717221002,124.34416488460062,-123.1370573165838,15.861303381707948,0.0,0.0,0.0,0.0,0,0.0,4.348309318354037e-12,7.275957614183426e-12,1.0000000000000002,0.0,0.0
315,NOMINAL_SRM,54.91518426495479,75.14540418833985,58.5006978539175,-58.04193305065205,8.82976482806558,-1.0,5.998077333903012,-99.84612567522203,99.84585100863674,686,0.0,43.595027196344894,88.8970088937258,0.9993389794844353,17.871089978408907,51.661473117914284
315,CAL_CURRENT_SRM,60.00684313350834,95.90918851565368,69.69708476317389,-65.09747180048382,9.675555337792083,-0.49786992766948635,1.0085202893220546,-0.913801029790363,0.9180611744513906,0,0.058349609375,5.248286631317981,138.1153102576136,0.9957849974048985,0.16741435063076165,0.4986548435510798
315,CAL_ZERO_COMP_ERROR_SRM,67.3275874306247,94.39040737897224,78.19350529437123,-74.32943228326002,10.891625819040648,-0.4989295654035538,1.0042817383857847,-2.5988011132519904,2.5988011132519815,0,0.0411376953125,2.068336927894589,70.09436692040254,0.9978617055329241,0.48315176947301874,0.9807491699213529
315,ORACLE_SRM,97.10592024437443,97.39604179528789,123.0694625395081,-124.3730105660653,15.83819273162366,0.0,0.0,0.0,0.0,0,0.0,4.348309318354037e-12,7.275957614183426e-12,1.0000000000000002,0.0,0.0
316,NOMINAL_SRM,55.89522171928212,76.04950590090351,60.706813388753275,-59.56036421446151,8.992561747389058,-1.0,4.996978713664454,-89.73536278324764,89.73485923552519,1132,0.0,41.31761594663428,88.59789266549228,1.001687670538821,17.96953216725952,47.84737850610327
316,CAL_CURRENT_SRM,95.07411504781872,96.4799303275481,110.24793274160673,-108.60778994892028,15.500683562760585,-1.0,0.9814447462385936,-0.9860072634052552,0.9767296365245524,1,0.0,0.4553004011688442,1.48520537134209,1.0093631580805105,0.18469760034225807,0.5091712315482724
316,CAL_ZERO_COMP_ERROR_SRM,94.17429383039553,95.64224212092654,111.40481927352157,-116.82899419892864,15.351211599733476,-0.5053712576677756,1.4731437116611223,-1.3039948728904078,1.2932523575548567,0,0.0,0.5023017863001589,1.7371241760124576,1.0108505468353335,0.18222558839404504,0.5566869037176687
316,ORACLE_SRM,97.15428084899489,97.40861492075588,123.12638415078891,-123.8553995110589,15.846226054650314,0.0,0.0,0.0,0.0,0,0.0,4.348309318354037e-12,7.275957614183426e-12,1.0000000000000002,0.0,0.0
317,NOMINAL_SRM,64.98512039462042,86.1060526779097,69.52675656881874,-66.85593777015681,10.502511693458544,-1.0,1.500190755238139,-30.979077965481018,30.97915426757627,488,0.0050048828125,14.557838831185238,28.145523786155536,1.0000959733025196,5.8109071921812205,22.068110585412796
317,CAL_CURRENT_SRM,95.64801644963892,96.46606213738765,121.22943803142431,-117.96670442583759,15.596016021534703,-0.5095217749565111,0.9619129001739557,-1.0461134678182318,1.0270699179052096,0,0.0,0.4415678314440357,1.244498053103598,1.0194256567911122,0.21066087145533682,0.5782994930898013
317,CAL_ZERO_COMP_ERROR_SRM,94.26687282098997,95.74515720131855,107.55716964028879,-106.20118323275462,15.366590169599665,-1.0,0.9602649006622519,-1.3112582781456956,1.2913907284768213,1,0.0,0.4842666888644926,1.593868799318443,1.0202839544935327,0.21002685761491147,0.6058163077701479
317,ORACLE_SRM,97.19788375076584,97.61588331606198,122.88250920001785,-127.2241204025367,15.85346906158901,0.0,0.0,0.0,0.0,0,0.0,4.348309318354037e-12,7.275957614183426e-12,1.0000000000000002,0.0,0.0
318,NOMINAL_SRM,55.08564891066576,76.89544164464694,60.11031502745049,-57.20919154310466,8.858081214396307,-1.0,3.502610846463906,-110.17973616709496,110.18031635519807,1714,0.020751953125,46.06028081263996,85.45665392297269,1.0010163103199237,19.484504081394586,66.84338584774014
318,CAL_CURRENT_SRM,95.59440111378913,96.5438253330324,113.19692220397833,-110.68451819005477,15.587109819566301,-0.5098954757000076,0.9604180971999694,-0.9635919737544821,0.943801022354467,0,0.0,0.4432246491551873,1.3128641090806923,1.0201846238278214,0.17077327208655574,0.5078309292771195
318,CAL_ZERO_COMP_ERROR_SRM,91.69301118334494,94.38102639051516,110.16965139383971,-107.55174756733877,14.939038402548993,-1.0,1.4566637165440843,-1.7778862880336923,1.760551774651326,9,0.0,0.6317843279703412,2.2361028930208704,1.017630974042299,0.24863085509794716,0.5963746952113524
318,ORACLE_SRM,97.13856513631625,97.34647892411107,123.41453437240767,-123.08628288372164,15.843615471148878,0.0,0.0,0.0,0.0,0,0.0,4.348309318354037e-12,7.275957614183426e-12,1.0000000000000002,0.0,0.0
319,NOMINAL_SRM,56.11459372241866,77.72863054889704,59.320080037165425,-57.03482583992101,9.02900227947154,-1.0,1.4992561170070728,-76.80230260397207,77.3021538273736,2360,0.0,41.54583983366681,69.04006640053922,0.9997102117221909,17.429853866981723,67.83927241644778
319,CAL_CURRENT_SRM,95.617389735921,96.65956364489574,113.78860799716334,-111.86754745704492,15.590928527561628,-0.5118106631672109,0.9527573473311564,-0.9590441602832105,0.9354228339487887,0,0.0,0.4389743726916261,1.3837423082404712,1.0241892730687971,0.1754094420614755,0.44829265012044317
319,CAL_ZERO_COMP_ERROR_SRM,91.96101867129586,95.59534354752458,100.04833456606809,-98.8932603405013,14.98355791881991,-1.0,0.9504379406109809,-1.9442426831874549,1.894680623798335,1,0.0,0.6331342165197114,2.1490510009589343,1.025386936322369,0.25802430795244113,0.5256113889809058
319,ORACLE_SRM,97.19317320541462,97.45623559781006,122.11348750844836,-123.74297668668578,15.852686578972529,0.0,0.0,0.0,0.0,0,0.0,4.348309318354037e-12,7.275957614183426e-12,1.0000000000000002,0.0,0.0
320,NOMINAL_SRM,53.75944886055423,73.47339816347113,59.95335229427844,-58.849954907027964,8.637782202749873,-1.0,1.5030555810187307,-104.74637149754228,104.74759372994974,1786,0.03076171875,45.408573304627794,97.47939777437932,0.9996181946325366,19.330033360534934,55.22430876922954
320,CAL_CURRENT_SRM,95.81145974272533,96.68286737017408,112.2261650762326,-110.28525253022777,15.623166070220154,-0.512687876707103,0.9492484931715879,-0.8865491721980622,0.861173418783856,0,0.0,0.42786430821680804,1.3327942045966665,1.0260452696234368,0.18242879228483408,0.5995495900784391
320,CAL_ZERO_COMP_ERROR_SRM,93.22430180973492,95.67351421978134,104.45089988258557,-103.51441655753929,15.193405616235038,-0.5115129320210574,0.9539482719157701,-1.4188601510643104,1.395834287022196,0,0.0,0.5404586835756806,1.8968625435445574,1.0235731509529304,0.21116175006484816,0.5204779871864886
320,ORACLE_SRM,97.11915622229682,97.52647075148224,124.09724866989754,-130.47319302109005,15.84039139905263,0.0,0.0,0.0,0.0,0,0.0,4.348309318354037e-12,7.275957614183426e-12,1.0000000000000002,0.0,0.0
321,NOMINAL_SRM,58.94778512644229,81.03152426299333,62.58251883650304,-60.398932939038744,9.499632080804368,-1.0,4.99816888943144,-61.630664998321485,61.630359813226725,1136,0.0,29.641396031014224,53.390562543692795,0.9998579417622627,12.047395219916035,45.67694159223174
321,CAL_CURRENT_SRM,95.4783879784047,96.50898333559361,113.74924804406767,-114.60953330627676,15.567838534618721,-0.5094224460212101,0.9623102159151595,-1.017853055619135,0.9990081635767142,0,0.0,0.447602748218793,1.5409497288437706,1.0192060771151854,0.22160000424595838,0.6080735227364826
321,CAL_ZERO_COMP_ERROR_SRM,93.42557276853051,95.43148923388952,105.63889296529132,-104.24571440299042,15.226839330320685,-0.5121690699626154,1.4391546501869232,-1.2262149996185245,1.2018768596932938,0,0.0,0.5209417011732803,1.7947230095378472,1.0249429345593783,0.33501019630500384,0.8357615743373685
321,ORACLE_SRM,97.15878080846876,97.50808883573674,123.58513975716029,-127.0071615243687,15.846973556224047,0.0,0.0,0.0,0.0,0,0.0,4.348309318354037e-12,7.275957614183426e-12,1.0000000000000002,0.0,0.0
322,NOMINAL_SRM,58.528734245974015,79.15598973207778,65.12987655339528,-62.7607977275609,9.430022299995684,-1.0,3.503229648632553,-83.45851848458553,83.45923618428158,591,0.023193359375,28.40585921151107,68.07310694174339,1.0009497811078432,13.381402697224482,33.01170601443482
322,CAL_CURRENT_SRM,94.00541575585392,95.47565828284229,110.56974233631828,-116.77785590928653,15.323158763430884,-1.0,0.9618829633020525,-0.9657129777981233,0.9466544594491494,8,0.0,0.5058361720201138,1.5214289054893015,1.0194282626817721,0.2294772741500952,0.7298232166968468
322,CAL_ZERO_COMP_ERROR_SRM,92.5530094874708,95.07522006160474,108.17312119285886,-108.71321464376466,15.081895263699469,-1.0,1.4736777855769523,-1.9073763237403485,1.896847437971129,3,0.0,0.5804792853352143,1.971297495341787,1.0106614789886634,0.2646785610749436,0.6465656997074802
322,ORACLE_SRM,97.10986640899199,97.38436082443894,124.0193442443902,-122.9236322206519,15.838848240696345,0.0,0.0,0.0,0.0,0,0.0,4.348309318354037e-12,7.275957614183426e-12,1.0000000000000002,0.0,0.0
323,NOMINAL_SRM,65.86330550268309,82.71491610465681,72.77685434586397,-71.77822294350791,10.648389618385895,-1.0,4.997894254978255,-25.89428549629974,25.893934538796127,1030,0.0,12.282381489689492,26.32770945856646,1.000343073206502,5.991852069337741,22.324199891652825
323,CAL_CURRENT_SRM,95.13385935567533,96.18509390492905,115.40926637593905,-112.47356548866566,15.51060786639125,-1.0,0.9606012054627298,-1.0595101853971192,1.0398107881284833,2,0.0,0.4565877923812851,1.4155627440632088,1.0201015777667255,0.18881660788451668,0.617849431619149
323,CAL_ZERO_COMP_ERROR_SRM,93.02571987708639,94.95142062763401,110.3099038300782,-110.06509290524973,15.16041858423362,-0.5109636072327763,0.9561455710688946,-1.5016250858319984,1.431219958800641,0,0.0,0.5664062026121222,1.854539518175443,1.0224162088121755,0.31357283179461887,0.6918526816649688
323,ORACLE_SRM,97.21802494898726,97.52922869177867,124.24786500888025,-122.97186260614706,15.85681477557928,0.0,0.0,0.0,0.0,0,0.0,4.348309318354037e-12,7.275957614183426e-12,1.0000000000000002,0.0,0.0
324,NOMINAL_SRM,57.61942129133425,77.95210522699948,62.3266687532997,-61.69729028752072,9.278973636434262,-1.0,3.49862666707358,-85.25434125797297,85.25403607287821,811,0.0,32.43672193972886,63.136119504057206,0.9989761187743978,14.415926882812064,48.90457561000949
324,CAL_CURRENT_SRM,95.76045437483175,96.87555602342294,111.94201249876365,-110.66099408398162,15.614693417746139,-0.5044327458609903,0.9822690165560388,-0.8141603723201343,0.8052948805981537,0,0.0,0.4381322160556715,1.3473918279232748,1.0089440808164285,0.177496640820811,0.5048985973983591
324,CAL_ZERO_COMP_ERROR_SRM,93.04740564619101,95.94846493862632,105.9382483986873,-114.39868635073678,15.1640208714603,-0.5023346659749137,0.9906613361003451,-1.4500564592425307,1.2558977019562367,0,0.0,0.5676966512493942,1.9449125613391516,1.004692100856394,0.18543246472331965,0.37488731540634035
324,ORACLE_SRM,97.15431893676535,97.6064618725012,122.83009730827786,-123.13414050374547,15.846232381522483,0.0,0.0,0.0,0.0,0,0.0,4.348309318354037e-12,7.275957614183426e-12,1.0000000000000002,0.0,0.0
325,NOMINAL_SRM,57.36784348636694,76.25394403124169,65.87398261990535,-63.168319497063976,9.237183303383214,-1.0,3.010710078183571,-95.72742851022944,95.73010602977538,1037,0.046142578125,33.59003251005332,71.55209185852436,0.9987179824395456,15.654928082383847,44.93422329861551
325,CAL_CURRENT_SRM,95.19868540285046,96.45858651532751,112.04844890246682,-109.1486792473398,15.521376312765858,-0.5108188116092409,1.4459059419537952,-1.0479750968962656,1.0263374736777837,0,0.0,0.45187032798034177,1.4898364386390313,1.022118312034343,0.21509514671855565,0.5793915971423829
325,CAL_ZERO_COMP_ERROR_SRM,93.31183246612002,95.43684525504746,106.93584737211785,-106.50299350541022,15.207945592378742,-1.0,1.4442087755304458,-1.0558560758073992,1.4317573186642143,1,0.0,0.5378281582605849,1.869043369186329,1.0228229913791964,0.2332276560310766,0.6018211696311155
325,ORACLE_SRM,97.11073673571423,97.50452888572794,122.81350071358837,-125.18074702161036,15.838992813241566,0.0,0.0,0.0,0.0,0,0.0,4.348309318354037e-12,7.275957614183426e-12,1.0000000000000002,0.0,0.0
326,NOMINAL_SRM,56.958072966131624,79.11823950287078,59.457970597344314,-59.13290206592626,9.169115110653095,-1.0,3.00122111304454,-68.91771224471974,68.91801752298095,1177,0.014404296875,34.27943326907018,70.11879763315847,0.9997557987005109,13.806010414579461,40.611715312857996
326,CAL_CURRENT_SRM,95.66639528807914,96.6889739749212,113.11414226089944,-111.68534385952472,15.599068984730755,-0.5120317387655451,0.9518730449378194,-1.0014343480582921,0.9773708705272006,0,0.0,0.4334209115418589,1.3739588558637479,1.0246665470637457,0.1854622882325422,0.4724395400582182
326,CAL_ZERO_COMP_ERROR_SRM,91.46172834407322,95.52941490700502,103.24137465191185,-103.19098509190718,14.90061932625801,-0.5154345006485084,1.4228274967574581,-1.62412451361865,1.593255512321641,0,0.0,0.6461787948804432,2.010580930313836,1.0318692413638952,0.28824982298915525,0.7028162837484473
326,ORACLE_SRM,97.20640156169449,97.5611621976916,123.57503761691959,-127.62253158858904,15.854883980347923,0.0,0.0,0.0,0.0,0,0.0,4.348309318354037e-12,7.275957614183426e-12,1.0000000000000002,0.0,0.0
327,NOMINAL_SRM,56.84526818760234,74.36786909993995,62.798816760321834,-59.76212125420345,9.150376775349228,-1.0,1.99908444471572,-69.9675130466628,69.96720786156804,1435,0.0,30.400492745032896,64.239241639807,0.9996606907736166,13.191195142054625,48.02660657518754
327,CAL_CURRENT_SRM,96.11583641542626,96.86504177966812,121.27044644395652,-118.2102536621324,15.673726979306688,-0.5039521469771415,0.9841914120914337,-0.823755607776116,0.8158513138218327,0,0.0,0.418159024285326,1.2579164980143105,1.0079619860896667,0.1594539505132274,0.5124847197867126
327,CAL_ZERO_COMP_ERROR_SRM,90.81269218523113,95.02276514389908,104.3243004211442,-105.05914037752946,14.792806010835736,-0.5059968871120335,0.976012451551866,-2.1250343333231605,2.1130405590990935,0,0.0,0.6988577171350662,2.3884696889886072,1.012130265350513,0.3088329174308812,0.6802077311949688
327,ORACLE_SRM,97.21015463537496,97.57856198354732,124.32272328926027,-124.45214259829282,15.855507414514113,0.0,0.0,0.0,0.0,0,0.0,4.348309318354037e-12,7.275957614183426e-12,1.0000000000000002,0.0,0.0
328,NOMINAL_SRM,58.35178050464435,75.90251136555213,68.1529132444484,-66.18679270783561,9.400627990804711,-1.0,1.4980162968840602,-76.61017181920838,76.60937833796199,910,0.0,30.03609848678402,62.667168316842435,0.9991450042882807,13.349579411855107,47.11201087777863
328,CAL_CURRENT_SRM,95.41840887267432,96.35029583137062,115.45522716957386,-113.98417526202533,15.55787522801899,-0.5129472800793469,0.9482108796826123,-0.9959105821316847,0.9700160219729909,0,0.0,0.4412266319761964,1.3862809316415223,1.0265917959692377,0.18908775175047138,0.5128038732403439
328,CAL_ZERO_COMP_ERROR_SRM,91.53302580324856,95.6536023721125,104.75840160260488,-104.80642485943747,14.912462758014712,-1.0,1.442854091006195,-2.2371288186284985,2.191412091433455,2,0.0,0.6597062541026952,2.308792053720026,1.0233656829620217,0.2946373315950913,0.9036006582127811
328,ORACLE_SRM,97.18392894040693,97.48475582995383,122.7808451421023,-126.19922151498442,15.85115098677856,0.0,0.0,0.0,0.0,0,0.0,4.348309318354037e-12,7.275957614183426e-12,1.0000000000000002,0.0,0.0
329,NOMINAL_SRM,54.99985167376956,76.43003317622156,58.86612676670184,-57.03314864527826,8.843829181689298,-1.0,2.003942060872754,-115.07419630852971,115.07551032882071,1439,0.031982421875,46.45352289270277,89.39835411679087,1.0001503853771725,19.07874475202877,68.02763498703644
329,CAL_CURRENT_SRM,95.57580761497138,96.32596867419127,119.1129834061711,-121.858333660304,15.58402119850023,-0.5165636682688639,0.9337453269245444,-0.8719157701991304,0.8387884336614024,0,0.0,0.4415324905736861,1.2289871691173175,1.0342693070364815,0.23364088632492552,0.6315518532662026
329,CAL_ZERO_COMP_ERROR_SRM,92.8164242647353,95.33420329574975,102.86977100999884,-101.36433729993558,15.125651871218489,-0.5143742179631947,0.9425031281472211,-1.5448164311655017,1.5160679952391125,0,0.0,0.5660164394611333,1.979471998981353,1.0296078944897948,0.3140913019589686,0.7088088408710291
329,ORACLE_SRM,97.18099162121943,97.44591318961115,123.46608595700069,-124.82777282236566,15.850663060003228,0.0,0.0,0.0,0.0,0,0.0,4.348309318354037e-12,7.275957614183426e-12,1.0000000000000002,0.0,0.0
330,NOMINAL_SRM,53.98192093271106,76.24061394603432,57.01285955955057,-55.577432819780014,8.674737696463632,-1.0,3.00122111304454,-112.23248465977476,112.2327899380359,1935,0.0145263671875,52.190643104846345,99.3456952888937,1.000891242841459,21.258147574129307,78.50175772613147
330,CAL_CURRENT_SRM,94.06150909703058,95.85547204658484,109.54615675371787,-106.60559064807713,15.332476594191126,-0.508369573510338,0.966521705958648,-1.5959563591973156,1.579217212176649,0,0.0,0.5120938605080473,1.630985102716295,1.0170461762821974,0.2561246920294139,0.6414680802806103
330,CAL_ZERO_COMP_ERROR_SRM,94.10045361874106,95.66861087889265,108.72843513345786,-108.12800492447452,15.33894578384403,-0.505653467612726,0.977386129549096,-1.2788281071183338,1.235385671778439,0,0.0,0.49556334250826056,1.6852409212951116,1.011448384709545,0.26138055439290175,0.6019131140529339
330,ORACLE_SRM,97.11305550788644,97.41491874169937,123.38700792966696,-122.5941089870217,15.839377991343262,0.0,0.0,0.0,0.0,0,0.0,4.348309318354037e-12,7.275957614183426e-12,1.0000000000000002,0.0,0.0
331,NOMINAL_SRM,60.00785289659123,78.46188839651629,68.72509621642423,-69.37304258014052,9.67572307252346,-1.0,2.001007449016974,-52.21083160337428,52.21116741971333,1032,0.01513671875,23.757185105862256,51.47573905313675,0.9991368681407131,10.028704670975113,31.139575267922737
331,CAL_CURRENT_SRM,95.1248083110163,96.60400828882916,108.35852218552198,-114.87505462025347,15.509104370600713,-0.5086289768825818,0.9654840924696726,-1.1417257953765163,1.1244678416113525,0,0.0,0.47041168408327105,1.534481959038203,1.017569833998309,0.21125373543190562,0.5581459992122078
331,CAL_ZERO_COMP_ERROR_SRM,91.13157816213638,94.8665715196345,100.92765500780774,-98.22689407395414,14.845777103344913,-1.0,0.9499198901350425,-2.657816433966583,2.6327763790341043,6,0.0,0.6619329842196002,2.317250123644044,1.0257247975272301,0.3671754258054616,0.9132585496810748
331,ORACLE_SRM,97.21353569469771,97.63329347164765,122.82737742020075,-123.63190836285537,15.856069052275368,0.0,0.0,0.0,0.0,0,0.0,4.348309318354037e-12,7.275957614183426e-12,1.0000000000000002,0.0,0.0
332,NOMINAL_SRM,51.83719446660669,76.45517088751208,54.720763525893176,-52.711000808894894,8.318470841629019,-1.0,1.9977569237811852,-117.32513923856122,117.32439154648829,1215,0.0,66.79515044701914,100.24818598290767,0.998574999899318,28.671251424105172,110.23000036427766
332,CAL_CURRENT_SRM,95.56303693962919,96.7179389972701,113.38733870327152,-113.91247905079659,15.581899823858668,-0.5135576409552147,1.432211795223926,-1.0218966964217595,0.99478141451133,0,0.0,0.4465471232557615,1.5551922045269748,1.027876165307156,0.22000763139002913,0.4913953692355122
332,CAL_ZERO_COMP_ERROR_SRM,90.0345073800978,94.20242952175832,96.68542805966666,-96.44174283818273,14.663539431909935,-1.0,1.4172948393200477,-2.141697439497055,1.990508743552965,2,0.0,0.7756129158864459,2.8128235323420085,1.0342141125736253,0.41453347802266427,0.7639841927017414
332,ORACLE_SRM,97.12953518864927,97.50762851090707,122.15907723783525,-123.25313557773367,15.842115479842072,0.0,0.0,0.0,0.0,0,0.0,4.348309318354037e-12,7.275957614183426e-12,1.0000000000000002,0.0,0.0
333,NOMINAL_SRM,56.021048733603116,76.58621134711004,60.664021333912366,-59.723897294252666,9.013463244784571,-1.0,7.009349577970438,-96.97302830079535,97.47478134666478,1041,0.0302734375,40.47071672925817,82.12093621736312,1.000083555082942,15.88256921829627,43.98423887113495
333,CAL_CURRENT_SRM,94.9351190663446,96.69489059928009,110.20293303947969,-109.26003801524286,15.477594529293123,-0.5091783016708629,0.9632867933165483,-1.0626688029297318,1.0443121995880063,0,0.0,0.4695120532303124,1.5351723916755873,1.0187062120980899,0.2058165091209974,0.5216524051946578
333,CAL_ZERO_COMP_ERROR_SRM,91.60037312118484,95.57998727063263,104.36089920754328,-105.45821341858837,14.923650020130372,-1.0,0.9532768749523155,-1.9635614557106151,1.9401998931867874,1,0.0,0.6365234149077346,2.2457922944995516,1.0239366671519352,0.35034095969292817,0.9098973444585567
333,ORACLE_SRM,97.18721956056646,97.51803250204506,122.1722262260648,-123.91730668518167,15.851697601423,0.0,0.0,0.0,0.0,0,0.0,4.348309318354037e-12,7.275957614183426e-12,1.0000000000000002,0.0,0.0
334,NOMINAL_SRM,63.07750768654981,82.7813186315045,66.06308098684322,-65.64225951740893,10.185632506071398,-1.0,5.502976917440156,-38.086361138249586,38.08681912554808,593,0.01806640625,16.956719324519828,37.30750721439472,0.999435749373863,7.561726475484855,20.037363586972788
334,CAL_CURRENT_SRM,93.12858390760483,95.66112739287853,106.81891310842089,-110.59209832505775,15.177505632492498,-0.5092776268807031,0.9628894924771874,-1.8780480361339067,1.8594927823725007,0,0.0,0.5410182312943663,1.6750506654752826,1.0189329305338406,0.233765303036712,0.6115919171571704
334,CAL_ZERO_COMP_ERROR_SRM,91.57618465863457,94.57170471833476,104.25253364124109,-109.29413528808516,14.919632003095444,-0.5109027375103,1.4454863124484998,-1.9939802240058562,1.9939802240058568,0,0.0,0.6600700461762372,2.2892474927448347,1.0223072556745187,0.28606468930956364,0.6901578354024309
334,ORACLE_SRM,97.03990231884801,97.33205041338336,122.73021230431242,-126.05715471834701,15.827226298811961,0.0,0.0,0.0,0.0,0,0.0,4.348309318354037e-12,7.275957614183426e-12,1.0000000000000002,0.0,0.0
335,NOMINAL_SRM,63.95277983990149,81.68682755494152,72.20595755393141,-71.12017136378343,10.331026551478654,-1.0,1.9994964522774086,-33.737911039902635,33.73774319066177,678,0.0,15.42195217051166,35.644402035235544,1.0003156940682592,6.29408888590724,19.88104519060562
335,CAL_CURRENT_SRM,95.43165865289947,96.58436491123925,112.5102693799934,-110.33880639103205,15.560076188189282,-0.5047837033646143,0.9808651865415425,-1.2501258869306466,1.1017166399633782,0,0.0,0.43993889364141764,1.5196927045144548,1.0096717586141961,0.21258195855626888,0.5075908169697314
335,CAL_ZERO_COMP_ERROR_SRM,92.77394927449228,95.6615105736755,106.3347245893566,-109.3656068900375,15.118596224998718,-1.0,0.98129243915465,-1.7812466620889416,1.7718928816662685,10,0.0,0.573269246092433,2.062387507787207,1.0094586963634191,0.32604206353304804,0.7244205110226289
335,ORACLE_SRM,97.17550798579543,97.61302640595318,123.6183294846372,-128.0707544960721,15.849752157108876,0.0,0.0,0.0,0.0,0,0.0,4.348309318354037e-12,7.275957614183426e-12,1.0000000000000002,0.0,0.0
336,NOMINAL_SRM,62.341567248416354,82.9257987694247,65.90982671546134,-64.79423867271126,10.063383263856538,-1.0,3.9987411210888926,-42.79754175281534,43.29716408914222,572,0.0,17.749542705703767,40.830009311081994,1.000541140407324,7.645908785156016,20.924195359162695
336,CAL_CURRENT_SRM,95.6824924431136,96.80418691268477,114.53548496727643,-116.77897219309156,15.601742930749769,-0.5055848872341074,0.9776604510635702,-0.9064149906918539,0.8952452162236393,0,0.0,0.4339214596723324,1.2706138950488821,1.0113025936405675,0.2130624141754361,0.5853564176131272
336,CAL_ZERO_COMP_ERROR_SRM,92.3999554764356,96.30980631638558,104.94786098164569,-107.80183467703283,15.056471009374684,-1.0,1.4778362706950485,-1.6185397116044862,1.6096742198825056,3,0.0,0.6072656681706161,1.9971448812739254,1.0089553294634241,0.2297723017434078,0.5197856453341956
336,ORACLE_SRM,97.11402031878234,97.39635712809415,123.10269370366113,-123.86838662970501,15.839538258933944,0.0,0.0,0.0,0.0,0,0.0,4.348309318354037e-12,7.275957614183426e-12,1.0000000000000002,0.0,0.0
337,NOMINAL_SRM,56.81301182466069,78.61009142213082,59.92798853105046,-58.82706807052798,9.145018575525032,-1.0,1.9962920576791028,-69.059372854205,69.05813687343132,501,0.0,37.85325967726832,68.36894667540787,1.0014743696897757,16.352464086037063,50.65820617457939
337,CAL_CURRENT_SRM,96.37841036357074,96.89395335742861,117.89296456059544,-120.79064935973732,15.717343914214409,-0.5041848186832889,0.9832607252668442,-0.3993469088800553,0.8867924528301884,0,0.0,0.4082165478595256,1.172968500328352,1.0084382816759279,0.14329263882366575,0.37860444224573087
337,CAL_ZERO_COMP_ERROR_SRM,93.47051262154699,95.90542627660975,104.0505598874139,-102.59191349251735,15.234304422183886,-0.5038911099581896,1.480544450209052,-1.4285103915524766,1.418774987029629,0,0.0,0.5443154707485244,1.7407893800082093,1.0078578354191445,0.24909877490824722,0.4702807770107711
337,ORACLE_SRM,97.11337636769224,97.54770411204859,123.51428210808912,-124.69167295503874,15.839431290314327,0.0,0.0,0.0,0.0,0,0.0,4.348309318354037e-12,7.275957614183426e-12,1.0000000000000002,0.0,0.0
338,NOMINAL_SRM,55.23982017539371,75.89175245562355,59.01639665640707,-57.20121035527317,8.8836910590355,-1.0,1.5018706574024585,-98.20769641902636,98.2084446819874,1412,0.0238037109375,46.18236065771184,102.0229288607934,0.9982249908644755,21.222553277683648,64.68788460004725
338,CAL_CURRENT_SRM,95.21413371989647,96.22692854173273,115.20272784030962,-113.27905689922574,15.523942478388118,-0.5077286945906767,0.9690852216372932,-0.9298237582970932,0.9143663691157398,0,0.0,0.45277274143344237,1.3988596644246627,1.0157038572333474,0.20721225708250654,0.5226760734448774
338,CAL_ZERO_COMP_ERROR_SRM,91.77207233553929,94.83438354887488,102.67283134653759,-100.4484468426085,14.952171484308852,-1.0,0.9475394827191574,-1.6706797894254977,1.6444495307850773,2,0.0,0.6427747809628193,2.147293583012015,1.0269455990372784,0.29784319955999344,0.8822348739950385
338,ORACLE_SRM,97.06648117989927,97.39026374510914,124.1530506208796,-123.05745990928592,15.831641392009846,0.0,0.0,0.0,0.0,0,0.0,4.348309318354037e-12,7.275957614183426e-12,1.0000000000000002,0.0,0.0
339,NOMINAL_SRM,56.851125020018934,78.87868524011438,60.62870521146188,-58.46295899760467,9.151349671099492,-1.0,1.5016032492518168,-83.09384352286278,83.09448482256347,1186,0.0218505859375,37.748226290127114,68.37264180229977,1.0002280959210401,15.45104362787158,57.613630501215084
339,CAL_CURRENT_SRM,95.30407811741411,96.53106222708273,116.67910867663898,-114.77742751298736,15.538883408208324,-1.0,0.9845273517967499,-1.1323872739757381,1.124650949874113,2,0.0,0.45425223579661955,1.367076995127718,1.0077865226822043,0.18833095008425943,0.609795232537941
339,CAL_ZERO_COMP_ERROR_SRM,93.02486392759882,95.38159965650922,110.24051794362764,-112.88983214945823,15.160276399933359,-0.5051537739663841,0.9793849041344636,-1.2267813136592,1.7216275396928635,0,0.0,0.5714193262675562,1.893418181422021,1.0104081039469968,0.22056585431341932,0.6937194861542721
339,ORACLE_SRM,97.0764845980775,97.3643212243767,122.0639375509019,-128.15839649863213,15.833303089381644,0.0,0.0,0.0,0.0,0,0.0,4.348309318354037e-12,7.275957614183426e-12,1.0000000000000002,0.0,0.0
340,NOMINAL_SRM,57.70552488107523,76.42536066465867,64.68398221043351,-62.73974475446029,9.293276558318144,-1.0,1.501297709923664,-52.578000000000124,52.578519083969574,805,0.01953125,29.224430035821115,51.20031941656998,0.9995873674797287,12.330791829346309,40.853632202697554
340,CAL_CURRENT_SRM,94.55955411022163,95.78034085898055,113.30762492430702,-111.10046133075045,15.415208323957081,-0.5105136265144811,0.9579454939420757,-1.0120242927335432,0.9909970397045811,0,0.0,0.4776723798052056,1.4595808798003418,1.0214774174872894,0.20524977620504356,0.6147702812667717
340,CAL_ZERO_COMP_ERROR_SRM,91.8676379949813,95.25686126304244,103.90854780736822,-104.60767135351054,14.968046178568322,-1.0,1.4615091172655834,-1.6923323414969103,1.6769359884031434,4,0.0,0.6385654675301345,2.2117613890040957,1.0156376903639088,0.2908272214307561,0.5943942076146413
340,ORACLE_SRM,97.08371470835715,97.40701879092676,121.56711647471182,-124.00861741664156,15.834504104378265,0.0,0.0,0.0,0.0,0,0.0,4.348309318354037e-12,7.275957614183426e-12,1.0000000000000002,0.0,0.0
341,NOMINAL_SRM,55.78102726032824,74.03341495677941,64.57967082571882,-63.391003795601854,8.973592568160838,-1.0,2.000915834783405,-103.33682876942302,103.33713404768402,1585,0.0142822265625,41.79840095047705,102.81389177512631,0.9981368100951087,18.105725413413378,45.371322002357374
341,CAL_CURRENT_SRM,93.37786417928412,95.91266156047337,105.58978891928574,-110.92976170996431,15.2189143154957,-1.0,0.9566338597695889,-1.263797970550088,1.2421149004348822,5,0.0,0.5556133985719786,1.8040396911092103,1.0221617593153378,0.24176253965593347,0.5798910838771434
341,CAL_ZERO_COMP_ERROR_SRM,91.75647067159646,94.82224715641033,104.51582591536697,-109.31094931666684,14.949579845780143,-1.0,1.4488052003540148,-1.8699301126132652,1.8494521927548797,19,0.0,0.6389337861586855,2.1361580404045526,1.020919959631475,0.24914022470652925,0.6661705988987592
341,ORACLE_SRM,97.16054849595068,97.47027331035972,122.97759852334403,-124.10391208316122,15.847267192018386,0.0,0.0,0.0,0.0,0,0.0,4.348309318354037e-12,7.275957614183426e-12,1.0000000000000002,0.0,0.0
342,NOMINAL_SRM,55.86637558832869,76.92284265695471,58.732809565350806,-58.277783939780015,8.987770031283835,-1.0,2.003529034327879,-92.61244786654055,92.6136242113165,1356,0.0301513671875,39.6421593192039,85.17960337867589,0.9998793279661294,17.03646976411942,44.1588992445395
342,CAL_CURRENT_SRM,95.33579731718294,96.38508574513605,113.49763585491233,-113.18855694337826,15.54415237826959,-0.5168309579760124,0.9326761680959503,-1.2341685232093265,1.2005066072573016,0,0.0,0.44637856294060657,1.4514092021640863,1.0348477766175412,0.17391989457156198,0.46266230883328774
342,CAL_ZERO_COMP_ERROR_SRM,92.91542945950727,95.30382847080622,103.94300290297275,-102.61232955521191,15.142097916861673,-1.0,0.9313649195086593,-1.4424048218509187,1.4080872816052479,1,0.0,0.5566861155268887,1.8872690909156518,1.0355392152728833,0.2278996260009328,0.48485858949580063
342,ORACLE_SRM,97.167233442782,97.6580222298977,122.34831580865108,-127.47315217713705,15.848377648302659,0.0,0.0,0.0,0.0,0,0.0,4.348309318354037e-12,7.275957614183426e-12,1.0000000000000002,0.0,0.0
343,NOMINAL_SRM,62.44185500189822,80.29827352476617,70.74633687141062,-69.52093151839003,10.080042359119307,-1.0,1.5013740877584048,-44.89703502396961,44.89758465907297,928,0.020263671875,18.815478787816158,43.54319657261294,0.9990351573635264,11.990186735361448,40.77871999828403
343,CAL_CURRENT_SRM,94.67570721966266,95.87966334624433,114.76910226177715,-114.15423142097849,15.43450286040908,-0.5072176274910734,0.9711294900357064,-1.0323801385540348,1.017944883571887,0,0.0,0.4728191961368687,1.4296647582330024,1.0146381168858258,0.20574136197817058,0.6475257219653798
343,CAL_ZERO_COMP_ERROR_SRM,94.06816895117706,95.94792186676023,108.64151982430323,-107.75245620730215,15.333582882255325,-0.5031509880216678,0.9873960479133286,-1.4731670099946599,1.2332646677347971,0,0.0,0.5077927552719554,1.766525672224816,1.0063358349668383,0.22016251690517954,0.5841197927857138
343,ORACLE_SRM,97.15746808090853,97.59005650770277,123.18671612058516,-126.18899270969871,15.84675549516753,0.0,0.0,0.0,0.0,0,0.0,4.348309318354037e-12,7.275957614183426e-12,1.0000000000000002,0.0,0.0
344,NOMINAL_SRM,63.383622848580934,85.36543788624348,67.55001054864829,-64.63108252926298,10.236482200760953,-1.0,2.0011448808560655,-35.67757102076515,35.677952647717184,344,0.016357421875,17.81069217158548,29.425922883579915,0.9999291334682405,8.05695300554324,29.320119066524057
344,CAL_CURRENT_SRM,95.44321778562598,96.31365922578752,113.23390768822432,-110.97281141563522,15.561996309904647,-0.5135159880061343,0.9459360479754628,-0.8148961981276751,1.2743482341092722,0,0.0,0.44102620191454833,1.4225535565365135,1.027795820103737,0.21794900490374208,0.6140165662387957
344,CAL_ZERO_COMP_ERROR_SRM,93.0037708253559,95.1873470198815,109.99617301921079,-109.4644630160242,15.15677256235148,-1.0,0.9409475852597851,-1.5445181963836119,1.5149919890135044,1,0.0,0.5609492819207568,1.9458114759108867,1.0304395205013746,0.34725690038853024,0.7205535744801637
344,ORACLE_SRM,97.196117337414,97.5573198292044,124.21285656340825,-124.6721914345404,15.853175637444185,0.0,0.0,0.0,0.0,0,0.0,4.348309318354037e-12,7.275957614183426e-12,1.0000000000000002,0.0,0.0
345,NOMINAL_SRM,61.608087092279305,81.80982552088274,65.88910840058128,-64.32850777412769,9.941542706358689,-1.0,1.5013740877584048,-52.571818986839006,52.57236862194235,802,0.0201416015625,20.526704047884998,51.49549318342906,0.9984285026853107,13.623514945824382,39.87951615557358
345,CAL_CURRENT_SRM,95.29242253889569,96.46314840551156,111.68882729427031,-110.39162964514111,15.536947265597291,-0.5079195532090213,0.9683217871639151,-0.9321573534348592,0.9163182470168165,0,0.0,0.4569798030808354,1.3996027261091513,1.0160900480013932,0.20160864053864538,0.4866048733849482
345,CAL_ZERO_COMP_ERROR_SRM,94.25859952600347,96.12571902132808,106.18001636794554,-104.40705858868172,15.365215868106889,-0.5061799981688895,0.9752800073244421,-1.1773735770744955,1.1650135807367168,0,0.0,0.4912172534115221,1.542160286762737,1.012522635869374,0.21691147529922436,0.5115715770775751
345,ORACLE_SRM,97.16715929309878,97.5195766208413,122.88067030512379,-124.87317326880088,15.848365331079531,0.0,0.0,0.0,0.0,0,0.0,4.348309318354037e-12,7.275957614183426e-12,1.0000000000000002,0.0,0.0
346,NOMINAL_SRM,58.87612804051243,76.52603534811666,64.94917083539679,-62.57445589783997,9.487728910384124,-1.0,1.9985579894252559,-56.17853464258576,56.677813637298364,1538,0.0,24.02254190305231,52.46207045817391,1.0000495892008212,10.324055109115653,27.279118789360837
346,CAL_CURRENT_SRM,95.16217358387769,96.38010077075725,112.00498271568568,-120.05498135435664,15.515311226557756,-0.5021324971197937,0.9914700115208253,-0.6709087718495117,1.1645112804901319,0,0.0,0.4539609197716181,1.403218374322023,1.004282591801611,0.19543895203719552,0.5284462707778239
346,CAL_ZERO_COMP_ERROR_SRM,91.87081785674378,94.3401299531083,104.31226263237946,-103.40751257013642,14.968574394807938,-1.0,0.9835507743953611,-1.8263675898374991,1.818142977035179,4,0.0,0.6356386222708625,2.284232402096677,1.00829432020369,0.26867520667082256,0.6567636822283909
346,ORACLE_SRM,97.12701311372795,97.48620719223197,122.93106228902003,-124.7003562062871,15.841696530519593,0.0,0.0,0.0,0.0,0,0.0,4.348309318354037e-12,7.275957614183426e-12,1.0000000000000002,0.0,0.0
347,NOMINAL_SRM,56.20569269239424,75.58964220774197,62.213999095180924,-59.72714949204996,9.044134998736585,-1.0,2.4964217593652243,-81.40086976424804,81.39984740978095,1167,0.0,39.61958898511515,83.88559852792423,1.0005398514345636,16.688023795225032,49.57946044747587
347,CAL_CURRENT_SRM,95.47746895476115,96.59567156264187,110.9134661244644,-108.53135642026336,15.567685872883912,-0.5051881466109196,0.9792474135563218,-1.0325327311014116,1.0221564378795727,0,0.0,0.44418462301603834,1.4260659317660611,1.0104766597097157,0.21647019921949653,0.5559637260000123
347,CAL_ZERO_COMP_ERROR_SRM,89.8873651256971,95.7083935945492,96.31139180425016,-95.25721739947915,14.639097196959652,-1.0,0.9963073167009995,-2.1013046463721676,2.0994583047226674,12,0.0,0.7787562282515281,2.528824756828726,1.00185957082436,0.2894086716292447,0.7225555270706536
347,ORACLE_SRM,97.16568066699088,97.52185454466758,122.61054297229853,-124.04382392771856,15.848119712124731,0.0,0.0,0.0,0.0,0,0.0,4.348309318354037e-12,7.275957614183426e-12,1.0000000000000002,0.0,0.0
348,NOMINAL_SRM,55.64288088679334,76.35783942313734,59.92619497610982,-57.42051266227148,8.95064466558029,-1.0,2.0038043727368566,-94.37217154819339,94.37343967243915,1019,0.031494140625,44.17844759489423,94.26226790197734,0.9985413088400251,19.470809737798557,64.00072351006384
348,CAL_CURRENT_SRM,95.95034757770881,96.87559578293532,114.36570145458438,-112.03222317054072,15.646237139154287,-0.5071946288242923,0.9712214847028304,-0.8322117952239261,0.7912260624093993,0,0.0,0.4220434892343486,1.2484836028597783,1.01460491799203,0.18053225103453163,0.46211823411479
348,CAL_ZERO_COMP_ERROR_SRM,94.43187941965321,95.8024911697695,108.66154488504918,-106.9253758535708,15.39399990359688,-0.5097581445029373,0.9609674219882505,-1.334523537041272,1.315007248035399,0,0.0,0.4858467632032573,1.5598442425471148,1.0199192070157643,0.26875368322596205,0.6986465178369485
348,ORACLE_SRM,97.2420851346918,97.66895237131182,123.81501590951444,-126.86981824621503,15.860811484168075,0.0,0.0,0.0,0.0,0,0.0,4.348309318354037e-12,7.275957614183426e-12,1.0000000000000002,0.0,0.0
349,NOMINAL_SRM,59.897869449505436,76.5219155227449,68.97752265938011,-71.2439398918186,9.657453396927814,-1.0,3.4962920010986664,-77.70860927152319,77.70778527176734,1514,0.0,24.33530223733517,46.078454767655785,0.9994424284871674,10.116994184286437,38.09763743154963
349,CAL_CURRENT_SRM,95.00294637625827,96.10076567788637,114.1498010954268,-115.69351227976675,15.488861524295393,-1.0,0.9547715689565723,-0.9664296395764025,0.9438154240546887,1,0.0,0.4570907140106534,1.5477044587132696,1.0231360540298355,0.23354044409318742,0.6025300450977653
349,CAL_ZERO_COMP_ERROR_SRM,92.76678236774973,95.63684536468983,104.55811574846933,-104.28427389385156,15.117405708928526,-0.5118830539639426,0.9524677841442295,-1.2925558293723147,1.7569066674804898,0,0.0,0.5785161749795409,2.014304567625004,1.0243564521614292,0.2824645621357475,0.643435016731928
349,ORACLE_SRM,97.16104170498849,97.5087013496404,123.27556987839601,-124.43846050564439,15.847349120429982,0.0,0.0,0.0,0.0,0,0.0,4.348309318354037e-12,7.275957614183426e-12,1.0000000000000002,0.0,0.0
350,NOMINAL_SRM,63.93722777708359,82.94518270155714,67.71373640865063,-65.45852483813631,10.328443152339469,-1.0,2.5001068180430934,-38.51422205945187,38.51425257889275,1195,0.0001220703125,16.510360679973935,34.73964090104528,1.0004869293846,7.284336450564229,25.31597173972841
350,CAL_CURRENT_SRM,95.57598616783018,96.60523294141454,114.77410873748101,-117.79943154682053,15.584050858443552,-0.5134355687800412,0.9462577248798354,-0.8952620737010758,0.8683909361409935,0,0.0,0.43920987197010886,1.3128047195677937,1.027619546051354,0.2033732697625448,0.5325001393292155
350,CAL_ZERO_COMP_ERROR_SRM,92.2677618932698,95.59969302728653,105.46238942305823,-102.88583220619503,15.034511942403622,-0.5127336537727931,0.9490653849088275,-1.879377431906615,1.8539101243610285,0,0.0,0.6217971193769323,2.063962999058276,1.0261491446583104,0.3029439844209917,0.8523719026457002
350,ORACLE_SRM,97.19722438041343,97.47745168544385,123.39377835076826,-125.31056437092246,15.853359531630138,0.0,0.0,0.0,0.0,0,0.0,4.348309318354037e-12,7.275957614183426e-12,1.0000000000000002,0.0,0.0
351,NOMINAL_SRM,62.14117605540396,78.51558607002771,69.2184147296745,-68.03413670593758,10.030095690266439,-1.0,1.99995422293431,-44.57404440374774,44.57402914472588,1282,0.0,19.725810135104112,51.54864352997811,1.0001079716072485,11.796962752588014,41.366403649944004
351,CAL_CURRENT_SRM,95.06774701290739,95.95896601114725,117.08092207350163,-122.55515877600178,15.49962574965239,-1.0,1.4258400219733267,-1.1118961149937436,1.0822321237830743,1,0.0,0.4571001027469047,1.3917093438647044,1.0305843182045415,0.227492933882626,0.6596413745873164
351,CAL_ZERO_COMP_ERROR_SRM,92.4670430445743,94.49694971287616,107.50959668212603,-104.65399862818698,15.067615123683439,-1.0,1.4189364461738005,-1.8767833981841766,1.8443579766536966,44,0.0,0.5924563725004817,2.249878725315284,1.033533857338209,0.28616369273063086,0.7539820823083403
351,ORACLE_SRM,97.06271328859788,97.48192049897565,123.46187511056516,-125.62242606012816,15.83101549644483,0.0,0.0,0.0,0.0,0,0.0,4.348309318354037e-12,7.275957614183426e-12,1.0000000000000002,0.0,0.0
352,NOMINAL_SRM,55.078605518098556,78.91924763474547,58.716568990230826,-57.261312463136676,8.85691121563099,-1.0,6.003205911089399,-96.62930508061068,96.62976306790893,580,0.0181884765625,44.740895007264335,93.19100931206412,1.0017041279126038,20.492423269240014,57.37649597669224
352,CAL_CURRENT_SRM,94.3096907068143,96.10289659108128,107.37850563905114,-106.49079058695793,15.373702775218321,-1.0,0.9791561760891125,-1.1380025940337224,1.1275806820782788,1,0.0,0.49265405655536315,1.5512367632818496,1.0105364429455368,0.21612606531780976,0.6133383007291506
352,CAL_ZERO_COMP_ERROR_SRM,79.83843915524966,95.26085496736648,93.27739597258633,-89.27436080216407,12.969840391237485,-0.49966407085051157,1.0013437165979537,-1.3864101389525116,1.3870819972514887,0,0.0224609375,0.6750946395901978,22.15593476187496,0.9993238544504313,0.19387210210750372,0.48701192871612875
352,ORACLE_SRM,97.1325531911254,97.6220868267113,121.58618511258767,-123.11119650280718,15.842616809157043,0.0,0.0,0.0,0.0,0,0.0,4.348309318354037e-12,7.275957614183426e-12,1.0000000000000002,0.0,0.0
353,NOMINAL_SRM,55.74195476120346,74.54812394081445,63.107531617453844,-61.02986016393125,8.96710211980124,-1.0,2.003620808188832,-95.57954319761684,95.58075013367979,955,0.030517578125,35.29907442445731,70.46296336034902,0.9997510673482162,13.971439796849475,45.180720806951285
353,CAL_CURRENT_SRM,95.0876444632121,96.53339483399864,111.98524927173999,-112.28741784594648,15.502930973955499,-0.5083162938322092,0.9667348246711631,-1.1146580401013215,1.098025452436903,0,0.0,0.4553747254684015,1.4654217525417153,1.0169250125220881,0.21378919049553372,0.5842546686273735
353,CAL_ZERO_COMP_ERROR_SRM,91.0052067603506,94.44455803280013,104.6869387249018,-105.07599530238096,14.824785176137974,-1.0,1.4424353398947125,-2.1938200961318097,2.1477683680475828,22,0.0,0.6734075779455715,2.340725433652551,1.0235927188207565,0.3624411796706367,0.9072124308216871
353,ORACLE_SRM,97.14275054880376,97.40294432548437,123.296509996648,-126.94311548764927,15.844310722392652,0.0,0.0,0.0,0.0,0,0.0,4.348309318354037e-12,7.275957614183426e-12,1.0000000000000002,0.0,0.0
354,NOMINAL_SRM,62.703177748016216,81.6227334618724,69.70034117883527,-67.92524083950666,10.123451453158841,-1.0,3.5055688814874797,-60.60197393549988,60.603211464719315,1042,0.03125,16.920686094031677,37.00991412559415,0.9997647467981337,7.322149719321009,22.358170965823774
354,CAL_CURRENT_SRM,95.17912661557253,96.5492372377145,113.39973185968529,-112.58530361635671,15.51812734477949,-0.5062638284885939,0.9749446860456243,-1.267002365148393,1.2544747081712053,0,0.0,0.45341746179223996,1.5210568779184541,1.0126986862661196,0.18459513600746655,0.4787170598293997
354,CAL_ZERO_COMP_ERROR_SRM,93.41003756354081,95.18287808720801,110.09424233513235,-109.94954064038953,15.224258731485184,-0.5117496261482588,0.9530014954069645,-1.588549455244576,1.4788506729331174,0,0.0,0.5416002994587527,1.7850440114250432,1.0240807501654037,0.29743755753173007,0.8429203241066077
354,ORACLE_SRM,97.16155144731707,97.41602000430255,123.67333508135968,-123.33951423017326,15.847433795235393,0.0,0.0,0.0,0.0,0,0.0,4.348309318354037e-12,7.275957614183426e-12,1.0000000000000002,0.0,0.0
355,NOMINAL_SRM,55.47160053486372,76.12932294963599,61.390796199367934,-58.92990781131495,8.922192779877696,-1.0,1.9965667200732433,-117.4547951476297,117.45365072098743,1104,0.0,38.458559453782826,73.21970726523432,0.9990815931031225,17.34967362000231,59.829041509512535
355,CAL_CURRENT_SRM,95.66718337483353,96.47127507377141,117.98173737579064,-114.72519233411715,15.599199896151749,-0.5042268135624256,0.9830927457502976,-0.8183538315988639,0.8099002044740137,0,0.0,0.4307244738845381,1.3331497690960532,1.0085263951431689,0.1674564272879691,0.5039195487851487
355,CAL_ZERO_COMP_ERROR_SRM,91.65338544021155,94.34595461961635,110.27588548048365,-116.15114390738879,14.932456053191288,-1.0,1.467460135805295,-1.6197146562905318,1.6066987106126498,3,0.0,0.6417067465580553,2.1125330536197,1.0131829146762545,0.25062359010597873,0.6529501365398858
355,ORACLE_SRM,97.09686963480378,97.42427958568392,122.80982776795614,-127.20047041090886,15.83668930810694,0.0,0.0,0.0,0.0,0,0.0,4.348309318354037e-12,7.275957614183426e-12,1.0000000000000002,0.0,0.0
356,NOMINAL_SRM,55.51410249940182,76.48888338180498,60.519881783977596,-57.547765260510474,8.92925290687738,-1.0,1.5056203832566109,-89.64479177818224,89.6470399314849,839,0.0421142578125,43.57169230556746,89.73911319382249,0.9977304312800929,20.50404412805618,60.46146768092149
356,CAL_CURRENT_SRM,95.55844822816204,96.6796083477923,113.41312315511522,-110.97521536247183,15.58113757942891,-0.5026703695791497,0.9893185216834011,-0.9104892117069001,0.9051484725486005,0,0.0,0.4399286139495912,1.3854140378680313,1.0053713750576623,0.18050176348369104,0.4790786561450133
356,CAL_ZERO_COMP_ERROR_SRM,93.08812565863691,95.78004421054362,109.45944167227232,-113.95366886806008,15.170784993129056,-1.0,0.9883419293801692,-0.8889126255072775,1.8772545548876285,1,0.0,0.5516162038999702,1.8079119798658212,1.0058577108186435,0.28269366227360676,0.8583488394955907
356,ORACLE_SRM,97.05604838590114,97.35500397776104,123.55619266415269,-121.13472684731876,15.829908369751019,0.0,0.0,0.0,0.0,0,0.0,4.348309318354037e-12,7.275957614183426e-12,1.0000000000000002,0.0,0.0
357,NOMINAL_SRM,60.87053165714358,80.62806342536564,68.67327832462107,-68.08851680496988,9.819025192216543,-1.0,5.490974288548104,-52.16452277409452,52.16313420310192,304,0.0,21.78546505215986,34.77410028804843,1.0004399862303393,9.769659442911184,41.71088225130006
357,CAL_CURRENT_SRM,94.3500956784794,95.8037403526732,112.11054745308944,-111.66116459812928,15.380414564531463,-0.5032730601968414,0.9869077592126343,-1.130968184939347,1.124422064545663,0,0.0,0.48722157921273335,1.4274179574786103,1.006579960061473,0.2176182686816002,0.6492227915299438
357,CAL_ZERO_COMP_ERROR_SRM,91.4108591410037,94.98825608542691,103.76200707746806,-104.90044266627007,14.892169292525532,-1.0,1.4694051942503128,-1.8919034394360676,1.832422864467319,2,0.0,0.6809876081052383,2.3053657602958992,1.012399191770306,0.2878467187957828,0.8353599237418976
357,ORACLE_SRM,97.29196038889364,97.69423650447163,122.77845889937262,-125.44647043333882,15.869096410115223,0.0,0.0,0.0,0.0,0,0.0,4.348309318354037e-12,7.275957614183426e-12,1.0000000000000002,0.0,0.0
358,NOMINAL_SRM,58.65619526158434,76.71497208920303,66.48715445726123,-67.46233145960124,9.451195226176802,-1.0,2.0008242261432323,-50.73669027413156,50.73696501617929,1047,0.0137939453125,26.260947447165073,47.490662209820584,0.9994588274286103,9.779102962740629,35.676587110465334
358,CAL_CURRENT_SRM,94.07107874233228,96.14545517333399,108.0587474522107,-110.54279565870894,15.33406623626782,-1.0,0.9783627069504846,-1.3479209582665752,1.3371023117418175,1,0.0,0.5076516383078404,1.7060904121572094,1.0109488267667717,0.24826503292429122,0.5833198351179227
358,CAL_ZERO_COMP_ERROR_SRM,94.4351418950253,95.83937559051238,110.08485257171122,-109.69830126089843,15.394541843027458,-0.5013733329264198,0.9945066682943204,-1.2015747550889706,1.1774803918576646,0,0.0,0.47790139631268996,1.4289862439254648,1.0027437199939204,0.1841719517448167,0.3409179221298473
358,ORACLE_SRM,97.14346511976474,97.47725456702813,124.15780059202562,-123.88196833673034,15.844429421887831,0.0,0.0,0.0,0.0,0,0.0,4.348309318354037e-12,7.275957614183426e-12,1.0000000000000002,0.0,0.0
359,NOMINAL_SRM,54.871741720553366,76.07315384865048,58.30856978939035,-57.036921197551735,8.822548458563682,-1.0,1.5008013676674858,-96.69387755102137,96.69419809808832,789,0.014892578125,45.66037391660888,95.69797092993201,0.9981439111493844,21.101513240952396,57.838620277583686
359,CAL_CURRENT_SRM,95.44574551696108,96.5458275218061,111.53236949026224,-110.17015238094746,15.562416198830745,-0.5107119968260749,0.9571520126957,-1.0249488814966277,1.0035248878444774,0,0.0,0.4455687348453017,1.4597836652683327,1.0219014116018654,0.21935190579492353,0.5791300496829095
359,CAL_ZERO_COMP_ERROR_SRM,92.00482225334176,95.61546989761064,101.6313071952083,-99.10268940606406,14.990834261352452,-1.0,0.9632867933165483,-1.7009384298466506,1.6825818265049215,1,0.0,0.6372266455569424,2.2199111823974818,1.0187014937695604,0.2440867243402618,0.5335239736778021
359,ORACLE_SRM,97.18543688450518,97.54629299901951,123.32996575573162,-125.61446014626001,15.851401475831425,0.0,0.0,0.0,0.0,0,0.0,4.348309318354037e-12,7.275957614183426e-12,1.0000000000000002,0.0,0.0
360,NOMINAL_SRM,57.54889481780928,79.59614110220973,60.33204678912456,-59.50637526276723,9.267258275383602,-1.0,3.5066016687551578,-61.79547052171321,61.79693755921436,1035,0.0338134765625,33.30074107556663,65.43624751052448,0.9989491813383036,15.126808408426683,43.33379782306292
360,CAL_CURRENT_SRM,95.841318903053,96.79338091816959,115.49908551344295,-116.39640321537479,15.628126063630067,-0.5105783976378855,0.9576864094484583,-1.3738031113383327,0.8632247137004119,0,0.0,0.4316922682274907,1.3461152127874811,1.0216277362926778,0.16597855609092196,0.46049334783131
360,CAL_ZERO_COMP_ERROR_SRM,93.56867732821401,95.51282457693347,108.73166687843042,-111.69765324298936,15.250610851862792,-1.0,0.969542527542955,-1.2694784386730493,1.2534867397076312,5,0.0,0.5365518688420426,1.8792775719739439,1.01546718327213,0.1926173488801079,0.4448019053289727
360,ORACLE_SRM,97.1897010012602,97.53277428599932,122.81654471388407,-123.37055076526084,15.852109800873789,0.0,0.0,0.0,0.0,0,0.0,4.348309318354037e-12,7.275957614183426e-12,1.0000000000000002,0.0,0.0
361,NOMINAL_SRM,58.141738206588215,79.94228697872722,61.119973143046906,-59.90569557370377,9.365737243619305,-1.0,1.9994048981460288,-69.11004806593513,69.10984969865055,1126,0.0,30.061385926805546,61.82431173151326,0.9992435397915383,13.2297389630926,40.78509330252564
361,CAL_CURRENT_SRM,93.984615450175,96.12003787248527,105.0449558788251,-104.6207259221218,15.319703563151993,-0.5107272560808129,0.9570909756767481,-1.116733298745692,1.0952787865840654,0,0.0,0.5074166384249339,1.646484570688699,1.0219251371329872,0.20447986620579048,0.5815583164661788
361,CAL_ZERO_COMP_ERROR_SRM,92.07802135756985,94.95894886125399,101.63735156390442,-99.13985856869452,15.00299358099167,-1.0,1.4389629810480056,-2.06909390545366,2.044679097872859,2,0.0,0.6295878743177424,2.165449085693581,1.0250509368967184,0.34910275991056067,0.6815306168649187
361,ORACLE_SRM,97.09366188864615,97.2602170198947,124.04199952513366,-125.94967560514098,15.836156459907999,0.0,0.0,0.0,0.0,0,0.0,4.348309318354037e-12,7.275957614183426e-12,1.0000000000000002,0.0,0.0
362,NOMINAL_SRM,61.58404841019905,81.94703244195745,65.32920092964314,-63.012400379634514,9.937549569800508,-1.0,2.9978637369344625,-42.48264286259094,42.48210879682453,998,0.0,21.799359384872776,44.27021073523065,1.0004378674254168,9.07703498915127,33.45347808507722
362,CAL_CURRENT_SRM,94.61475753258907,95.99973424955549,105.24948530315301,-104.59709001265468,15.424378327672603,-0.5159953917402285,0.9360184330390862,-0.7887296004394632,1.1910291525837535,0,0.0,0.48246480777812395,1.564558820997263,1.0330477408548024,0.21516799848101756,0.6329966114475951
362,CAL_ZERO_COMP_ERROR_SRM,93.08283066397101,96.07435252321108,104.27644874501225,-102.89977375647987,15.169905425908805,-0.5095902952620737,0.9616388189517053,-1.4222934309910735,1.3067978942549783,0,0.0,0.5685862986517453,1.8388308870780747,1.0195567005270687,0.17550540296711978,0.4227497410272463
362,ORACLE_SRM,97.10290538760573,97.39627010828445,123.04535500762807,-123.91217036020296,15.83769192485145,0.0,0.0,0.0,0.0,0,0.0,4.348309318354037e-12,7.275957614183426e-12,1.0000000000000002,0.0,0.0
363,NOMINAL_SRM,59.00527631097986,78.93582154060995,65.23889890282516,-62.833411447309935,9.509182111458449,-1.0,2.001580164734082,-61.074137970518315,61.57492805288534,509,0.0196533203125,28.6984439710772,63.47867170496829,0.9994111515759938,11.363043122566223,34.92512066882409
363,CAL_CURRENT_SRM,95.68106810294208,96.83203392183609,113.04348899957405,-110.43782812436618,15.601506329392372,-0.5038529030289158,0.9845883878843367,-0.936217288471809,0.9285114824139773,0,0.0,0.43603734420747176,1.4437535815250158,1.0077682622628412,0.21083366161308603,0.5046981245890692
363,CAL_ZERO_COMP_ERROR_SRM,91.80955611021622,95.8082332369533,104.61078979697113,-108.71170490523585,14.95839802495286,-1.0,0.9878233005264363,-1.4376745250629435,1.4315861753261616,2,0.0,0.6398131605205841,1.8767986152633966,1.006129031155328,0.2687092740599993,0.6308418685973152
363,ORACLE_SRM,97.14901242628113,97.38062333382955,123.2367654243938,-129.22080544162733,15.845350901375603,0.0,0.0,0.0,0.0,0,0.0,4.348309318354037e-12,7.275957614183426e-12,1.0000000000000002,0.0,0.0
364,NOMINAL_SRM,55.661990528291206,75.69017692957625,59.65495677734208,-58.45204016513975,8.953819024633091,-1.0,3.4960173345133825,-105.8884853663747,105.8876003295999,1525,0.0,42.20434127132294,92.46893563621234,1.000028514496716,17.05675798139974,55.038040032759454
364,CAL_CURRENT_SRM,95.53290367535655,96.60493167061978,114.21440597125626,-122.10504616215188,15.576894298231986,-0.5045242999923705,0.9819028000305181,-1.0160219729915312,1.0069733730067902,0,0.0,0.4403763823312642,1.3364920673775487,1.0091387244938175,0.2086130564516598,0.5928375118056834
364,CAL_ZERO_COMP_ERROR_SRM,93.60464983031557,96.06194472058291,102.93621101897921,-101.91729343490373,15.256586350550759,-0.5006332494087129,0.9974670023651484,-1.4493476768139162,1.4480811779964904,0,0.0,0.525257029849662,1.7694944943395967,1.001275344615805,0.1904352086868306,0.41008100456565444
364,ORACLE_SRM,97.09494380055106,97.4806289841101,123.138947911764,-124.01134208095043,15.836369402084895,0.0,0.0,0.0,0.0,0,0.0,4.348309318354037e-12,7.275957614183426e-12,1.0000000000000002,0.0,0.0
365,NOMINAL_SRM,59.90973942220073,78.31650318309389,66.87483312570224,-70.07656343023082,9.65942515318949,-1.0,3.0022596454799455,-46.821411667710414,46.821976579080435,860,0.0205078125,22.890924985443924,45.42498312006501,0.9991872539658095,10.707718895725062,32.60164038079256
365,CAL_CURRENT_SRM,95.6123295445787,96.8080172649237,107.03334483283056,-106.18093439626934,15.590087964215732,-0.5067673762111848,0.9729304951552604,-0.9624780651560241,0.9489433127336544,0,0.0,0.4396206035869226,1.4531207390937197,1.0137137397498837,0.217980126497417,0.5196457177081228
365,CAL_ZERO_COMP_ERROR_SRM,90.91381883032342,95.56146126893978,100.6487525852455,-98.96276906562471,14.809604456864356,-1.0,0.9687190051117722,-1.80132753490499,1.7856870374608758,5,0.0,0.6741282601340566,2.336222001733404,1.0158921995333654,0.2953919277357893,0.6952297185962379
365,ORACLE_SRM,97.21322382478525,97.63411884780308,123.11266004080639,-124.32114346641946,15.856017246642068,0.0,0.0,0.0,0.0,0,0.0,4.348309318354037e-12,7.275957614183426e-12,1.0000000000000002,0.0,0.0
366,NOMINAL_SRM,53.75596025008433,77.62915193034074,56.89199809809278,-55.66545948932408,8.637202699349556,-1.0,3.0032375803668243,-108.42983460851276,108.43064400360444,662,0.02490234375,48.5104923450219,94.22393648783145,1.001024122440539,21.118289051998172,65.42196847035302
366,CAL_CURRENT_SRM,93.72265693687332,96.55143441677546,106.36285049401619,-106.0256045572327,15.276188859945735,-0.5108951078829309,0.9564195684682761,-1.1837214270455023,1.1138645588549452,0,0.0,0.5158087778371614,1.5886131028892123,1.0222758945640278,0.2414595716721367,0.5749792649970686
366,CAL_ZERO_COMP_ERROR_SRM,93.78573296748341,95.81259865088272,104.15538057212191,-102.81345853319127,15.286666605894254,-0.510956144901883,0.956175420392468,-1.3942533646656676,1.3723410748619012,0,0.0,0.5106593017110768,1.6881760218348063,1.0223901458044489,0.21774068017658355,0.5650104888342327
366,ORACLE_SRM,97.25279863410542,97.57782223519465,123.74839780084358,-124.22846589809657,15.862591135233458,0.0,0.0,0.0,0.0,0,0.0,4.348309318354037e-12,7.275957614183426e-12,1.0000000000000002,0.0,0.0
367,NOMINAL_SRM,54.87408914623017,77.10815151853167,60.97563460624447,-58.28807052839544,8.82293839638375,-1.0,4.003359291494885,-90.6731562070628,90.67382806536183,1071,0.022705078125,38.50785165110544,67.10078610615892,1.0004729006361746,16.221467613948846,61.41480559540105
367,CAL_CURRENT_SRM,95.80453790019986,96.73803308738837,111.38473395343709,-110.64049649356333,15.622016262491671,-0.507866025787747,0.9685358968490121,-0.8084687571526665,0.7927367055771726,0,0.0,0.43096618998726643,1.277693607567926,1.0159856491081394,0.18534958301782473,0.49453550562823523
367,CAL_ZERO_COMP_ERROR_SRM,93.7612589350546,95.34051927303204,107.40768797928814,-105.00184378675482,15.282601152002425,-1.0,1.4602121004043642,-1.3310139620050325,1.2871442740520342,45,0.0,0.5299548726857357,1.8369097529011924,1.0161745962604936,0.24471654582041485,0.5213566739193993
367,ORACLE_SRM,97.32106852712852,97.69630923583547,123.69922806532455,-124.57263528419462,15.873931649024671,0.0,0.0,0.0,0.0,0,0.0,4.348309318354037e-12,7.275957614183426e-12,1.0000000000000002,0.0,0.0
368,NOMINAL_SRM,54.47469130674555,75.64861624793696,58.13067516853752,-57.61395400765763,8.756593240323182,-1.0,1.49984740745262,-77.2188177129429,77.21875667592394,1203,0.0,43.56263324494363,77.75390842897104,1.0005438941320195,17.387219746441602,65.65198189416151
368,CAL_CURRENT_SRM,95.11176272612718,96.38162278968807,110.76733854211453,-120.78562990760965,15.50693732992146,-0.5081254291599908,0.9674982833600365,-1.0173952849622336,1.001144426642252,0,0.0,0.46031047616013254,1.5006946327193873,1.0165140358670512,0.20534065568865995,0.5769361192725952
368,CAL_ZERO_COMP_ERROR_SRM,93.4668552076769,95.9170349283358,106.00872112475878,-104.50778467880204,15.233696878351644,-0.5054322946867275,1.4728385265663628,-1.523560289315471,1.4484237189855627,0,0.0,0.5476242735147142,1.901852603208681,1.0109729283347895,0.20334124008617133,0.3996137105152471
368,ORACLE_SRM,97.2139620980348,97.55734117071398,123.09279320958257,-125.396767705619,15.856139883394485,0.0,0.0,0.0,0.0,0,0.0,4.348309318354037e-12,7.275957614183426e-12,1.0000000000000002,0.0,0.0
369,NOMINAL_SRM,63.46190323965232,80.1667454512178,71.43871255050496,-71.22861259788469,10.249485587982115,-1.0,1.9987182226020077,-37.38431958983122,37.383892330698544,935,0.0,15.212321092110175,36.14751190543757,1.0001566894942793,6.067051215665541,15.339232224722764
369,CAL_CURRENT_SRM,95.52768049358855,96.62334761960429,112.65547788063081,-111.16743790123678,15.576026660064542,-0.5065004425183874,0.9739982299264502,-1.0667897579882197,1.053788872951445,0,0.0,0.43992397470042915,1.3689674230590754,1.0131602241352926,0.21798459031334363,0.5682707812082448
369,CAL_ZERO_COMP_ERROR_SRM,93.54897231851498,94.90494358231692,110.89161530268386,-109.85170624828228,15.247337594437706,-1.0,0.9620660715648126,-1.2783855954833288,1.2594186312657345,4,0.0,0.5189811611467114,1.8410974608759716,1.0193272247979654,0.30117066642893087,0.765548799996548
369,ORACLE_SRM,97.15607487637337,97.37870203005436,124.48496949442152,-129.07866434686113,15.846524065842752,0.0,0.0,0.0,0.0,0,0.0,4.348309318354037e-12,7.275957614183426e-12,1.0000000000000002,0.0,0.0
370,NOMINAL_SRM,58.48161944938302,77.26343340888084,63.84002299299257,-63.332060278108706,9.422195921824423,-1.0,7.012103614273707,-80.60907771071034,80.61059066249454,1967,0.034423828125,29.67776314649179,66.75716947271394,0.9993391108016441,12.916084758313826,46.10859506187353
370,CAL_CURRENT_SRM,94.4733445303319,96.56919815294437,108.34771250728268,-118.06160709351383,15.400887795736196,-1.0,0.9600518806744487,-1.194811932555123,1.1748378728923476,2,0.0,0.4780016958759066,1.6440143936106324,1.0203881391564904,0.24137799007499341,0.5851111184217075
370,CAL_ZERO_COMP_ERROR_SRM,91.1176657485408,95.09751357679428,103.85111413790953,-105.38439658364103,14.84346607118618,-0.5077326863359961,0.9690692546560158,-2.0101322224511384,2.4869341634432054,0,0.0,0.6575246799594201,2.415855328341422,1.0157274817989355,0.34633563694316905,0.8492566792744469
370,ORACLE_SRM,97.10311809730851,97.25700732212752,123.86023951238039,-124.73262785397166,15.837727258689121,0.0,0.0,0.0,0.0,0,0.0,4.348309318354037e-12,7.275957614183426e-12,1.0000000000000002,0.0,0.0
371,NOMINAL_SRM,57.83709953069394,78.0893629781582,63.122894334409814,-60.21296751962215,9.315132812407633,-1.0,1.9980773339030122,-59.10275582140569,59.10211493270669,797,0.0,32.87172135261036,64.47816169484395,1.0002704013534698,13.017735407935055,46.40258130626171
371,CAL_CURRENT_SRM,94.30591078828738,95.49864210904965,110.28523474239208,-109.98161992770275,15.373074881775311,-0.5011749626148259,1.4941251869258707,-1.1313821832941686,1.1290322580645171,0,0.0,0.49228859123691476,1.453317669936041,1.0023663211351863,0.2254333166463581,0.7055081487486525
371,CAL_ZERO_COMP_ERROR_SRM,52.38942678441158,95.02677059542523,60.46735784072289,-55.963606085571236,8.410203784785978,-0.49561295486731116,1.0175481805307554,-1.7025737331445108,1.696832091619974,0,0.0838623046875,15.1965144582485,280.7396561481328,0.9914330990227314,0.2870813089867143,0.6832869606869849
371,ORACLE_SRM,97.18570085111351,97.55319564695296,123.07060147284545,-124.26096986459046,15.851445324105235,0.0,0.0,0.0,0.0,0,0.0,4.348309318354037e-12,7.275957614183426e-12,1.0000000000000002,0.0,0.0
372,NOMINAL_SRM,55.326294292060744,76.91193879273182,59.799157519800886,-58.107454766043354,8.89805553024265,-1.0,7.504671898378577,-112.10643073071812,112.10698036582153,1752,0.02001953125,44.068801878597874,97.95103235796614,1.0017176717726566,19.899992747329357,52.903896527426696
372,CAL_CURRENT_SRM,95.25193330861012,96.3526858080734,108.90820479811097,-107.80926907804997,15.530221479835568,-1.0,0.9464408331425955,-0.8885328450446325,0.8617532616159304,1,0.0,0.45128963496412045,1.4614172177607543,1.0275180600167815,0.21801227866770898,0.5686980156376649
372,CAL_ZERO_COMP_ERROR_SRM,93.1383269224778,95.39676328366214,107.5226952570558,-107.13370895746058,15.179124073501296,-1.0,0.9580065309610277,-1.4747306741538737,1.4537339396343885,3,0.0,0.5571911471857471,1.8100965622179501,1.0214547339644275,0.2113311553782553,0.4443818714680674
372,ORACLE_SRM,97.05845251932351,97.47368739011883,122.71556000435848,-126.83166219631954,15.830307727462378,0.0,0.0,0.0,0.0,0,0.0,4.348309318354037e-12,7.275957614183426e-12,1.0000000000000002,0.0,0.0
373,NOMINAL_SRM,59.96208341018209,78.07221200901236,65.0568357195247,-64.12365390414205,9.668120167804334,-1.0,1.500610519246619,-46.663436002322854,46.66368021002145,1245,0.0126953125,23.175375774067135,48.087676783135976,0.999879219985928,8.837846077380766,25.391563876812143
373,CAL_CURRENT_SRM,94.90666849886308,95.76609216825842,117.18949080242878,-115.42471865170278,15.472868521405829,-0.5091402935880611,0.9634388256477553,-0.9606616412854377,0.9423810541093156,0,0.0,0.46557603621287036,1.4130416009754754,1.0186260185484142,0.18832530754314686,0.5325723560419249
373,CAL_ZERO_COMP_ERROR_SRM,92.68972760510229,94.66867182969733,106.73050542855064,-119.74139788408799,15.10460591446882,-0.5096360723277638,0.9614557106889448,-1.7944609750514973,1.7751888303959698,0,0.0,0.5836630754694789,1.900043259600352,1.0196763216454603,0.31890729364698406,0.7111491408236361
373,ORACLE_SRM,97.00236798565668,97.25949753380826,124.44266062384715,-125.0515602276138,15.820991359743633,0.0,0.0,0.0,0.0,0,0.0,4.348309318354037e-12,7.275957614183426e-12,1.0000000000000002,0.0,0.0
374,NOMINAL_SRM,55.21993172474651,77.10764355446516,59.50584831963841,-56.3304102734645,8.880387329692113,-1.0,2.5006944338456374,-89.45733428976146,89.45753269943167,1195,0.0113525390625,46.50724445864169,86.4555177060106,1.0011838301711087,20.007497238800273,74.45962141461496
374,CAL_CURRENT_SRM,95.72818836537039,96.98929697671154,111.94690576500575,-109.49391377213529,15.609333615510032,-0.5053254799035616,0.9786980803857539,-0.8526566362498854,0.8420056764427623,0,0.0,0.42890698255834364,1.302185559343343,1.0107608505912726,0.17567039659636535,0.495352592862222
374,CAL_ZERO_COMP_ERROR_SRM,92.1990561817588,95.94022519430312,102.28274136248413,-102.23733397664202,15.023099033514752,-1.0,0.9720759899290456,-1.9576562142366676,1.929732204165713,1,0.0,0.5975025776095754,2.1215505070622385,1.0141372044851138,0.2937129301609582,0.6651920292715658
374,ORACLE_SRM,97.11205238715557,97.48489279939645,123.1947632150706,-127.75035219461537,15.83921135999262,0.0,0.0,0.0,0.0,0,0.0,4.348309318354037e-12,7.275957614183426e-12,1.0000000000000002,0.0,0.0
375,NOMINAL_SRM,52.399667984506415,74.29175640906627,55.98356233794676,-54.8413713215253,8.41190498081502,-1.0,1.4977111117893003,-127.39799188207648,127.3970763267922,1303,0.0,58.66953731867817,125.65423996275558,1.002148419193705,25.4044215940524,71.10718354251003
375,CAL_CURRENT_SRM,95.42865209867423,96.51949447870977,113.77433593452183,-112.01917816235539,15.559576760577116,-0.5082017242694743,0.9671931029221028,-0.8964675364309148,0.8800640878919662,0,0.0,0.44994469708157947,1.3783515565764901,1.016673172140968,0.17945838479655923,0.5440907658949676
375,CAL_ZERO_COMP_ERROR_SRM,93.2100151136203,94.92841781508103,110.39638086778206,-110.61751969159076,15.191032410900382,-0.5093997009186071,0.9624011963255714,-1.5365306558427794,1.517731254005563,0,0.0,0.5439656484250885,1.8774893982172216,1.0191462288838424,0.2145109679902927,0.6232572711047304
375,ORACLE_SRM,96.97937422998882,97.26802457373142,123.13986526131787,-124.18117916199778,15.817171799001466,0.0,0.0,0.0,0.0,0,0.0,4.348309318354037e-12,7.275957614183426e-12,1.0000000000000002,0.0,0.0
376,NOMINAL_SRM,54.62971223450066,74.28522538675897,62.64498370231599,-59.685115716072644,8.782344225000111,-1.0,2.000137339579741,-74.39448505287301,74.39453083273295,1333,0.001708984375,40.0589206531226,74.51946794011747,1.0002365789730845,16.276971696535448,52.65923767350432
376,CAL_CURRENT_SRM,95.04783519702478,96.43794654636713,109.41265529624795,-115.41795677097248,15.496318139040662,-1.0,0.9787591174047059,-1.1485335856196794,1.137913144322032,1,0.0,0.46158397304288307,1.5701084132124379,1.0107404238427204,0.20956236156644104,0.4912508559530693
376,CAL_ZERO_COMP_ERROR_SRM,93.77607210379901,95.96716119739585,107.09676235311895,-104.35367612302633,15.285061811262294,-1.0,0.9808651865415425,-1.330830853742283,1.3212634470130542,1,0.0,0.5232755878774502,1.8491931521134575,1.009658432269492,0.2100642142997291,0.4565897012988316
376,ORACLE_SRM,97.07874599283261,97.34611184513611,123.8233825993209,-122.80072801696946,15.833678736350931,0.0,0.0,0.0,0.0,0,0.0,4.348309318354037e-12,7.275957614183426e-12,1.0000000000000002,0.0,0.0
377,NOMINAL_SRM,59.52732051297837,79.2995566393727,65.5798473524162,-63.81638632923963,9.59590041743827,-1.0,4.001908134760109,-50.63453876566441,50.634920392616394,673,0.016357421875,26.53937227941301,51.7489437213344,0.9999299305359385,10.730392331439795,31.17435726405438
377,CAL_CURRENT_SRM,95.0631445620105,96.2365783452566,113.779839179168,-119.6916096728697,15.498861222925333,-0.510681478316599,0.9572740867336038,-1.0974150822473827,1.0760521256141846,0,0.0,0.456278678511622,1.3320975285951135,1.0218414642082814,0.19472938623953262,0.5205661384874745
377,CAL_ZERO_COMP_ERROR_SRM,93.98034373754138,95.63116279103843,110.86971247915001,-110.82806864142911,15.318993976335777,-1.0,1.4539933469649342,-1.5261391033661822,1.5077364421521566,10,0.0,0.5015960499489658,1.597725131385232,1.018764180551385,0.19645851609382595,0.4221265527839648
377,ORACLE_SRM,97.11137589247342,97.41356547035036,123.765409673764,-126.97059153769669,15.839098985460701,0.0,0.0,0.0,0.0,0,0.0,4.348309318354037e-12,7.275957614183426e-12,1.0000000000000002,0.0,0.0
378,NOMINAL_SRM,62.19728315558019,79.7292570243566,70.30121546747915,-78.23252827612814,10.039415806574784,-1.0,1.5006868551193602,-43.481180169729534,43.48145491177725,546,0.013427734375,19.432533290111166,43.92232308910161,0.9992904913057993,7.994241481728003,21.076058377459958
378,CAL_CURRENT_SRM,94.80602676690216,96.10893136221506,112.4402011824422,-112.21019170033144,15.456150625731256,-0.5060959792477302,0.975616083009079,-1.42516212710764,1.41297016861218,0,0.0,0.47270476620844276,1.5382406403950881,1.0123619961946337,0.23514003618208726,0.6480502185055528
378,CAL_ZERO_COMP_ERROR_SRM,93.24665175042144,95.95345285522647,104.87627717389714,-107.45080245491026,15.197118230967016,-0.5035324635690852,1.482337682154574,-1.7100938429846648,1.7030289158464942,0,0.0,0.5612488006402934,1.973771716486226,1.0071317542852476,0.22234435716759185,0.4807842130721838
378,ORACLE_SRM,97.20823821219035,97.49558067934953,123.48907389970024,-123.72193716158162,15.855189071792418,0.0,0.0,0.0,0.0,0,0.0,4.348309318354037e-12,7.275957614183426e-12,1.0000000000000002,0.0,0.0
379,NOMINAL_SRM,57.49355947305009,78.34420210365032,61.868492958744845,-60.47503426933457,9.258066357649518,-1.0,3.9996185244525826,-73.66430151827467,73.66422522316506,822,0.0,34.26883334117243,67.09231712207315,1.0011417085990568,14.04673004291387,44.19239685077264
379,CAL_CURRENT_SRM,94.7205885997277,96.11848979703157,111.23099639086881,-110.74353491658087,15.441958239157426,-0.5113908598458838,0.9544365606164644,-1.111711299305713,1.0110017547875174,0,0.0,0.47484359897361866,1.5308223490374075,1.023319573021283,0.2092354495670951,0.6008752005351852
379,CAL_ZERO_COMP_ERROR_SRM,92.0928257732988,95.59034422809836,99.17338984847893,-97.9662125484481,15.005452786262259,-1.0,0.9656971953489795,-1.4677877132481085,1.4506363109225984,4,0.0,0.6066515543823194,1.9280563690444978,1.017449143951238,0.2638516484616556,0.5441112701063275
379,ORACLE_SRM,97.17803121616541,97.61818186589961,123.28919839560741,-122.25063026265198,15.850171298366346,0.0,0.0,0.0,0.0,0,0.0,4.348309318354037e-12,7.275957614183426e-12,1.0000000000000002,0.0,0.0
380,NOMINAL_SRM,62.04363525922929,81.93985358626902,69.10043194504534,-65.17556443044131,10.013892900204203,-1.0,2.000137339579741,-51.78541453663679,51.785460316496724,1238,0.001953125,17.880954505877156,39.64534443672437,0.9990159112788103,8.653962161713856,29.54021491045387
380,CAL_CURRENT_SRM,95.45869868730213,96.50780336123107,115.54788734763405,-122.16964004492881,15.564567888256168,-0.5140537736136968,0.943784905545213,-1.0010681478316599,0.9729606006042664,0,0.0,0.4421524711065891,1.3157241309490928,1.0289263953078072,0.20070100638820418,0.5384731133684824
380,CAL_ZERO_COMP_ERROR_SRM,93.21454583712824,94.9660881601732,108.00855261900324,-106.27373049214174,15.191785022778777,-0.5124515518662068,0.9501937925351727,-1.518326364940337,1.4934232612079235,0,0.0,0.5369404943852414,1.8866124527376087,1.0255508693192443,0.28066733519838327,0.7847879044410888
380,ORACLE_SRM,97.07971606440623,97.46392864030602,123.6069286378422,-127.67618617074805,15.833839877808344,0.0,0.0,0.0,0.0,0,0.0,4.348309318354037e-12,7.275957614183426e-12,1.0000000000000002,0.0,0.0
381,NOMINAL_SRM,61.66629967014977,81.40545033734391,65.2290586194757,-63.62057066746008,9.951212569792322,-1.0,1.998489356832227,-53.60892652780301,53.60842298008036,1302,0.0,20.912504111135874,46.14049228025942,0.999354554832439,9.336612196106532,29.443736715602427
381,CAL_CURRENT_SRM,95.10489709247096,96.2787001888347,112.70428891755857,-113.37695266098555,15.505796859214446,-0.5139316995757928,0.9442732016968292,-1.0147404400769062,0.9868770409253208,0,0.0,0.4585959589552481,1.4385045909657492,1.0286574241058706,0.20737364756611457,0.5165400069260926
381,CAL_ZERO_COMP_ERROR_SRM,92.37586378580542,95.13430607172242,106.45918932149057,-107.23263023285651,15.052469067409538,-1.0,0.9373149815363018,-1.6073488570818202,1.576006347849971,56,0.0,0.5916936618062426,2.0092932387865403,1.0323658922969794,0.26923626103759357,0.6351481832935235
381,ORACLE_SRM,97.07456494037305,97.29224623900343,122.92524851381934,-124.40769620428256,15.832984209364295,0.0,0.0,0.0,0.0,0,0.0,4.348309318354037e-12,7.275957614183426e-12,1.0000000000000002,0.0,0.0
382,NOMINAL_SRM,61.42730592852524,79.00037907706324,70.88020027125762,-71.96263912657513,9.911512612711835,-1.0,1.4980162968840602,-57.22495193334758,57.2241584521012,814,0.0,21.124555607499765,40.56185170331992,0.999776764336176,9.481555688202038,31.88886269988143
382,CAL_CURRENT_SRM,94.5995182201672,95.99525798826764,107.38191569933409,-105.40461006225908,15.421846880426445,-0.5060502021820401,0.9757991912718396,-1.2777447165636684,1.265644312199588,0,0.0,0.485612914007936,1.6344841331447242,1.0122607268347785,0.21233638862412135,0.5753475237808487
382,CAL_ZERO_COMP_ERROR_SRM,92.32369603245955,95.401170063816,104.78490843964339,-101.71282127820469,15.043803327651089,-0.502891584649424,0.9884336614023042,-2.0097657740138857,1.8287785152971694,0,0.0,0.5919444420831157,2.167041446387884,1.0058323664977964,0.22385464626479246,0.46097702199236323
382,ORACLE_SRM,97.09825954210906,97.2964611702941,122.64516010514797,-123.15235894626286,15.836920189719114,0.0,0.0,0.0,0.0,0,0.0,4.348309318354037e-12,7.275957614183426e-12,1.0000000000000002,0.0,0.0
383,NOMINAL_SRM,64.62403038028417,80.89172790227002,70.5551479995138,-68.87414605349068,10.442529963502354,-1.0,1.001404837527486,-42.489463718542716,42.49016613730643,1191,0.0230712890625,14.490001469805064,33.982796136288016,1.0001740704238555,6.273007148994985,17.289243817363968
383,CAL_CURRENT_SRM,95.46133378861398,96.36660425944812,117.6014786243523,-116.6357360459512,15.565005612726576,-0.5090104524299992,0.9639581902800032,-1.1085831998168918,1.0905622949568934,0,0.0,0.44244986711890194,1.3460016104763781,1.0183416123031162,0.20354638873721675,0.588797533998008
383,CAL_ZERO_COMP_ERROR_SRM,92.9383420647339,95.70566783283218,104.13566064650419,-101.6079902900172,15.145903997464103,-0.5056917020172734,0.9772331919309063,-1.4193243202001988,1.4079409161656522,0,0.0,0.5541249092016121,1.8700250323236105,1.0115218838903623,0.20555217744247375,0.42801502521797374
383,ORACLE_SRM,97.2432883186994,97.63631413871083,122.84353819436953,-123.64828065065602,15.861011348621163,0.0,0.0,0.0,0.0,0,0.0,4.348309318354037e-12,7.275957614183426e-12,1.0000000000000002,0.0,0.0
384,NOMINAL_SRM,66.45787982183747,85.61868845113288,73.70249014455956,-72.81190004312937,10.747156116584296,-1.0,1.0007327125629675,-23.614929018470942,23.615295374752435,466,0.015869140625,11.141279111578548,20.48578548671503,0.9999171119542444,5.1363729150514645,20.41679345259854
384,CAL_CURRENT_SRM,95.9301627498711,96.82448229731646,111.7354260582049,-110.36615343478047,15.642884177719452,-0.5076754051332133,0.9692983794671468,-0.9377422406689657,0.9223914304025391,0,0.0,0.4217621163294128,1.2928375066385343,1.0156015791679436,0.16731753103475488,0.4637868433219694
384,CAL_ZERO_COMP_ERROR_SRM,93.13940836955864,95.23501852347079,108.06251231272987,-106.25916175176643,15.179303715873528,-0.5091172655832761,0.9635309376668955,-2.0600442511634616,2.0418097199969116,0,0.0,0.5513855909007953,1.8679535638052585,1.0186063427400371,0.3022145661009098,0.8608905333646817
384,ORACLE_SRM,97.25367294841627,97.51144298647168,123.4043025869754,-124.96173358124649,15.862736370168815,0.0,0.0,0.0,0.0,0,0.0,4.348309318354037e-12,7.275957614183426e-12,1.0000000000000002,0.0,0.0
385,NOMINAL_SRM,51.52171229796279,75.22614030696302,55.354007822142776,-52.60650692851263,8.26606516577455,-1.0,3.0018930430667297,-128.84335068622812,128.4742072882158,721,0.0185546875,70.78373306130074,122.42807929103378,1.0020370168448076,30.272360016385125,113.3003531204813
385,CAL_CURRENT_SRM,94.65004608630139,96.31073744972787,108.48290622208378,-107.22059499474035,15.430240213671327,-0.5081446893573516,0.9674212425705935,-0.8686091846155028,1.3441751165434397,0,0.0,0.4681458689951714,1.5664874872636574,1.0165633280928112,0.21656942054147707,0.5814107124833896
385,CAL_ZERO_COMP_ERROR_SRM,93.02664607292556,95.50698014072427,104.88880334074479,-112.77438074164016,15.160572437363049,-1.0,0.9763635947478044,-1.4307425859661713,1.9130152820270245,29,0.0,0.5691704744566711,1.9528287637203903,1.0119511155275067,0.22821505731546626,0.4816192889739739
385,ORACLE_SRM,97.10554694046111,97.5148719789093,122.62503971619162,-125.34813098624709,15.838130721006829,0.0,0.0,0.0,0.0,0,0.0,4.348309318354037e-12,7.275957614183426e-12,1.0000000000000002,0.0,0.0
386,NOMINAL_SRM,58.87191728445345,81.34736079222792,62.0470361019551,-60.83718982619851,9.48702944924476,-1.0,1.4996375954649843,-58.36485362669973,58.864781145792826,293,0.0,27.967171250645507,54.795667653073,1.0009570747150411,12.207713888150906,36.92406587005462
386,CAL_CURRENT_SRM,95.13289916042032,96.5761011557128,111.39500876674535,-110.27760999569676,15.510448365518327,-0.5053102206488236,0.9787591174047059,-1.2459334086123284,1.2353129673146797,0,0.0,0.45914233543432464,1.465115655453701,1.0107475568554753,0.20749637369053792,0.5307471935868016
386,CAL_ZERO_COMP_ERROR_SRM,92.56539351818952,95.74372357217325,102.18555455886218,-101.28168052481882,15.08395241165939,-0.5068741893644617,0.9725032425421529,-1.3937743190661458,1.3800259403372217,0,0.0,0.5768959006072469,1.822687875300744,1.0139396770204494,0.2889055608534534,0.6867943819897846
386,ORACLE_SRM,97.16428432637626,97.610646658122,123.15281193897204,-123.71876384511629,15.847887761856523,0.0,0.0,0.0,0.0,0,0.0,4.348309318354037e-12,7.275957614183426e-12,1.0000000000000002,0.0,0.0
387,NOMINAL_SRM,58.56122171628864,79.0994581734048,62.634983429796556,-60.586197142498825,9.435418889748945,-1.0,1.5007250248034802,-64.96127604365307,64.96156605357451,1522,0.0142822265625,31.022476065610924,63.84840709874018,0.9990433385808071,12.930130824928543,44.69382530205257
387,CAL_CURRENT_SRM,94.33057761026517,95.6948212066921,112.06031061519198,-110.34003654191905,15.377172360509164,-1.0,0.9530937666895554,-1.3222400244144352,1.2987869077592127,1,0.0,0.4914725525699924,1.650615766440751,1.0240320770297608,0.2276951816768893,0.6263417546250665
387,CAL_ZERO_COMP_ERROR_SRM,91.28078109559223,95.04656914846277,104.07970200760366,-100.27790756939137,14.870561643786086,-1.0,1.4569689016388438,-2.9299600207525893,2.9127475814081234,2,0.0,0.6516852483862737,2.3729117420771217,1.0175630091120274,0.43838532438688727,1.1806910585636956
387,ORACLE_SRM,97.14623169596136,97.5076690303584,123.42613756378239,-125.663301906019,15.844888986040093,0.0,0.0,0.0,0.0,0,0.0,4.348309318354037e-12,7.275957614183426e-12,1.0000000000000002,0.0,0.0
388,NOMINAL_SRM,58.12050308081879,76.73086355692203,65.39350566030703,-62.25642149657781,9.362209814089502,-1.0,2.0020155748969306,-70.91329974041184,70.91397159871084,1689,0.0224609375,32.04176993440051,64.56104957723505,1.0009182379644166,14.045000410637883,40.90846860887814
388,CAL_CURRENT_SRM,94.81375685581742,96.35450395228625,110.36602531670837,-112.51390454809592,15.457434693657378,-0.5126726176852063,0.9493095292591744,-1.0231631952391869,0.9978179598687734,0,0.0,0.4680990710690621,1.4901891356439592,1.0260092964190242,0.21550165021443476,0.4781236491529057
388,CAL_ZERO_COMP_ERROR_SRM,92.85177308378701,95.14202894465603,107.95672952198868,-117.76528493456382,15.131523768070933,-0.5115817743461408,0.9536729026154365,-1.699270607623534,1.6761070589312494,0,0.0,0.5634768177402,1.905058747059229,1.023697922140196,0.20561410246695064,0.3648633994958246
388,ORACLE_SRM,97.19068023666128,97.38777987188965,122.71086256051825,-124.6597245938824,15.852272464561674,0.0,0.0,0.0,0.0,0,0.0,4.348309318354037e-12,7.275957614183426e-12,1.0000000000000002,0.0,0.0
389,NOMINAL_SRM,57.88302568354454,77.05145481092407,63.664881860860056,-61.458962001826364,9.322761741452583,-1.0,2.003896163424957,-88.15294351326932,88.14774862870274,724,0.03173828125,32.718303203533644,72.34549212121419,1.0006423287884916,14.020665185795876,40.245545106499776
389,CAL_CURRENT_SRM,96.09991779260902,96.89136291300986,116.67984093504842,-112.87726855499761,15.671082689802162,-0.5059433890287632,0.9762264438849468,-1.0262607766842142,1.014373998626688,0,0.0,0.41536854669782963,1.3451045723222705,1.0120411577671806,0.17659579837092204,0.4802231744345171
389,CAL_ZERO_COMP_ERROR_SRM,93.16898581381488,96.34335501414314,101.52013020243388,-100.5179358779226,15.184216912593834,-0.5053788052185855,0.9784847791256581,-1.443121995880064,1.4323643854428931,0,0.0,0.5443548161698075,1.8374933083387077,1.010880655371762,0.21671622654002803,0.44315084792597403
389,ORACLE_SRM,97.1118552825703,97.43307210468532,123.08296932294977,-125.00057422381003,15.83917861836716,0.0,0.0,0.0,0.0,0,0.0,4.348309318354037e-12,7.275957614183426e-12,1.0000000000000002,0.0,0.0
390,NOMINAL_SRM,53.164350545764265,75.42942476724616,55.955491456052485,-54.859778084962926,8.538928662087088,-1.0,5.50277837144689,-118.515387903397,118.51111348578638,824,0.017578125,56.345191962779715,108.5505633532448,0.9986892874915446,23.645794235762946,81.31878074372435
390,CAL_CURRENT_SRM,95.09277383629606,96.30020289061164,107.93556088979159,-107.03372604106009,15.50378302928506,-0.5026093325601977,0.9895626697592093,-1.1793267616809597,1.1741080965605641,0,0.0,0.4578336139286506,1.397628037877439,1.0052563675240416,0.21320336961794956,0.5672406086227824
390,CAL_ZERO_COMP_ERROR_SRM,93.95515453210874,95.65664014662542,109.62961545731658,-107.23148343505997,15.31480972294165,-0.5037003128099489,0.9851987487602045,-1.5458915083543145,1.5384908827344168,0,0.0,0.5137937526453695,1.6762693635225787,1.007471937792586,0.23721689502168183,0.6381294553462382
390,ORACLE_SRM,97.17669574043107,97.52718327481608,124.03622120476135,-125.87975150762205,15.849949458543367,0.0,0.0,0.0,0.0,0,0.0,4.348309318354037e-12,7.275957614183426e-12,1.0000000000000002,0.0,0.0
391,NOMINAL_SRM,62.93117883320811,81.43194252988118,67.72868989227385,-65.50126644231904,10.161325387576099,-1.0,1.5001526018617426,-47.5733709751259,47.573432015870594,936,0.002685546875,18.372887006669618,40.4107698770822,0.9994358344125449,8.854154234299052,24.58337502793438
391,CAL_CURRENT_SRM,95.85684813901112,96.80244466254386,111.83391786002595,-110.16888176426023,15.63070567093208,-0.5068514053773614,0.9725943784905544,-0.7724539933469649,0.7440107425153355,0,0.0,0.42693341418975994,1.2854703844943742,1.0138930273430427,0.18177647601724237,0.5123970209670894
391,CAL_ZERO_COMP_ERROR_SRM,93.91335298792752,95.87073146208546,106.53270702704336,-103.70218500177381,15.30786594483846,-0.5079270618753338,0.9682917524986647,-1.6925612268253518,1.6767071030746856,0,0.0,0.49883848792543145,1.6372024425199925,1.0161328304409438,0.2197685558432552,0.5840262128084568
391,ORACLE_SRM,97.13306593746333,97.46625703549137,123.61071567193379,-126.83023045662308,15.84270198296733,0.0,0.0,0.0,0.0,0,0.0,4.348309318354037e-12,7.275957614183426e-12,1.0000000000000002,0.0,0.0
392,NOMINAL_SRM,58.41598159627744,76.28953875448686,66.87915363863381,-70.74546256766503,9.411292623966354,-1.0,1.9978942228461563,-82.31122775963622,82.31052583391828,509,0.0,29.83006935356181,73.01656797767555,0.9991887879892383,12.406239638245925,32.01421244477933
392,CAL_CURRENT_SRM,95.71441289695228,96.52157581540828,113.93633113032391,-113.53501931238425,15.607045331719648,-0.5053102206488236,0.9787591174047059,-0.8087710196234015,0.7833796197393722,0,0.0,0.4390053407750064,1.2854745654913131,1.0107358938265392,0.18419356040910068,0.48640482635414983
392,CAL_ZERO_COMP_ERROR_SRM,93.42823032066855,95.77632290241121,113.20752762172476,-119.90737438592473,15.227280784164211,-1.0,0.494346532387274,-1.3486076142519265,1.224231326771954,1,0.0,0.542587254589886,1.7152775589122484,1.003789345879178,0.17364176954929997,0.4731550908346094
392,ORACLE_SRM,97.26275913814132,97.63975961097307,123.85787497744712,-126.18030908691438,15.864245704010186,0.0,0.0,0.0,0.0,0,0.0,4.348309318354037e-12,7.275957614183426e-12,1.0000000000000002,0.0,0.0
393,NOMINAL_SRM,57.41782632066677,76.58207749284269,64.6671760733497,-62.6075900321652,9.245486099778534,-1.0,2.998748750658051,-83.59106272269304,84.0905935041897,723,0.0,33.428006595752585,69.75728284548464,0.9984667999885278,14.951364009315085,51.4794140478316
393,CAL_CURRENT_SRM,96.01586245926893,96.86927020223203,115.4433956544242,-113.04547756831028,15.657120009845338,-0.5070878156710155,0.9716487373159379,-0.8158388647287705,0.8016632333867397,0,0.0,0.42188432409033044,1.2968836584223027,1.0143761849448945,0.177336683209121,0.46810351446616494
393,CAL_ZERO_COMP_ERROR_SRM,92.60921321956812,95.02720123570286,109.39238377944433,-109.47540075067602,15.091231431821948,-0.5081254291599908,1.4593728542000455,-1.4721904325932709,1.4559395742733008,0,0.0,0.585016883711852,2.0846761732209416,1.016521626291335,0.3473762487471374,0.8383839213817055
393,ORACLE_SRM,97.11282967941885,97.54272492247406,123.33171103274006,-127.22410978610755,15.83934047830878,0.0,0.0,0.0,0.0,0,0.0,4.348309318354037e-12,7.275957614183426e-12,1.0000000000000002,0.0,0.0
394,NOMINAL_SRM,61.16155431885825,81.23089808252811,66.0028890859539,-67.08145570535214,9.867367827052867,-1.0,3.99790183646532,-41.654993247728015,42.154363798667625,881,0.0,21.531904080454723,41.85265928180888,1.0006224792602685,9.52770256128058,36.23066999945513
394,CAL_CURRENT_SRM,94.56673233812049,96.1068604960456,110.96189991721303,-111.65433635036078,15.416400720618022,-0.5107119968260749,0.9571520126957,-1.049867244483779,1.00190740684225,0,0.0,0.4775246202824844,1.421349427269888,1.0218856301154604,0.20268890430943187,0.6527976520671075
394,CAL_ZERO_COMP_ERROR_SRM,91.18969841947259,95.86391316025887,101.54591890473546,-96.97646039223821,14.855431631141627,-1.0,0.9749137852107301,-1.9047822504348886,1.8546098208563493,3,0.0,0.6469711651788862,2.198978305224955,1.012718465560298,0.2757972302458427,0.6693189528286894
394,ORACLE_SRM,97.04914858206676,97.3199291884332,123.70698949453966,-123.97361352336021,15.828762222934678,0.0,0.0,0.0,0.0,0,0.0,4.348309318354037e-12,7.275957614183426e-12,1.0000000000000002,0.0,0.0
395,NOMINAL_SRM,55.44004820218979,78.36316527649323,59.2226256330845,-56.53771482865042,8.916951528602956,-1.0,6.994140446180609,-88.60448011719107,88.60374767296365,801,0.0,45.38230864123085,88.45386204495088,1.0017330158720839,19.954437205028725,70.5886452733721
395,CAL_CURRENT_SRM,95.85218967021889,96.67702521768261,117.76093444520305,-119.89026197040845,15.629931838906792,-0.5051881466109196,0.9792474135563218,-0.9457380901516766,0.9353617969298377,0,0.0,0.4302548272261363,1.2023896388132016,1.0104947381383806,0.17976485473978207,0.5605500340431284
395,CAL_ZERO_COMP_ERROR_SRM,92.76066946915714,95.23763429753109,110.04839129473496,-106.66882983764017,15.116390277268627,-1.0,0.9796746726889858,-2.044099246192874,2.033936582537361,8,0.0,0.5721640548122576,2.1213386564040775,1.0102880772958522,0.2912164094607706,0.8021596287333068
395,ORACLE_SRM,97.08214141435417,97.40920949681345,122.76772217152961,-125.92062353223432,15.834242759859496,0.0,0.0,0.0,0.0,0,0.0,4.348309318354037e-12,7.275957614183426e-12,1.0000000000000002,0.0,0.0
396,NOMINAL_SRM,60.48165134978922,81.70004877480596,65.99350488535254,-65.0935468642766,9.754427134516483,-1.0,3.493408001953185,-60.99792474135563,60.996459852900784,846,0.0,21.855560662393454,42.79515620229358,1.000711552266381,9.422632255539188,37.56432040209984
396,CAL_CURRENT_SRM,94.96877613427927,96.06327794768131,113.91528882391265,-115.72754121101585,15.483185404365328,-0.510238959929197,0.9590441602832118,-1.0217596972563858,1.0012817773979918,0,0.0,0.4628690959507829,1.3918208400828007,1.020897539712903,0.21520200476602894,0.6116607108988248
396,CAL_ZERO_COMP_ERROR_SRM,92.38920316400062,95.15952006599161,104.09356500489899,-108.16632046542489,15.054684910963559,-0.5105516136415655,0.9577935454337378,-1.6541542687113757,1.6330510414282446,0,0.0,0.6049778932912385,2.035057253591731,1.0215700593796258,0.257936526581723,0.633153302390582
396,ORACLE_SRM,97.23740127365568,97.51546179667145,122.89801694798294,-125.16684870076575,15.860033434162073,0.0,0.0,0.0,0.0,0,0.0,4.348309318354037e-12,7.275957614183426e-12,1.0000000000000002,0.0,0.0
397,NOMINAL_SRM,53.035977969512864,72.6287352632782,59.562821442263484,-58.06099760785085,8.51760431387257,-1.0,5.002289761712131,-92.10230655329167,92.10268818024365,1912,0.0166015625,49.115230226817054,93.01980403029484,0.999742218071807,18.464329218315253,61.42358078461439
397,CAL_CURRENT_SRM,95.28845016276901,96.34663308584595,114.30328511711544,-114.11958436710677,15.536287402453324,-0.5103227283131151,0.9587090867475396,-0.9233234149691005,0.9026779583428702,0,0.0,0.45025330262698116,1.3620795011411246,1.0210834795372452,0.20787194832244352,0.533226587303858
397,CAL_ZERO_COMP_ERROR_SRM,93.88872622329986,95.29135724422318,111.79723722812656,-124.77124331947627,15.303775120149478,-0.5115129320210574,0.9539482719157701,-1.5417715724421845,1.5187457084000782,0,0.0,0.5158464059479844,1.7705835682209,1.0235857403446007,0.3057029194425336,0.7415432076328443
397,ORACLE_SRM,97.17396845095878,97.30296559059664,123.0216441319235,-124.21809816506965,15.849496420425048,0.0,0.0,0.0,0.0,0,0.0,4.348309318354037e-12,7.275957614183426e-12,1.0000000000000002,0.0,0.0
398,NOMINAL_SRM,62.10518022746554,81.79493585654045,69.05132864380752,-68.23403763374533,10.024116316854741,-1.0,3.503229648632553,-45.263533220324945,45.26425092002109,1063,0.0233154296875,20.736057563789966,45.6222446969532,0.9992584915191424,9.595700186727145,33.298420784015434
398,CAL_CURRENT_SRM,95.32462721057462,96.4941902012581,110.05240944388237,-108.7944957271609,15.542296878832994,-0.5097581445029373,0.9609674219882505,-0.9869382772564277,0.9674219882505529,0,0.0,0.4474794574666085,1.411445853668738,1.0199009328764477,0.18565553741152152,0.5253594438436551
398,CAL_ZERO_COMP_ERROR_SRM,93.58025410566263,95.59890830565045,105.2322990047461,-103.63167287786928,15.252533904595122,-0.5095597772182803,0.9617608911268789,-1.5054398413061725,1.2044251163500421,0,0.0,0.5305124307622973,1.9647921073565158,1.019499437886131,0.31194254898206675,0.8739872873590002
398,ORACLE_SRM,97.1812063496347,97.48856209711926,122.56882683473633,-126.03899515352498,15.850698729175202,0.0,0.0,0.0,0.0,0,0.0,4.348309318354037e-12,7.275957614183426e-12,1.0000000000000002,0.0,0.0
399,NOMINAL_SRM,58.08787183749744,79.242895199694,62.04238123187174,-60.38904965710006,9.356789341776985,-1.0,1.5014886632567372,-72.34877471562717,72.34937018092987,683,0.02099609375,32.99525121298897,75.33986899264619,0.9988756064352985,15.308387384439468,44.637145846816566
399,CAL_CURRENT_SRM,95.63018243604964,96.49404523632562,115.50700512075899,-113.9781951156963,15.593053560805588,-0.5092471083712271,0.9630115665150913,-0.8017212439344464,0.7594836268196664,0,0.0,0.4383815595257284,1.277343952717274,1.0188445789958478,0.1924554867857366,0.5577953716510891
399,CAL_ZERO_COMP_ERROR_SRM,93.1996476214919,95.55047059092111,102.69115099184516,-102.26073492416212,15.189310236128224,-0.50600442511635,0.9759822995345999,-1.424124513618677,1.412115663385977,0,0.0,0.5533865042679038,1.8984313116197882,1.0121588777459534,0.2372663669299996,0.6049737812493845
399,ORACLE_SRM,97.13318018444524,97.47021108264157,122.44432700150264,-122.70427494728607,15.842720960871302,0.0,0.0,0.0,0.0,0,0.0,4.348309318354037e-12,7.275957614183426e-12,1.0000000000000002,0.0,0.0
400,NOMINAL_SRM,55.873570962985035,78.89905440049377,62.330558813344155,-59.98841776545858,8.988965276243363,-1.0,5.992095706045717,-88.84392834253975,88.84279915768914,1049,0.0,34.28019665406313,68.70037191240954,1.0003230959916003,13.17068630680688,37.278014702441396
400,CAL_CURRENT_SRM,95.16053647313888,96.48518507946585,112.7029534446423,-110.98506422016472,15.515039281252305,-0.5093844416638691,0.9624622333445236,-1.1696829126865445,1.1509140293588063,0,0.0,0.4622606263107966,1.4770608516628272,1.01913702499422,0.21433053384653336,0.6000606521600673
400,CAL_ZERO_COMP_ERROR_SRM,94.0324164585386,95.77605641003441,108.05337689077433,-121.94785765730668,15.327643929989803,-0.5088808862575152,0.9644764549699394,-1.098895229956969,1.0811334574419387,0,0.0,0.49604515357286527,1.646504176867893,1.0180825803087181,0.20930604073320033,0.5663176003401489
400,ORACLE_SRM,97.16688050445893,97.49331945708606,122.31865029080289,-125.15304162996392,15.848319020674241,0.0,0.0,0.0,0.0,0,0.0,4.348309318354037e-12,7.275957614183426e-12,1.0000000000000002,0.0,0.0
401,NOMINAL_SRM,62.54669069542796,79.17400591223274,69.74611531380425,-73.51958005974426,10.097456926150825,-1.0,1.49931333353679,-49.17294839320048,49.172673726615194,557,0.0,19.027537454038512,48.87918959608305,1.0004505949545346,8.595538071507718,21.533014693965015
401,CAL_CURRENT_SRM,95.05348798947637,96.04313316563483,114.81165595940608,-112.64265476075302,15.497257141109031,-0.510071108127079,0.9597155674916837,-1.0436109500411994,1.0234687337870412,0,0.0,0.4634552463096733,1.622785191908406,1.020554355899175,0.26361964164701845,0.7508107374762218
401,CAL_ZERO_COMP_ERROR_SRM,91.27709973497856,94.75384770152533,104.00844681783937,-100.90151304397699,14.869950122089463,-1.0,0.9624933241779201,-2.331990539406422,2.3132372014953813,16,0.0,0.6602448912733292,2.097994946536346,1.019135314453281,0.39002315173257546,0.9112716395924281
401,ORACLE_SRM,97.20215405471471,97.46851193554492,123.39194674895539,-125.31519805177518,15.854178414404437,0.0,0.0,0.0,0.0,0,0.0,4.348309318354037e-12,7.275957614183426e-12,1.0000000000000002,0.0,0.0
402,NOMINAL_SRM,60.26919899924741,79.75915600533756,68.03503889491189,-66.70233089415937,9.719136046386614,-1.0,4.003435691490174,-64.36312968590241,64.36381682420041,933,0.022705078125,25.709880356062833,63.858438678894345,0.9987535825320286,12.229908374631126,33.591713499897196
402,CAL_CURRENT_SRM,94.61859759639738,96.49604097754019,108.86355321057377,-116.4717939142301,15.425016212026144,-0.5084383678701132,0.9662465285195472,-1.0190130314035464,1.0021362956633197,0,0.0,0.47930583954886574,1.5189741715257696,1.0171683386984987,0.20455466736147737,0.45235496611869763
402,CAL_ZERO_COMP_ERROR_SRM,92.10636172069202,95.33824032595706,105.26717118200864,-102.87446183689468,15.00770128250698,-0.5080186160067139,0.9679255359731442,-1.8381475547417412,1.8221103227283133,0,0.0,0.596436164755915,1.9662420235072204,1.0162841374535878,0.20985344491576563,0.4241347425482047
402,ORACLE_SRM,97.09485534701194,97.52226692272174,123.46272182512459,-121.58677147797447,15.83635470880597,0.0,0.0,0.0,0.0,0,0.0,4.348309318354037e-12,7.275957614183426e-12,1.0000000000000002,0.0,0.0
403,NOMINAL_SRM,59.8660889828054,77.2767818986239,69.83069888761622,-70.82622130007479,9.65217424963545,-1.0,1.501183151916706,-52.20444865120681,52.20492191197349,838,0.0186767578125,24.949635830856145,54.02173527076229,1.0000051554286429,12.135649280731453,44.16460891559291
403,CAL_CURRENT_SRM,94.87440474117021,96.35655796645999,112.92603483963737,-109.921717333371,15.467509093217643,-0.5032997886609343,0.9868008453562629,-0.8692444437662606,1.3593450777834577,0,0.0,0.4736212017618359,1.5494190432732466,1.006633390758652,0.21088098670228794,0.569716442238672
403,CAL_ZERO_COMP_ERROR_SRM,92.64697652755711,95.36984130227799,103.39703089820034,-101.28406338343738,15.09750440657095,-1.0,1.4736207646354211,-1.3572316871266248,1.8519558400537175,1,0.0,0.6105118811518206,2.0421141132220555,1.0106549110562795,0.3300234633693817,0.7067265976434101
403,ORACLE_SRM,97.17056604940146,97.54016135040304,122.89098333363324,-124.0127688603978,15.848931237442104,0.0,0.0,0.0,0.0,0,0.0,4.348309318354037e-12,7.275957614183426e-12,1.0000000000000002,0.0,0.0
404,NOMINAL_SRM,55.61175538503869,77.84902235387791,59.30676602643831,-56.79053625864547,8.94547431645161,-1.0,1.500190755238139,-70.97449983978173,70.97457614187681,1380,0.004638671875,43.29004977173807,66.24831661248936,0.9994915686960766,18.139884772375485,70.16410658277528
404,CAL_CURRENT_SRM,95.57912649922473,96.58030078154566,108.86741992683035,-107.42105818300624,15.584572508176866,-0.511985961699855,0.9520561532005798,-0.983657587548638,0.8762188143739987,0,0.0,0.43888885933264543,1.3579254490578023,1.024568724140564,0.18852227695453783,0.4742033342990126
404,CAL_ZERO_COMP_ERROR_SRM,93.04638043515965,95.28110696553112,107.7687139336119,-110.61314037271892,15.163850570624527,-1.0,0.9388113221942473,-1.8964675364308299,1.7455558098725572,8,0.0,0.5557981668021132,1.8846269547320844,1.0315858472852917,0.2746855281735013,0.6987302109102416
404,ORACLE_SRM,97.13564336272098,97.47910224390297,123.83422399838126,-124.89584396024773,15.843130126697838,0.0,0.0,0.0,0.0,0,0.0,4.348309318354037e-12,7.275957614183426e-12,1.0000000000000002,0.0,0.0
405,NOMINAL_SRM,59.68509673663638,78.6301366187164,65.0082551277381,-63.69664094972371,9.622109092464516,-1.0,3.501854763613049,-52.181507319826785,52.18191948951857,1408,0.0172119140625,25.62404135815424,52.812032640631514,0.9997335185580073,10.995223229907419,33.6556895109361
405,CAL_CURRENT_SRM,95.40444315095151,96.60638518384509,110.15920001991859,-107.39309155702153,15.555555340689619,-0.510879848628193,0.9564806054872279,-0.9545884578997162,0.9328287606433308,0,0.0,0.4460913173531286,1.4836689808926167,1.0222448270892464,0.2093147030931174,0.4883081693343456
405,CAL_ZERO_COMP_ERROR_SRM,92.99541642914612,95.38193678001315,104.78077194321953,-102.75821976058376,15.155384788894704,-1.0,0.9487602044708934,-1.637277790493614,1.6116578927290621,1,0.0,0.5481023232209822,1.9289732985344017,1.026301757577698,0.2710075088864595,0.609085669195224
405,ORACLE_SRM,97.1623177814697,97.59453252819381,123.37667147218296,-127.05772486840661,15.847561093267391,0.0,0.0,0.0,0.0,0,0.0,4.348309318354037e-12,7.275957614183426e-12,1.0000000000000002,0.0,0.0
406,NOMINAL_SRM,58.674532787609515,78.92008040336502,62.84422757553517,-62.28849674322958,9.454241326845436,-1.0,7.4955252576886995,-55.688759355754016,55.188496135618074,813,0.0,26.512181875825785,54.08975764497336,1.0004038468164165,10.912202330328919,37.58834597269015
406,CAL_CURRENT_SRM,95.19565342616659,96.20148279252626,113.22251092125215,-112.10511524485183,15.520872662153918,-0.5085414330075457,0.9658342679698171,-0.7601455744008789,1.2345212753782417,0,0.0,0.45971830058385205,1.3339451933061355,1.0173861277909968,0.18876185055556186,0.5196535171389627
406,CAL_ZERO_COMP_ERROR_SRM,92.68203901144425,94.89612994918589,107.52371385301012,-106.83692254708828,15.103328739442565,-0.5092547379985961,0.9629810480056153,-1.5359889522995713,1.5359889522995713,0,0.0,0.5737815289197659,1.9650737187880623,1.0188518152498016,0.2508045209211925,0.5666033077644528
406,ORACLE_SRM,97.11977147874977,97.53218714590221,123.46629828289905,-125.00574376916155,15.840493601121224,0.0,0.0,0.0,0.0,0,0.0,4.348309318354037e-12,7.275957614183426e-12,1.0000000000000002,0.0,0.0
407,NOMINAL_SRM,56.28408891778518,77.29476005965003,59.67539187705134,-59.091236833743196,9.057157627539068,-1.0,3.0047665607430947,-80.9012771938449,80.90246883403067,1036,0.030517578125,37.494964459272545,80.26130943451062,0.9987535866025025,15.580410374099458,45.558771050215
407,CAL_CURRENT_SRM,95.63166733561144,96.69559971923019,113.3734625612081,-113.51347007356998,15.593300221862366,-0.511261329996643,0.9549546800134281,-0.99572740867336,0.9732047486800743,0,0.0,0.42944821514586407,1.2649153439760994,1.0230499609245916,0.17601835339061025,0.471741224079274
407,CAL_ZERO_COMP_ERROR_SRM,92.49365621012191,95.63279054966395,103.44439950898521,-99.45217248532376,15.072035915302644,-0.5114176502452906,1.4429117487735468,-1.5603155589803839,2.020378579221633,0,0.0,0.5717237694286331,1.8905099438652542,1.0233917296538346,0.316900401322047,0.7630069695113662
407,ORACLE_SRM,97.18168000236594,97.44573387585689,124.1512776218665,-122.36004515351246,15.850777409030886,0.0,0.0,0.0,0.0,0,0.0,4.348309318354037e-12,7.275957614183426e-12,1.0000000000000002,0.0,0.0
408,NOMINAL_SRM,56.00685496811551,81.06972664899475,58.82978780285039,-57.16294877278437,9.01110547643115,-1.0,6.003954379589905,-66.99882437363623,66.99938928500619,951,0.0203857421875,41.606444690805795,65.38532342645703,0.9992797864696817,17.44242117318178,63.67448229953152
408,CAL_CURRENT_SRM,95.54601915123433,96.37977055855464,114.83155282271679,-112.50508633178279,15.579072948710023,-0.5154881435590686,0.9380474257637259,-0.9664601580858796,0.9354838709677424,0,0.0,0.43360464512174013,1.433381878052387,1.031961965002917,0.22852224908919738,0.5771852625391034
408,CAL_ZERO_COMP_ERROR_SRM,90.89258879136631,95.07250980218849,99.17416148807654,-98.02081729616013,14.806077872319985,-0.5153850262075701,1.42307486896215,-1.6953360443736785,2.0568708085053196,0,0.0,0.6899650405201785,2.3794337306171656,1.031735796753988,0.34147104452421106,0.7152272758576146
408,ORACLE_SRM,97.23474266920009,97.58443384435745,123.90504387416222,-125.91954215244198,15.859591805514965,0.0,0.0,0.0,0.0,0,0.0,4.348309318354037e-12,7.275957614183426e-12,1.0000000000000002,0.0,0.0
409,NOMINAL_SRM,60.06795281381345,80.97329324898371,63.64014338014293,-61.6761863604091,9.685706447477319,-1.0,2.9972533760585947,-53.136415655757304,53.135728999772034,1086,0.0,26.487560808542163,53.54868835337578,1.0009566834686268,11.455039946713937,38.43716558257438
409,CAL_CURRENT_SRM,95.84332359538354,96.46874935917236,115.77309195554356,-114.81029653266332,15.628459069000588,-0.5078432569353313,0.9686269722586749,-0.9470656453138828,0.9313791314432203,0,0.0,0.4210174058183199,1.240034616279445,1.0159464172740642,0.18513596426054776,0.5450270744434604
409,CAL_ZERO_COMP_ERROR_SRM,94.66917124135048,96.37981080535192,104.17802801560468,-103.26514096660546,15.433417149725994,-0.5030289158464942,0.9878843366140229,-1.0648355840390629,1.0587777523460744,0,0.0,0.48094470485844576,1.5791700390946062,1.0060950723211664,0.1881246820367662,0.4835648316714014
409,ORACLE_SRM,97.15991218123669,97.5710708317591,123.25332440213779,-123.95392252998967,15.847161491899783,0.0,0.0,0.0,0.0,0,0.0,4.348309318354037e-12,7.275957614183426e-12,1.0000000000000002,0.0,0.0
410,NOMINAL_SRM,60.71355549655914,79.85663006413942,68.48604082298021,-66.10655594088867,9.79294941803308,-1.0,2.0024969646988753,-61.269542375857974,61.770790858207576,743,0.025146484375,24.152463269161483,61.080920882336954,0.9985550687120152,12.513849820077935,28.88265232530648
410,CAL_CURRENT_SRM,95.25519215442003,96.40354909744984,114.53795614560383,-113.52438798229727,15.530762816348842,-0.5104220709860531,0.9583117160557877,-1.0669270912808604,1.046082949308754,0,0.0,0.4537999748435671,1.3993184788851067,1.021296644082717,0.18169350635947135,0.5739378504055068
410,CAL_ZERO_COMP_ERROR_SRM,91.79757054759378,94.93253584933757,105.49381030113706,-115.11845408023737,14.956407067706609,-0.5104905775539788,1.4475471122301062,-1.9569695582513162,1.7881284809643703,0,0.0,0.6407215134552257,2.194731592127937,1.0214435942650306,0.3630938427032114,0.7534036675797893
410,ORACLE_SRM,97.16779444599214,97.47109478661167,123.30464213218545,-124.79830559561316,15.848470838204674,0.0,0.0,0.0,0.0,0,0.0,4.348309318354037e-12,7.275957614183426e-12,1.0000000000000002,0.0,0.0
411,NOMINAL_SRM,56.910765599154814,77.92010205897726,61.5380622197022,-59.62867550909645,9.161256744045652,-1.0,4.995696955825132,-89.87736324101628,89.8766460669871,1071,0.0,37.85976209864953,90.00970908911829,1.0022278546257235,18.679479671324717,46.09825266093685
411,CAL_CURRENT_SRM,94.69205050598661,96.52159275762882,106.12351367388257,-104.24322199163383,15.437217692024355,-1.0,0.9641102328562272,-1.2600939970091796,1.2421491134372964,2,0.0,0.46890773207839354,1.5993318862092565,1.0182839654294424,0.22250485442435136,0.5772609170754208
411,CAL_ZERO_COMP_ERROR_SRM,90.13565753803887,94.55953916244624,101.91559763271512,-103.69223857900624,14.680341783727387,-1.0,0.9603259376812039,-2.11108737449263,1.9945371868037967,1,0.0,0.7780536567358824,2.5286687669522507,1.0202490590552125,0.3319574311359823,0.6400435993616256
411,ORACLE_SRM,97.17762139520212,97.63778196138102,122.8874327173608,-126.54437064767373,15.850103221794374,0.0,0.0,0.0,0.0,0,0.0,4.348309318354037e-12,7.275957614183426e-12,1.0000000000000002,0.0,0.0
412,NOMINAL_SRM,58.37871443426182,78.10676395361796,64.2367291808095,-75.31445729944808,9.405102065491999,-1.0,2.9962157048249765,-65.97729422894986,65.9763481551561,657,0.0,31.948151523631292,62.54914310684728,1.0015320336698923,14.409884494688177,42.87705951705175
412,CAL_CURRENT_SRM,94.95117373426231,96.47394434932485,110.30646303754631,-110.16190769219655,15.480261417651548,-0.5021973326822718,0.9912106692709126,-0.9415265358439895,0.9371318704794459,0,0.0,0.46460950363274955,1.5315407708148996,1.0044149004756644,0.2265371807195921,0.5554806076440393
412,CAL_ZERO_COMP_ERROR_SRM,93.84756075630582,95.5079689983272,112.71743199125874,-110.92119722032834,15.296937002708608,-0.5024414807580797,0.990234076967681,-1.3008362071596429,1.2959532456434837,0,0.0,0.5118625447953131,1.8126582803101883,1.0049070683560688,0.3017042492486698,0.90829321211163
412,ORACLE_SRM,97.2006030481669,97.51421677076969,123.22305103039062,-123.46715689510482,15.853920772120746,0.0,0.0,0.0,0.0,0,0.0,4.348309318354037e-12,7.275957614183426e-12,1.0000000000000002,0.0,0.0
413,NOMINAL_SRM,52.45748186948225,74.23716619312937,55.02476345127252,-54.46729438822786,8.421508616193066,-1.0,2.990722373119297,-107.20288705099644,107.20056764427626,510,0.0,59.8371990510668,118.73402708290268,1.0018272497242677,25.934754813790665,74.16685751709883
413,CAL_CURRENT_SRM,95.85684360162192,96.90172290223025,111.49183325337398,-108.75898751967641,15.630704917212944,-0.5070878156710155,0.9716487373159379,-0.9191119249256118,0.904936293583581,0,0.0,0.4327251618373751,1.2710100879376114,1.0143857961731535,0.20228375433475074,0.498547099500513
413,CAL_ZERO_COMP_ERROR_SRM,94.51834220160796,96.07647901164253,111.42068604806175,-116.13200530757325,15.408362491961457,-0.5063631092257455,0.9745475630970184,-1.3144932401501486,1.3017670216986592,0,0.0,0.4899311499398104,1.7000859299660078,1.0128836871235174,0.19592743298027263,0.4227387133240086
413,ORACLE_SRM,97.00838712662836,97.47080234540199,123.21027777453455,-123.34720103469515,15.821991217047902,0.0,0.0,0.0,0.0,0,0.0,4.348309318354037e-12,7.275957614183426e-12,1.0000000000000002,0.0,0.0
414,NOMINAL_SRM,56.19447743950265,75.23794698676794,61.866972690422635,-59.49622860488182,9.042271999917384,-1.0,1.4977492599261448,-95.63730277413302,95.63730277413283,741,0.0,39.54180019475172,92.77983832538484,0.9991234463239396,16.75927878201114,51.76514889086684
414,CAL_CURRENT_SRM,95.88565683695708,96.55775300561822,117.55717903901623,-122.2471797532476,15.635491168929748,-1.0,0.9847407452620014,-0.7354197820978423,0.727790154728843,1,0.0,0.4280317219331355,1.2434023758196417,1.0076885011685421,0.17899002990571808,0.5702116919450688
414,CAL_ZERO_COMP_ERROR_SRM,91.83036410717854,95.11992395622505,105.85114086073546,-108.51046920380698,14.961854502853578,-1.0,1.4803918576616715,-2.1987365337077516,2.1908932767724165,1,0.0,0.6363798946607131,2.1992023010679986,1.0079246008685667,0.3795089522021617,0.8655369724629622
414,ORACLE_SRM,97.1076013927898,97.41646024424058,123.84745530417905,-125.8670073715029,15.838471992157775,0.0,0.0,0.0,0.0,0,0.0,4.348309318354037e-12,7.275957614183426e-12,1.0000000000000002,0.0,0.0
415,NOMINAL_SRM,58.83147011066703,78.57386568061662,63.33135739180783,-61.394822331184635,9.480310649612465,-1.0,2.999755851924192,-73.60124515518662,73.60118411816767,1439,0.0,29.95455404684972,70.8672373634854,1.001498525742981,13.762488813046389,38.72627528983139
415,CAL_CURRENT_SRM,95.45618185445149,96.38388743977654,112.7427465900993,-110.94045103346714,15.56414980970955,-1.0,0.9632557145908991,-0.9132663960692176,0.8948942533646669,2,0.0,0.43757323675914567,1.3042564374663925,1.0187110789118712,0.16623054557771982,0.475192777894371
415,CAL_ZERO_COMP_ERROR_SRM,90.25602095889546,95.6653405934483,97.31051710269666,-96.38413504846474,14.700335707457718,-1.0,0.9584649423971923,-1.9727473868924843,1.9519798580910668,7,0.0,0.7398281938674358,2.395920493023368,1.0212082287053579,0.3012941139894868,0.5862083916949814
415,ORACLE_SRM,97.10853967053836,97.35312832743644,122.65349759846922,-123.38946601722432,15.838627852248898,0.0,0.0,0.0,0.0,0,0.0,4.348309318354037e-12,7.275957614183426e-12,1.0000000000000002,0.0,0.0
416,NOMINAL_SRM,54.23524072689183,78.1004219585071,57.33626241345617,-55.48940772964276,8.71681739649366,-1.0,3.505603300103128,-98.68465681219878,99.18652457889911,1560,0.0311279296875,49.68247510163598,82.9634288470952,1.0004967938765597,21.522544521003276,80.67545715731103
416,CAL_CURRENT_SRM,94.98243540105777,96.31972013897992,112.83565821099589,-113.01953569118085,15.48545438555777,-0.5111924925612268,0.9552300297550929,-1.4135042343785764,1.353261615930419,0,0.0,0.46165105152210484,1.468885884743031,1.022914129941021,0.21913131719818335,0.5720396630516902
416,CAL_ZERO_COMP_ERROR_SRM,90.5219606953831,94.52566472225412,102.1009976214328,-99.85753981580069,14.74451174341912,-1.0,0.9537949766533402,-2.4293343913083287,2.4062318796349977,1,0.0,0.7330033913091532,2.6862471348899817,1.0236655111275255,0.37735801471328334,1.0991361946228722
416,ORACLE_SRM,97.15786819002047,97.45360949575266,123.57312411361823,-124.01784910589527,15.84682195847516,0.0,0.0,0.0,0.0,0,0.0,4.348309318354037e-12,7.275957614183426e-12,1.0000000000000002,0.0,0.0
417,NOMINAL_SRM,56.18976572944676,79.30832739066545,58.42933932938493,-57.8931155119075,9.041489323828367,-1.0,2.997009231708247,-74.45104142824827,74.45029373617538,575,0.0,38.9321591253915,76.70165867865398,1.000096266335351,16.129960924429056,50.51719801368017
417,CAL_CURRENT_SRM,95.89850415105374,96.82383670211837,115.84698621608285,-118.97765605754128,15.637625274261419,-0.5040817883573663,0.9836728465705347,-0.8055237659266014,0.7973601892118687,0,0.0,0.4298901294265384,1.249354549236159,1.0082335893638281,0.1578299079145003,0.46477481161647916
417,CAL_ZERO_COMP_ERROR_SRM,91.90974384149055,95.2189731007617,107.83509652366453,-114.04903349689644,14.97504050523099,-0.5048066652424696,0.9807733390301216,-1.7024140140996225,1.6928006836146436,0,0.0,0.6368490457633658,2.1138037827392964,1.0097202221817068,0.3521018549534117,0.8408877220347222
417,ORACLE_SRM,97.09979749160254,97.46613599407864,122.4788687858493,-126.63724900324371,15.837175663056902,0.0,0.0,0.0,0.0,0,0.0,4.348309318354037e-12,7.275957614183426e-12,1.0000000000000002,0.0,0.0
418,NOMINAL_SRM,57.474921941874854,78.45661042703297,62.18983077830157,-61.70087242980273,9.25497042223835,-1.0,7.009839046040318,-84.94315811989817,85.44500294103057,1753,0.031005859375,33.339697736772266,73.03864237712514,0.9996677892387008,14.544553602537672,50.30580385462963
418,CAL_CURRENT_SRM,95.12696307974137,96.37390588046551,112.32919091281576,-116.28648856036081,15.50946230560488,-0.512642099641413,0.9494316014343478,-1.3247730220492864,1.2994888227664605,0,0.0,0.45211039498804745,1.390016550794826,1.0259562027429063,0.19828090510100438,0.5374386070176911
418,CAL_ZERO_COMP_ERROR_SRM,91.65633950716148,94.96694437896298,102.87417875388982,-101.59870550733403,14.932946761986956,-0.5112918485061189,0.9548326059755243,-1.7983031708731088,1.7757194738608617,0,0.0,0.6572068187963784,2.2927166279077937,1.0231010244074725,0.3405933200476738,0.8398121109821659
418,ORACLE_SRM,97.16330471622288,97.57620345974615,122.51353030621523,-126.19140510777142,15.847725035917422,0.0,0.0,0.0,0.0,0,0.0,4.348309318354037e-12,7.275957614183426e-12,1.0000000000000002,0.0,0.0
419,NOMINAL_SRM,65.23182080753494,82.29510035340745,70.91282213538172,-76.77468700847649,10.543491828494178,-1.0,2.5021376003908755,-30.82573976242191,30.826350505390767,1021,0.021484375,13.702473102299491,30.878475818672086,0.99941784010215,7.522951225684747,22.739449552561382
419,CAL_CURRENT_SRM,95.50996807920258,96.53711030846767,114.97494113293456,-114.7683951445945,15.573084398538635,-0.5126573586633096,0.9493705653467612,-0.8796978713664457,0.854383154039826,0,0.0,0.44458463205816157,1.4071613879596043,1.0259717546597544,0.2204215146320906,0.554546568312162
419,CAL_ZERO_COMP_ERROR_SRM,91.06483046214976,94.32854310231896,108.05281622653608,-112.48869565809292,14.834689445539826,-1.0,1.444227423932615,-1.6552323984496606,1.632923368022707,16,0.0,0.6830724974462967,2.145209366619383,1.0228102769380814,0.28118345468667055,0.6647281312870064
419,ORACLE_SRM,97.02499854394112,97.40736542789394,123.31094590975353,-121.80518565200984,15.824750588694538,0.0,0.0,0.0,0.0,0,0.0,4.348309318354037e-12,7.275957614183426e-12,1.0000000000000002,0.0,0.0
420,NOMINAL_SRM,59.61015592461852,77.472866845846,68.90611489783042,-67.44797295163838,9.60966045259444,-1.0,2.994811932555123,-78.7989623865023,78.7976653696411,563,0.0,25.649744921629566,55.546758453407165,0.9997824762990359,11.085087495342496,34.400492130337625
420,CAL_CURRENT_SRM,94.88664775890315,96.84312635735857,105.0333956959195,-103.29340179898644,15.469542817093547,-1.0,0.9917296101319906,-1.2025787747005416,1.198443579766537,1,0.0,0.4772871805018856,1.6402907688116102,1.0041464578245922,0.23192327612839708,0.562788449634823
420,CAL_ZERO_COMP_ERROR_SRM,92.41681794395734,95.4930079635369,102.42646066488962,-101.52529701080445,15.059272083713845,-1.0,0.9999847408616835,-1.98026230458766,1.4802584898030808,5,0.0,0.5851335200769315,1.7170223447246826,0.9999880092572929,0.23333165533013872,0.5666015960988489
420,ORACLE_SRM,97.21176975747306,97.58284741228734,123.1824336623286,-128.53284909105378,15.85577570722144,0.0,0.0,0.0,0.0,0,0.0,4.348309318354037e-12,7.275957614183426e-12,1.0000000000000002,0.0,0.0
421,NOMINAL_SRM,54.346401478090186,75.98551445688787,56.99242777626757,-55.8723359915237,8.73528263755651,-1.0,2.9973143711661123,-94.3533433027131,94.35267189550463,1484,0.0,50.19851423532826,90.5237000942252,1.0010486236830887,21.184871113880202,72.04637749083122
421,CAL_CURRENT_SRM,95.7483748363129,96.5449398242447,117.1428586277815,-118.94236240794676,15.612686849885865,-0.5151293202105744,0.939482719157702,-0.8710002288853282,0.8407415884641792,0,0.0,0.42796796781947277,1.288527565116965,1.0312072807261414,0.1670017810159053,0.514667498323675
421,CAL_ZERO_COMP_ERROR_SRM,93.21702570687128,95.93715478417833,105.56179910598217,-103.75522024458456,15.1921969612743,-0.510971404156621,0.956114383373516,-1.4317453535569302,1.4098025452436873,0,0.0,0.5444785993467005,1.8002273173697176,1.022445811851469,0.24728672516609107,0.6108013199041693
421,ORACLE_SRM,97.20583825917244,97.5292847017177,123.65566977767942,-124.81342150852358,15.854790408500405,0.0,0.0,0.0,0.0,0,0.0,4.348309318354037e-12,7.275957614183426e-12,1.0000000000000002,0.0,0.0
422,NOMINAL_SRM,53.62689463995356,73.7981535650973,57.6726402683419,-56.649284339946874,8.615763229228168,-1.0,1.9976195562608718,-103.88622699667349,103.88543351542712,1751,0.0,48.724237979956236,100.81564394806446,1.0012095180949683,19.032017850979713,59.230838324179786
422,CAL_CURRENT_SRM,93.2733813762062,95.79896191846088,103.30519176481675,-102.34340496444074,15.201558368140565,-0.5077822199163793,0.9688711203344826,-1.4704580828272376,1.4548936429944834,0,0.0,0.5435051239278827,1.9133814408596663,1.0158189323568467,0.25262946897346,0.6227854347812922
422,CAL_ZERO_COMP_ERROR_SRM,91.6597005432047,95.03283490277877,102.56902358141681,-101.4448754377883,14.933505073622044,-1.0,0.9670400097659229,-1.9249549851985102,1.9084749900814724,7,0.0,0.6558001377553917,2.2356933541723265,1.0167650809858204,0.29896486484568763,0.6071214602932393
422,ORACLE_SRM,97.1010537327767,97.28984213135773,122.70075603254685,-124.79796759034221,15.83738434099281,0.0,0.0,0.0,0.0,0,0.0,4.348309318354037e-12,7.275957614183426e-12,1.0000000000000002,0.0,0.0
423,NOMINAL_SRM,56.416555336500416,79.27911450596967,60.80593650176256,-58.375112143808614,9.07916201602997,-1.0,6.990234076967681,-87.19786675618764,87.1966460158086,321,0.0,40.627807216428856,87.74299234593508,1.001649407569936,18.036478842810038,56.43133478886375
423,CAL_CURRENT_SRM,95.56431291449275,96.8543377270317,107.4869344557969,-106.37311810612482,15.58211177981607,-0.5018387121385519,0.9926451514457924,-0.9490653849088273,0.9453879606317235,0,0.0,0.44291760624029136,1.298768672038932,1.0036887135784178,0.15567377972068072,0.3817221234760133
423,CAL_ZERO_COMP_ERROR_SRM,93.64206028327425,95.32827270749705,107.16051671462573,-106.0533892503716,15.262800711507351,-1.0,0.9956663716544083,-1.5724051637317877,1.570238349558992,123,0.0,0.5231841655851367,1.7704702165501658,1.0021827726342725,0.18526835517021853,0.37559110758775205
423,ORACLE_SRM,97.12225246666688,97.42548925857042,122.96274799572076,-127.2721397105518,15.840905725359947,0.0,0.0,0.0,0.0,0,0.0,4.348309318354037e-12,7.275957614183426e-12,1.0000000000000002,0.0,0.0
424,NOMINAL_SRM,56.12796934585362,78.139147831564,62.77018022773192,-60.05347527200232,9.031224143829506,-1.0,6.511748928268494,-105.43172630921134,105.93407609486512,1630,0.03515625,35.15120768814945,66.88511888540961,1.00019562935886,15.347620197627943,49.47387836651069
424,CAL_CURRENT_SRM,94.4456284049341,96.2713397679787,110.3137164149945,-118.96263147036171,15.396283788195033,-0.5075913633936064,0.9696345464255742,-1.136110475318532,1.1209277485313192,0,0.0,0.48901436712794755,1.6165801114948408,1.0154211838944993,0.20202540026303134,0.5477253175992871
424,CAL_ZERO_COMP_ERROR_SRM,92.05876943725137,95.91635132220206,103.58146460395926,-108.81103091060366,14.999795587583284,-1.0,0.973113603418021,-1.92480354009308,1.838757915617609,10,0.0,0.6161210966958662,1.979038393135852,1.0136475148281083,0.2753668181683904,0.6617202023284108
424,ORACLE_SRM,97.05209166332094,97.44012371096659,123.20331962214993,-123.87502336104113,15.829251106863943,0.0,0.0,0.0,0.0,0,0.0,4.348309318354037e-12,7.275957614183426e-12,1.0000000000000002,0.0,0.0
425,NOMINAL_SRM,57.104874879406836,77.52451945182058,62.60493050027805,-61.90522995726117,9.193500810532697,-1.0,3.5025421011649387,-93.26424111027917,93.26480602164916,1080,0.0206298828125,34.88768714109827,68.94340605737489,1.0009048501425377,14.215385580020657,50.8656380899738
425,CAL_CURRENT_SRM,95.23095307473653,96.24292929485725,115.7298866445119,-121.94051622021965,15.526736391152248,-0.5012283512626841,0.995086594949264,-0.8642252231631955,0.861768520637827,0,0.0,0.4512017632621486,1.3749724500121374,1.0024641656229434,0.21604337497859716,0.5868542586970236
425,CAL_ZERO_COMP_ERROR_SRM,94.12766397974471,95.52306145439718,113.73649534356288,-115.52703481609436,15.343465777366232,-1.0,0.9877925962096012,-1.2259590441602828,1.219855342265083,10,0.0,0.49992705699831225,1.587723476537576,1.0061341947109947,0.2195210920661914,0.7043571211688047
425,ORACLE_SRM,97.12989718077748,97.46024258057317,124.17091993020438,-124.3570623587492,15.84217561142483,0.0,0.0,0.0,0.0,0,0.0,4.348309318354037e-12,7.275957614183426e-12,1.0000000000000002,0.0,0.0
426,NOMINAL_SRM,60.89811941231628,81.2193341549167,65.6301321595036,-65.01028945540826,9.823607875800047,-1.0,2.9975585192419203,-44.65767387920774,44.65706350901822,1491,0.0,21.147906755411174,43.73479168752601,1.0005562684840845,8.779805475789916,33.46520556689575
426,CAL_CURRENT_SRM,94.36854257029324,95.70789838388589,110.75406634799236,-115.61809927162486,15.383478832274625,-1.0,0.9512314218573565,-1.2598956266975923,1.2355113376262703,3,0.0,0.48580128587494315,1.5284767166922393,1.025005668092407,0.20476394450332844,0.5278214256113074
426,CAL_ZERO_COMP_ERROR_SRM,90.88918408955381,94.06874758884686,103.00351094947149,-101.51054825722126,14.805512307234853,-1.0,1.902951139866329,-2.1035950804162726,2.0712454603717156,15,0.0,0.6875007104771933,2.1944587807447533,1.0334529897393014,0.30694237533658847,0.7904370509978591
426,ORACLE_SRM,97.06863914703304,97.42396607133826,121.661311915812,-124.06810823452199,15.831999858311136,0.0,0.0,0.0,0.0,0,0.0,4.348309318354037e-12,7.275957614183426e-12,1.0000000000000002,0.0,0.0
427,NOMINAL_SRM,63.95962586304975,82.83424459138422,68.7500586811538,-66.71643214341508,10.332163764626205,-1.0,2.998229953459983,-34.54268711375607,34.542244602121045,487,0.0,16.453335816174317,35.872654591232276,1.0005105285405151,7.832435228331584,22.611887014649255
427,CAL_CURRENT_SRM,95.03144801202588,96.35207581546751,110.6603718112649,-109.26350447949922,15.493596015286691,-0.5055771725032425,0.9776913099870299,-1.0399481193255513,1.0287937743190663,0,0.0,0.4653110374754601,1.4563852491737634,1.0112863960702065,0.1882823533725,0.5437158481910842
427,CAL_ZERO_COMP_ERROR_SRM,93.9730541931811,95.97865086240017,106.71684735903764,-104.51989581424357,15.317783088568289,-0.5054245822842756,0.9783016708628975,-1.5933165484092326,1.4215152208743216,0,0.0,0.5147827605256928,1.8521042754218797,1.0109866177121798,0.25152659384968595,0.5340336721383068
427,ORACLE_SRM,97.08794544062259,97.36337981055547,122.90910880744536,-122.80345373884967,15.83520688382435,0.0,0.0,0.0,0.0,0,0.0,4.348309318354037e-12,7.275957614183426e-12,1.0000000000000002,0.0,0.0
428,NOMINAL_SRM,61.4192149932077,81.94348771072788,65.20269366111988,-63.84229425505214,9.910168603522875,-1.0,6.000427285212879,-47.00856096444377,47.008622005188464,891,0.002685546875,19.18329425753535,42.15127507302168,1.0005943758827787,8.213494298882397,22.00469158906708
428,CAL_CURRENT_SRM,95.75619861448922,96.819930093977,115.52147788176121,-121.1281247764171,15.613986480812164,-0.5025177770317697,0.9899288918729212,-0.9021881771294291,0.8971526230658896,0,0.0,0.4313981244787733,1.3340620491469508,1.005064451135335,0.1940404630724321,0.4862700912123614
428,CAL_ZERO_COMP_ERROR_SRM,93.52943902480247,96.21901722060402,103.46067159256202,-100.50916766910034,15.24409286126287,-0.502658904851643,0.9893643805934278,-1.319190655303843,1.6747285780771088,0,0.0,0.5541700798466227,2.0718297469630897,1.0053688162089673,0.2490497660286394,0.5350655075313284
428,ORACLE_SRM,97.24500236104913,97.63509477682062,123.1941288040484,-127.10247844960486,15.861296073263976,0.0,0.0,0.0,0.0,0,0.0,4.348309318354037e-12,7.275957614183426e-12,1.0000000000000002,0.0,0.0
429,NOMINAL_SRM,52.56439410622864,75.55874390115859,57.02131332254923,-55.65409011317384,8.439268123958247,-1.0,3.495399404898146,-119.01191729610586,119.01089494163878,919,0.0,51.55883022003118,107.6517299082625,0.9998623580134043,20.019996002403477,50.48777121333478
429,CAL_CURRENT_SRM,95.61253575235556,96.50642565138719,114.62753069779986,-120.31170061831757,15.590122217999262,-0.5009918515579699,0.9960325937681205,-1.0697347941526536,1.0677510910367138,0,0.0,0.43421429867745953,1.3820952460482658,1.0019949825342773,0.1863938931720612,0.4792202822567333
429,CAL_ZERO_COMP_ERROR_SRM,55.81832232178367,95.44215155503083,64.55453808866173,-60.021726295653544,8.979787761093634,-0.49684443284246727,1.5157778357876635,-1.5349876387758545,1.5412987730909198,0,0.0709228515625,9.410517713715736,203.97474688420698,0.9937751848410135,0.18357931376168854,0.511497684027745
429,ORACLE_SRM,97.09942418938844,97.50364775971207,123.09634064012995,-124.33926275957572,15.837113652722334,0.0,0.0,0.0,0.0,0,0.0,4.348309318354037e-12,7.275957614183426e-12,1.0000000000000002,0.0,0.0
430,NOMINAL_SRM,63.56850495475864,83.27804129224496,67.97295688370626,-69.33641155255232,10.267193514079509,-1.0,3.0007325783706236,-30.337947559599545,30.33813070419224,364,0.01025390625,16.50770702763931,31.518725640100456,0.9995069105353864,7.703277446993217,29.921811483900456
430,CAL_CURRENT_SRM,95.8687994205056,96.83861986164443,114.55478281660464,-111.9583606238663,15.632690933638804,-0.5032959990234077,0.9868160039063691,-0.8420361949522385,0.8354441969054234,0,0.0,0.42367940326957526,1.3321919106815585,1.0066382428444371,0.1856717991232518,0.464611189212917
430,CAL_ZERO_COMP_ERROR_SRM,91.3627496583255,95.46846613129608,97.93149315751208,-97.20501905054272,14.884177684107225,-1.0,0.9742122529945831,-1.754711223010605,1.7309071488517587,1,0.0,0.6799411061162773,2.2353802156103484,1.0130640117323424,0.29754769814863824,0.6389965333615244
430,ORACLE_SRM,97.14062828791512,97.467804534343,122.43152879721299,-123.99043071710045,15.843958187361316,0.0,0.0,0.0,0.0,0,0.0,4.348309318354037e-12,7.275957614183426e-12,1.0000000000000002,0.0,0.0
431,NOMINAL_SRM,57.214671685816505,79.28738728610959,60.778573900880346,-60.421198556307154,9.211739482693773,-1.0,3.5006180847004957,-72.19104158717387,72.19117893932955,1718,0.0087890625,34.15595956046845,72.91052099114859,0.9998168753889393,13.662219504123483,41.98121621640348
431,CAL_CURRENT_SRM,95.54157806735235,96.44052705188722,112.56683946377409,-110.39443576861883,15.578335227134941,-0.5072481460005493,0.9710074159978026,-1.0187994018372142,1.0043031098361155,0,0.0,0.4413383717817207,1.4157824870580953,1.0147206252414522,0.19941374205234136,0.5135713029468327
431,CAL_ZERO_COMP_ERROR_SRM,92.69905649073287,95.42222770828401,106.4388801768826,-104.20522188670718,15.106155563244663,-0.5032272831311513,0.9870908674753949,-1.5891050583657589,1.5761959258411535,0,0.0,0.586501703368416,2.051538011559387,1.0065084936491282,0.2323229614828203,0.47125342007848303
431,ORACLE_SRM,97.14665997957907,97.5855558198186,123.23334397837698,-124.60451718501668,15.844960129498185,0.0,0.0,0.0,0.0,0,0.0,4.348309318354037e-12,7.275957614183426e-12,1.0000000000000002,0.0,0.0
432,NOMINAL_SRM,58.35275431347689,80.67037637389402,61.87826789767843,-60.477520274717946,9.400789753069253,-1.0,2.001007449016974,-66.46054158016862,66.46087739650763,609,0.015380859375,30.76761756515833,66.68799416262834,0.9982877005070815,15.54210071193359,37.68992039911973
432,CAL_CURRENT_SRM,95.64388316618272,96.54287909754203,112.31636475490984,-111.3636709549964,15.595329429598458,-0.5089304106997077,0.9642783572011691,-1.2673248441660452,0.7583944334663427,0,0.0,0.4406027471515487,1.4540744139049195,1.0181947920584282,0.18839860137559863,0.4738459112633322
432,CAL_ZERO_COMP_ERROR_SRM,92.50892434101121,95.19944182637528,105.67845381104975,-104.62408813850969,15.074572149669637,-1.0,0.9436017944883572,-2.1510361033969168,2.1228370006410304,1,0.0,0.5822155454997793,1.8571480037790025,1.0290502163712443,0.34840771564971607,0.8211341488311916
432,ORACLE_SRM,97.14224568081356,97.49818851424052,123.6503526672478,-124.5688456329544,15.844226857278,0.0,0.0,0.0,0.0,0,0.0,4.348309318354037e-12,7.275957614183426e-12,1.0000000000000002,0.0,0.0
433,NOMINAL_SRM,57.300646571458785,77.46111357304446,60.887694661739154,-60.59954426618618,9.226021025159268,-1.0,3.0014043443085896,-66.05131962571504,66.05167071179234,797,0.015625,32.45785728630712,63.844571004025056,0.9997772012024256,13.415217566805048,44.79057077363541
433,CAL_CURRENT_SRM,95.18942108507032,96.22427473759798,112.25282040792246,-109.47341482571424,15.519837389546565,-0.5082627603570611,0.9669489585717557,-1.1541313801785307,1.1376058594644085,0,0.0,0.45955472823208,1.4035530191522412,1.0168178532583054,0.24242374771229133,0.6502888441772825
433,CAL_ZERO_COMP_ERROR_SRM,93.6715510833853,96.01798415121286,105.92985752650716,-103.17602569785534,15.267699515512508,-1.0,0.9744865260780664,-1.3221533860286228,1.241737113559374,4,0.0,0.5315166409668804,1.8125117426625366,1.0129179370163142,0.24838755704164936,0.53834485907106
433,ORACLE_SRM,97.21795039653584,97.39633449107772,123.34562861283231,-122.6540336588341,15.856802391451136,0.0,0.0,0.0,0.0,0,0.0,4.348309318354037e-12,7.275957614183426e-12,1.0000000000000002,0.0,0.0
434,NOMINAL_SRM,60.05428676785919,81.9061958489283,66.30218807805116,-63.73788012355392,9.683436340175946,-1.0,3.4940260929274434,-73.28949416342054,73.28816662851537,439,0.0,22.02580488654801,43.31985855814128,1.0000208835509725,9.68064448641719,29.865257656692847
434,CAL_CURRENT_SRM,94.81874398784917,96.26658594207925,110.45101058688718,-116.1311251661923,15.458263120905178,-0.5111392559587389,0.9554429761650443,-1.02081362346263,0.998535111545152,0,0.0,0.47085832945841277,1.5497827336293994,1.0227828183146843,0.21196993205910722,0.6206392300626788
434,CAL_ZERO_COMP_ERROR_SRM,93.0724757390962,95.73815990452951,108.85035292914908,-104.78060825454308,15.168185338720301,-0.5096665903715571,0.9613336385137712,-2.001495384145915,1.9821622034027917,0,0.0,0.5535465665581597,1.979535066686367,1.0196888588373294,0.25132889355021454,0.5218061359540656
434,ORACLE_SRM,97.17913954221316,97.54297484716007,123.6351169093863,-123.91072683020644,15.850355405683251,0.0,0.0,0.0,0.0,0,0.0,4.348309318354037e-12,7.275957614183426e-12,1.0000000000000002,0.0,0.0
435,NOMINAL_SRM,54.0635190884586,77.41435170376127,56.86673713856354,-56.4045874287106,8.68829220738515,-1.0,3.9957274086733605,-93.88282418286691,93.88196966460158,1587,0.0,47.31717634466913,99.54754778494134,1.0013600320796778,20.357526793239717,66.20613530675655
435,CAL_CURRENT_SRM,95.6513276030627,96.61457760162833,114.67874586329954,-120.48803491235127,15.596566047020382,-0.5126956999420149,0.9492172002319406,-0.8658711508529944,0.8404797509689653,0,0.0,0.4375373293048154,1.3219526082029915,1.0260569796928856,0.18770347294435838,0.5509374283556241
435,CAL_ZERO_COMP_ERROR_SRM,92.1357085321401,96.005544523153,101.21871847132294,-98.8712454936166,15.012576168129584,-0.5105668726634622,0.9577325093461508,-1.5875486381322668,1.5114824139772673,0,0.0,0.5896264116877453,2.0278040614975907,1.0216044122510535,0.23819391538256612,0.5742576299089706
435,ORACLE_SRM,97.08505943787017,97.31785375825754,122.95918098056194,-123.85525533988778,15.834727481373783,0.0,0.0,0.0,0.0,0,0.0,4.348309318354037e-12,7.275957614183426e-12,1.0000000000000002,0.0,0.0
436,NOMINAL_SRM,60.4779575000084,80.51430009631557,65.08957924296584,-62.17700567087427,9.753813538207377,-1.0,1.4998855573357748,-44.11810482948217,44.118059052416505,1202,0.0,24.59565974858977,46.23250706813451,1.000015254831824,10.987771291392443,38.047229112395144
436,CAL_CURRENT_SRM,95.48649586980238,96.35696685212073,115.12193781717947,-112.14966324629982,15.56918536043229,-1.0,0.9309987029831388,-0.7618677042801556,0.727367055771725,2,0.0,0.43352685356572745,1.3206928151303146,1.0357338797210127,0.22306893885272122,0.6020756213676322
436,CAL_ZERO_COMP_ERROR_SRM,92.1365778943321,94.4726936551814,106.19789747091403,-108.12223500958325,15.012720580453838,-1.0,1.4084077210650796,-1.9452353704127165,1.9085984588387557,12,0.0,0.6093267691891763,2.368119319411562,1.0380441956649498,0.3034478089731361,0.7586146598181926
436,ORACLE_SRM,97.10073324798296,97.3432069810167,123.59076498139146,-127.0210132211026,15.837331104316107,0.0,0.0,0.0,0.0,0,0.0,4.348309318354037e-12,7.275957614183426e-12,1.0000000000000002,0.0,0.0
437,NOMINAL_SRM,58.75083529072029,77.4476245563013,66.99542117674162,-65.92758581244324,9.466916161249218,-1.0,3.0030541811740274,-73.57088754504856,73.57165109034209,780,0.024169921875,29.60430995579591,73.86771414362104,0.9981825782821954,14.672894029621347,41.18875700334138
437,CAL_CURRENT_SRM,95.2531212740241,96.38415994548902,115.55982158578612,-118.1588723061883,15.530418816283072,-0.5086214789269692,0.965514084292123,-1.074282052064577,1.031678212836085,0,0.0,0.4409172615223903,1.3394484240398015,1.017554187198336,0.22470208390198082,0.5855781469098176
437,CAL_ZERO_COMP_ERROR_SRM,93.66905353316959,95.8586331556327,103.67906047782212,-102.29096685403314,15.267284640061394,-0.5086328575025368,0.9654685699898526,-1.0821399415575013,1.5486423181682911,0,0.0,0.5281907620728066,1.7788193113228772,1.0175603748086532,0.2895604403633823,0.6747546233597177
437,ORACLE_SRM,97.17420932547313,97.50704228835927,123.86744348238247,-125.76444362418519,15.849536432802845,0.0,0.0,0.0,0.0,0,0.0,4.348309318354037e-12,7.275957614183426e-12,1.0000000000000002,0.0,0.0
438,NOMINAL_SRM,59.457271079591536,80.14001439976433,62.919820252985886,-62.290924514682395,9.584264298935471,-1.0,3.4964293343913084,-67.53904843287455,67.53825495162816,712,0.0,26.81847177805229,58.206714870681026,1.0000625960697425,11.564649179021,32.37830260342071
438,CAL_CURRENT_SRM,95.44678352882391,96.53061604004452,113.89604921010091,-113.7336692489964,15.562588626050484,-0.5055238502151556,0.9779045991393778,-0.8432111575670643,0.8287606433301796,0,0.0,0.4439138851057457,1.3610951167538587,1.0111745981547406,0.19685646835956422,0.5836415892784643
438,CAL_ZERO_COMP_ERROR_SRM,91.89381880476772,95.57460699196466,103.22819437639048,-101.39547940547239,14.972395150293641,-0.5052300696579665,0.9790797213681341,-1.7763544392648145,2.1968734025589542,0,0.0,0.6365788182762399,2.3318645032750283,1.0105904985026966,0.2598576548764433,0.5648563783694698
438,ORACLE_SRM,97.12834402598159,97.39159480337997,123.54690993389949,-127.37430671824441,15.8419176122893,0.0,0.0,0.0,0.0,0,0.0,4.348309318354037e-12,7.275957614183426e-12,1.0000000000000002,0.0,0.0
439,NOMINAL_SRM,58.187231409201715,78.49833317011873,63.0408771793013,-63.78754080784497,9.37329425402022,-1.0,1.4969863431754025,-54.940108339051775,54.93890287632197,684,0.0,30.143459386144663,55.22526076212307,1.0014437099387776,13.614642588881036,51.333913296373794
439,CAL_CURRENT_SRM,95.8875768980707,96.63362555379202,118.99713194281519,-119.41221573215785,15.63581011595859,-0.5043717097734035,0.9825131609063857,-0.8839093614099336,0.8751659418631266,0,0.0,0.4263577724593386,1.2568781613981628,1.0088131166613883,0.17844044334271233,0.48204034409637586
439,CAL_ZERO_COMP_ERROR_SRM,91.81302123559406,95.34998044339437,103.33209457150616,-105.57157160214464,14.958973627175094,-0.5069352254520485,1.465323872739757,-2.057724879835267,2.043854428931158,0,0.0,0.6515054350364426,2.3781590891048836,1.0140517501914783,0.3366521759245207,0.8577286950844041
439,ORACLE_SRM,97.09390828642171,97.47812652720457,123.01411814759496,-124.08002695116599,15.836197389771048,0.0,0.0,0.0,0.0,0,0.0,4.348309318354037e-12,7.275957614183426e-12,1.0000000000000002,0.0,0.0
440,NOMINAL_SRM,63.54292766364488,83.3415160032489,66.94402948300252,-66.6159999018527,10.262944794625398,-1.0,6.000106816413105,-34.82918529595812,34.829200555445745,127,1.52587890625e-05,15.691442520470835,35.648542568686025,1.00005705514068,6.731611221604513,20.63384650185253
440,CAL_CURRENT_SRM,95.55099459623551,96.95680520713279,110.83179491079038,-111.91524048078124,15.579899434590617,-0.5017395550401318,0.9930417798394726,-0.9487899410992766,0.9453108310190129,0,0.0,0.44016574693531796,1.3429592103748291,1.0034974852881435,0.1925314770974735,0.5033977340757261
440,CAL_ZERO_COMP_ERROR_SRM,91.07279313647246,94.64116631627013,104.24284667706297,-110.2060085647828,14.83601214891569,-0.5047608874782555,0.9809564500869778,-2.301187170018602,2.291665395062089,0,0.0,0.6802236911614863,2.274318042822415,1.009644324312597,0.3012379098984862,0.700052872969188
440,ORACLE_SRM,97.13773074423113,97.32397994784907,122.817103951111,-125.62433840446903,15.84347686781248,0.0,0.0,0.0,0.0,0,0.0,4.348309318354037e-12,7.275957614183426e-12,1.0000000000000002,0.0,0.0
441,NOMINAL_SRM,59.859364345652864,78.33103296037923,65.91707859690646,-63.73405586608875,9.651057200274563,-1.0,1.4967955565050204,-67.16342661824396,67.16214484084597,829,0.0,23.922817820568596,55.12829777886964,0.9998465998278332,10.505882662075871,30.971590449804353
441,CAL_CURRENT_SRM,95.35157727838082,96.55502709427763,113.32342539328636,-112.57596782865238,15.546773634282529,-0.5121921445356609,0.9512314218573565,-1.0012817773979952,0.9768974883266734,0,0.0,0.45202163276361224,1.322847777417337,1.0249851941075716,0.16281053649189675,0.5188765373186115
441,CAL_ZERO_COMP_ERROR_SRM,90.28292076568819,94.01977219214992,102.64711646396186,-103.64255667189377,14.704804113901693,-1.0,1.899794003204395,-2.57940032043946,2.5167162584878313,13,0.0,0.7670044418280424,2.7849368440593025,1.034528883286841,0.35574670092084854,0.8243860373445031
441,ORACLE_SRM,97.0925704664249,97.53727030566161,122.261608299781,-123.48902336956485,15.835975160535698,0.0,0.0,0.0,0.0,0,0.0,4.348309318354037e-12,7.275957614183426e-12,1.0000000000000002,0.0,0.0
442,NOMINAL_SRM,58.8737624598922,81.69224125312866,62.611229918356024,-60.06271957382378,9.487335956792725,-1.0,5.996475165941863,-61.66243991759847,61.66193636987568,283,0.0,30.18120010570046,59.38881683647287,0.9993175820856041,13.15898445889398,48.5077072573913
442,CAL_CURRENT_SRM,95.32187924853415,96.47032797169902,115.67794577632462,-114.18518681937113,15.541840406733247,-0.5061952574236275,0.9752189703054901,-0.9925229651783806,0.9801324503311257,0,0.0,0.4432131443365308,1.4543745320079324,1.0125538863266905,0.1891481123084256,0.5121108264358156
442,CAL_ZERO_COMP_ERROR_SRM,93.69059145128661,96.5208762151349,104.99448027422618,-103.06317518432878,15.270862367323357,-1.0,0.9789120317387654,-1.357640955214775,1.1842679484244998,2,0.0,0.5128840874927448,1.668165821745788,1.010649540638678,0.21855021857101697,0.5170124440599011
442,ORACLE_SRM,97.22079999071703,97.56872668992663,123.74744821890572,-124.22008734275084,15.857275745966284,0.0,0.0,0.0,0.0,0,0.0,4.348309318354037e-12,7.275957614183426e-12,1.0000000000000002,0.0,0.0
443,NOMINAL_SRM,62.67117513650666,79.52954948166676,71.3015314800876,-75.10827778076941,10.118135404735327,-1.0,2.0013281428898555,-41.78844363025652,41.788886344553134,1046,0.0177001953125,18.257030877539613,44.018855064765376,0.9994327680178122,8.20827942165048,22.593175584974233
443,CAL_CURRENT_SRM,95.55639611625423,96.65218021503347,116.1231459863326,-115.00559902154876,15.580796697052198,-0.5033493553063249,0.9866025787747006,-1.2134584573128864,1.2067597467002364,0,0.0,0.445231029597445,1.3774011588457142,1.006759228009916,0.178542273877013,0.476273038965342
443,CAL_ZERO_COMP_ERROR_SRM,92.08686443700054,95.10873629398111,99.81808287725228,-99.12831673208089,15.004462531063213,-0.5062333104448005,1.4688334477759977,-1.6561226825360496,1.5612878614480812,0,0.0,0.6060849367517388,2.077758247811289,1.0126279981395763,0.264678231766891,0.6641468063875742
443,ORACLE_SRM,97.12880742186604,97.60681624574751,122.37419286903359,-122.87033661580723,15.841994588349841,0.0,0.0,0.0,0.0,0,0.0,4.348309318354037e-12,7.275957614183426e-12,1.0000000000000002,0.0,0.0
444,NOMINAL_SRM,60.53157808534586,81.00370629923573,66.33285052778979,-65.66352456987077,9.7627206121837,-1.0,3.502473357965129,-59.343903630645116,59.3444532657485,1310,0.0201416015625,24.18571556806054,55.20085135781301,0.999738191011944,10.099813535080848,27.974118450198148
444,CAL_CURRENT_SRM,95.85439901225344,96.66805460872553,117.21735329966606,-114.47294567370582,15.630298839244757,-0.5151219214453566,0.9395123142185735,-1.0030823694570756,0.9611499374370556,0,0.0,0.42824920316806864,1.264140933071758,1.0311769782821532,0.17254770900454572,0.4965361459271449
444,CAL_ZERO_COMP_ERROR_SRM,92.70814657810203,95.75725672541951,104.46748455586487,-103.45905418403981,15.107665544535221,-0.5170977340352483,0.9316090638590067,-1.4042114900434772,1.370016021972985,0,0.0,0.5904084660547523,1.9283192093371326,1.035411583844771,0.26390835699527904,0.6319653625164392
444,ORACLE_SRM,97.09032013457717,97.42047718433301,123.22685179578272,-125.44597346818158,15.835601351258667,0.0,0.0,0.0,0.0,0,0.0,4.348309318354037e-12,7.275957614183426e-12,1.0000000000000002,0.0,0.0
445,NOMINAL_SRM,61.247471010186715,81.1080553365085,68.94753438331249,-67.37142197610824,9.881639702688824,-1.0,3.0041548284605746,-50.7872330675452,50.788271774660345,1374,0.0284423828125,21.920336701734726,46.635187504019996,0.9992105802475678,9.727111089365453,29.906420200413777
445,CAL_CURRENT_SRM,95.41408566529746,96.45936227521142,113.81117038086208,-111.1100496888529,15.557157087258716,-0.5114671549553673,0.9541313801785307,-1.2631723506523234,1.2402380407415885,0,0.0,0.4428221431772955,1.33542120587299,1.0234878825800793,0.1934377559992762,0.5069928324181845
445,CAL_ZERO_COMP_ERROR_SRM,93.15652032356589,94.77017053328592,109.33371892021657,-111.44676002027867,15.18214623315048,-0.5170635314223806,1.8976188114657164,-1.2407281660804614,1.6212834461237973,0,0.0,0.5488459761512771,1.963426207723387,1.0353355927458352,0.29526909902988646,0.8861726354205288
445,ORACLE_SRM,96.98441121534493,97.28861764286137,123.55391204130241,-128.38123282160447,15.818008507532381,0.0,0.0,0.0,0.0,0,0.0,4.348309318354037e-12,7.275957614183426e-12,1.0000000000000002,0.0,0.0
446,NOMINAL_SRM,68.00983739973388,79.07522457899684,77.26391940900622,-75.44030651718289,11.004956378693336,-1.0,3.0,-27.5,27.5,2051,0.0,10.214735652309573,28.008911457989143,0.9999976818874787,6.5805923454306035,18.092501427010575
446,CAL_CURRENT_SRM,94.87755232870414,96.48676408694458,110.84605903753145,-110.85178152222733,15.468031948289724,-1.0,0.9644154179509874,-0.8888210699789423,0.8710287789544359,1,0.0,0.4694918352048248,1.4161045920700417,1.0181153890544192,0.18075679515893686,0.5626260918290953
446,CAL_ZERO_COMP_ERROR_SRM,92.48835566628065,95.27412627085607,105.8458238493756,-111.84655335661715,15.071155426292467,-1.0,0.9594415197985808,-1.8311284046692868,1.8108491645685758,1,0.0,0.5694678764552977,1.945273624291076,1.0206785557001556,0.23738408333773067,0.6446806809802297
446,ORACLE_SRM,97.12506824760133,97.36024380556232,124.53194715937185,-122.27124074569666,15.8413734630567,0.0,0.0,0.0,0.0,0,0.0,4.348309318354037e-12,7.275957614183426e-12,1.0000000000000002,0.0,0.0
447,NOMINAL_SRM,64.41241034533299,83.62403340510969,71.27677682999607,-76.62595336859201,10.407377133776246,-1.0,3.0038490323960225,-33.18314979150989,33.18411204960886,297,0.02734375,15.43242484275645,36.471843420094956,0.9988870216206722,8.303800709554638,23.06958203760496
447,CAL_CURRENT_SRM,95.278670666019,96.82565068976815,110.19382765798414,-108.29580786086541,15.534662901332059,-0.5063936277352215,0.9744254890591144,-1.2066408276619833,1.1938535721915389,0,0.0,0.4576699873774331,1.4759894314538542,1.0129693263055013,0.1905065923870299,0.46559086402870165
447,CAL_ZERO_COMP_ERROR_SRM,92.34086236671855,95.23773470681908,105.85957411161388,-103.38210125041819,15.04665487819245,-0.5091708120975371,0.9633167516098515,-1.7230140079958496,1.7046723838007753,0,0.0,0.5837766557971147,2.0859621425697696,1.0186916540080775,0.3220101962813029,0.6488207396687038
447,ORACLE_SRM,97.15238825121988,97.43992654731194,122.67777890531319,-121.75704042073691,15.845911669637854,0.0,0.0,0.0,0.0,0,0.0,4.348309318354037e-12,7.275957614183426e-12,1.0000000000000002,0.0,0.0
448,NOMINAL_SRM,58.893185113830896,80.62973903184812,62.66328663687703,-60.780296105729626,9.490562311267592,-1.0,6.00309900007633,-70.82668498587863,70.8271277001753,1156,0.017822265625,29.503144033028335,64.97822953482682,1.0007763030649652,12.75774880003628,42.92321649141013
448,CAL_CURRENT_SRM,95.20979717270149,96.51335469426101,111.96068464578714,-121.33153963582622,15.52322212171121,-0.5070650349436934,0.4788048951689201,-1.4312265388958445,1.4170964690084573,0,0.0,0.44909381771839546,1.5361673453762705,1.014349725155828,0.17093596926237764,0.4477003441132297
448,CAL_ZERO_COMP_ERROR_SRM,93.30700205581266,95.88706868672837,103.54761222418693,-101.73046640559645,15.207143198639978,-0.5100901052117587,1.4495494739412065,-1.7229169368805723,1.2128268316688153,0,0.0,0.5303113621410315,1.8732076163669262,1.020601090155768,0.25020023600699215,0.5861634545840744
448,ORACLE_SRM,97.11617178050145,97.40418698272244,123.10009990854596,-127.55280984000137,15.839895644601569,0.0,0.0,0.0,0.0,0,0.0,4.348309318354037e-12,7.275957614183426e-12,1.0000000000000002,0.0,0.0
449,NOMINAL_SRM,56.16284372336844,79.04031230395867,60.72925054775617,-57.83635415392723,9.037017229795422,-1.0,6.99755851924192,-82.56877346110416,82.5684682760094,815,0.0,41.605741206399514,82.8359931245179,1.0015761518343842,18.027604641072372,61.72236623871504
449,CAL_CURRENT_SRM,95.14770535478203,96.35444354959212,113.46193585288873,-113.38164094634051,15.512907866242863,-1.0,0.9534599832150759,-0.8654154268711378,0.838406958113985,1,0.0,0.45498451610177165,1.3783740108601705,1.0238228554192643,0.2275553653662522,0.6065857967860779
449,CAL_ZERO_COMP_ERROR_SRM,93.26430415432245,95.41759450600938,108.10989956089264,-104.96303325677486,15.200050523973829,-1.0,0.9506523231860837,-1.7751430533302233,1.7504692149232783,4,0.0,0.5473628011365536,1.8935783648221332,1.025317282820356,0.2845115099177345,0.6324660335758381
449,ORACLE_SRM,97.13119297528407,97.48299536819728,122.42271903226822,-124.0702360201147,15.842390859681739,0.0,0.0,0.0,0.0,0,0.0,4.348309318354037e-12,7.275957614183426e-12,1.0000000000000002,0.0,0.0
450,NOMINAL_SRM,58.08344168137243,76.80663493544264,63.609227674566185,-62.00835595435275,9.356053435443926,-1.0,1.5011067857415465,-66.70328982520462,66.7037325395012,1267,0.017822265625,28.257293710500996,65.88535762384936,0.9992934265554673,11.827449571932252,35.52109996245781
450,CAL_CURRENT_SRM,95.28529857721571,96.32023294511741,114.24632469969751,-111.58572982419712,15.535763883258424,-0.5049745170445876,0.9801019318216497,-1.0586718344676045,1.04872280037843,0,0.0,0.4453773922510532,1.323926577813836,1.010059898647682,0.19858418320147514,0.5409109377960988
450,CAL_ZERO_COMP_ERROR_SRM,91.57237306657387,94.77226611247865,105.93904026187431,-104.22796588501723,14.918998848268085,-0.5055391094698936,0.977843562120426,-2.7857905819879982,2.7747123630482107,0,0.0,0.6356814630205668,2.3492195769104,1.0112479936299759,0.25761358830115716,0.578842978418237
450,ORACLE_SRM,97.1400160542082,97.47767254694993,123.1428459603543,-126.04956013912991,15.843856487410001,0.0,0.0,0.0,0.0,0,0.0,4.348309318354037e-12,7.275957614183426e-12,1.0000000000000002,0.0,0.0
451,NOMINAL_SRM,58.243434757349576,77.64062880666509,65.60097667308935,-61.30522242839991,9.382630358363718,-1.0,2.994445716029603,-70.77261005569166,70.77122148469907,507,0.0,25.979511287355844,56.521603920020425,1.000082317861788,12.32602142863167,36.11467180738509
451,CAL_CURRENT_SRM,95.24869821287199,96.46967800065171,113.01861907753448,-116.0634829029609,15.529684088516941,-0.5035477225909819,0.9858091096360724,-0.9823758297093157,0.9752803845273518,0,0.0,0.45097641724137394,1.5234482263504106,1.0071539883712153,0.19400212164109193,0.545071771847585
451,CAL_ZERO_COMP_ERROR_SRM,92.68599195516518,95.11660203746328,112.03349771892832,-108.93322155195888,15.103985374612156,-0.5042648966201266,0.9829404135194935,-1.7208056763561457,1.7122758831158924,0,0.0,0.5739596262396852,1.9621283537526324,1.0086114561020827,0.22000185697867067,0.591753264637287
451,ORACLE_SRM,97.0891481138892,97.29298818609084,123.47651021640308,-125.44722832321145,15.835406663436743,0.0,0.0,0.0,0.0,0,0.0,4.348309318354037e-12,7.275957614183426e-12,1.0000000000000002,0.0,0.0
452,NOMINAL_SRM,59.3778798993724,81.02268772871419,65.72116438579751,-63.112909861669905,9.571076395244587,-1.0,3.500068667694139,-51.86089451116682,51.86090977065435,734,1.52587890625e-05,23.876971565524066,45.807281584908196,0.9993214106937677,10.151381181493923,37.61245303031865
452,CAL_CURRENT_SRM,95.14273868228246,96.31449171319538,113.37273296396819,-121.18381343379738,15.512082837588448,-0.5049057755397879,0.9803768978408485,-1.2005645838101777,1.190753032730602,0,0.0,0.46129165249171455,1.510720736141593,1.0099212862896116,0.20384900246161433,0.5903233239845278
452,CAL_ZERO_COMP_ERROR_SRM,93.24920201496703,95.73423518070945,111.16201843170316,-110.37265006851288,15.197541862951333,-0.50258640421149,0.9896543831540396,-1.6869306477454353,1.681757839322484,0,0.0,0.5509714141733949,1.883040044411132,1.005218684765672,0.20597104962865678,0.43978102807921715
452,ORACLE_SRM,97.15572323964325,97.50303064186886,124.32738556663237,-124.70496940451243,15.84646565442579,0.0,0.0,0.0,0.0,0,0.0,4.348309318354037e-12,7.275957614183426e-12,1.0000000000000002,0.0,0.0
453,NOMINAL_SRM,59.557821024037416,76.11201198779554,67.7568333531811,-66.83015249669567,9.600966947514522,-1.0,1.501202244189153,-79.07614213198995,79.57686347850375,1254,0.018798828125,26.181204312715632,55.6335191297112,1.000769083256474,12.712952200151065,46.393477071702364
453,CAL_CURRENT_SRM,95.2201550703891,96.4663736757823,112.27506273613905,-113.2527221941478,15.524942702722441,-0.5085947096567456,0.9656211613730175,-0.6060014190998629,1.0802172901296265,0,0.0,0.44928829555703603,1.3775768726554816,1.0174891896327551,0.17486965979770117,0.5494807493897582
453,CAL_ZERO_COMP_ERROR_SRM,93.84045564452265,95.86352625384356,107.80449905664437,-105.50032050532336,15.295756751581836,-1.0,1.4677455042077718,-1.0494174735059163,1.5300647760305794,2,0.0,0.5117690658189815,1.8228011010069167,1.0130734597270203,0.25676121104639194,0.5244572062930501
453,ORACLE_SRM,97.26621557721671,97.61740088344958,123.95563692898817,-126.92404586653294,15.864819863325035,0.0,0.0,0.0,0.0,0,0.0,4.348309318354037e-12,7.275957614183426e-12,1.0000000000000002,0.0,0.0
454,NOMINAL_SRM,61.796061070541775,77.67112514722716,67.75274949296922,-66.79643790010415,9.972767619691325,-1.0,2.9963988708323797,-47.12327763789612,47.122377355604186,1864,0.0,21.307461385915563,48.572122302287426,1.0007131267947627,9.682883760549457,32.66252289462773
454,CAL_CURRENT_SRM,95.19860730857205,96.23943875398568,113.96017125122225,-113.67298680735979,15.52136334029436,-0.5151219214453566,0.9395123142185735,-1.1424298837244788,1.1121860408337656,0,0.0,0.4451358160855572,1.38715061374387,1.031198732439513,0.21182368693435266,0.59080984662004
454,CAL_ZERO_COMP_ERROR_SRM,92.93456266651333,94.89668575137958,108.16163198115703,-107.20661442017985,15.14527619045072,-0.5173418783855955,1.4132906080720224,-1.4354161898222317,1.4007324330510407,0,0.0,0.5474617149392954,1.8803553819343506,1.035938255378766,0.3481124398151068,0.7424181753189103
454,ORACLE_SRM,97.14983849129956,97.49881114631917,121.81059294483634,-126.24428146244695,15.845488121478333,0.0,0.0,0.0,0.0,0,0.0,4.348309318354037e-12,7.275957614183426e-12,1.0000000000000002,0.0,0.0
455,NOMINAL_SRM,59.95619503100278,80.11309624115168,66.35714221840568,-63.26491052041514,9.667142031728037,-1.0,1.500267065484457,-65.28821707082263,65.28832389701638,896,0.00732421875,23.600644776785494,51.652811469279186,1.0012623023174179,11.63379701945986,38.42806742815446
455,CAL_CURRENT_SRM,95.6841286297234,96.63517481830485,115.50504431318794,-113.90360965678394,15.602014722545416,-0.5069504844739452,0.9721980621042192,-0.8411993591210803,0.82729839017319,0,0.0,0.43535113725787433,1.3025738216119862,1.0140974234562228,0.17829864407085752,0.4959791611612978
455,CAL_ZERO_COMP_ERROR_SRM,91.70387149098987,95.37773118370396,105.39295333739267,-105.85844094237663,14.940842440363765,-1.0,0.9811703669794767,-2.0332341496910047,1.9071488517586024,1,0.0,0.6252270305610648,1.9852989904720744,1.0095205532080649,0.2342438530516444,0.4636685106436289
455,ORACLE_SRM,97.10370371828056,97.45240422797507,123.67562236827325,-123.67574882323589,15.837824537920358,0.0,0.0,0.0,0.0,0,0.0,4.348309318354037e-12,7.275957614183426e-12,1.0000000000000002,0.0,0.0
456,NOMINAL_SRM,57.27374688145965,78.44604967796187,60.894592384979205,-58.94172707620964,9.221552638116222,-1.0,2.501549500038165,-82.31415922450742,82.31460193880407,798,0.01806640625,35.7295708041886,71.09594675424054,1.0013393825703816,16.020633757788417,52.367347434395924
456,CAL_CURRENT_SRM,94.85300252944795,95.8635643623447,112.44884699728868,-111.10086082050309,15.463953908546172,-0.5152134769737846,0.9391460921048616,-1.0024719992675557,0.9720450453199866,0,0.0,0.4667047884849186,1.4566606866901566,1.0313857855785515,0.21327751857713517,0.6227272413612539
456,CAL_ZERO_COMP_ERROR_SRM,93.06707566424889,95.59858044399584,107.02272933537792,-106.74534155210779,15.167288316320414,-1.0,0.9564806054872279,-1.508041627246927,1.4862819299905412,1,0.0,0.5615170997099442,1.9430609599839954,1.0222531465643712,0.2725495820475937,0.6318214807861864
456,ORACLE_SRM,97.18409679373629,97.58962869965663,122.32849317320238,-122.78687107730258,15.85117886939141,0.0,0.0,0.0,0.0,0,0.0,4.348309318354037e-12,7.275957614183426e-12,1.0000000000000002,0.0,0.0
457,NOMINAL_SRM,56.31902364115558,74.95239964223701,60.79362830291558,-60.32701767632861,9.062960737733487,-1.0,2.50577751964051,-99.74309907377341,99.7447497936707,1725,0.035888671875,37.6863875741521,81.56661975047427,0.9996401120791345,16.910769191113037,57.038907209751414
457,CAL_CURRENT_SRM,95.86708803668101,96.6371612154488,117.51556644703297,-121.11279127722773,15.632406650611465,-0.5046082949308756,0.9815668202764978,-0.8410138248847921,0.8317972350230413,0,0.0,0.4252334683610766,1.3560777804395912,1.0093047475562702,0.15918239662486514,0.45768485734033604
457,CAL_ZERO_COMP_ERROR_SRM,91.92453088594507,95.36545494988118,103.60417899559306,-100.42427000755454,14.97749682490782,-1.0,0.986327707754753,-1.830164494766032,1.7256996368297102,1,0.0,0.6042244844314139,1.9464613366362755,1.0068682629382018,0.21062943504829545,0.49100421288312646
457,ORACLE_SRM,97.18636031146984,97.58606991803157,122.26908113134837,-124.35790390433866,15.851554869014924,0.0,0.0,0.0,0.0,0,0.0,4.348309318354037e-12,7.275957614183426e-12,1.0000000000000002,0.0,0.0
458,NOMINAL_SRM,60.26977649446686,79.93629905983892,63.86294544890816,-63.239499395513114,9.71923197582506,-1.0,6.002350714372939,-53.15994016363876,53.16027597997774,1341,0.015380859375,24.362380463345843,50.25538286096162,0.9994129364098631,10.326261431008572,29.13629651590236
458,CAL_CURRENT_SRM,95.96416802341486,96.87746657027736,115.71337583764036,-114.65808341287874,15.64853289425496,-0.5096438489944151,0.9614246040223395,-0.8196508682515944,0.8003631702627643,0,0.0,0.4229916133539448,1.3042937397076457,1.0196686804928838,0.15357298591227442,0.4120322241183558
458,CAL_ZERO_COMP_ERROR_SRM,93.89739769468804,96.56826124872367,107.85819894343162,-106.91543685143465,15.305215563901667,-0.5081179235206152,0.9675283059175388,-1.633945738090094,1.5196539201025343,0,0.0,0.5172165531531856,1.6785123408772051,1.0165268661146356,0.20506568180045445,0.43598895839949137
458,ORACLE_SRM,97.18821798452925,97.44223484198139,123.08181802946172,-124.94108687801031,15.85186345257961,0.0,0.0,0.0,0.0,0,0.0,4.348309318354037e-12,7.275957614183426e-12,1.0000000000000002,0.0,0.0
459,NOMINAL_SRM,66.10739133146248,86.13351437967764,72.01046678695663,-69.50949129845144,10.688935437120014,-1.0,2.5023515040464193,-21.73133302794404,21.732004886243022,382,0.022705078125,11.289434810017706,30.54601731820003,0.9990678411313495,6.893177791749557,20.231482338222122
459,CAL_CURRENT_SRM,95.42743142575355,96.36183726368918,117.83556017406086,-119.82263963983993,15.559373990988963,-0.5107577745902889,0.9569689016388441,-0.8038880581072413,0.7823725089266633,0,0.0,0.4458035984054869,1.3418858894256118,1.0219897228413573,0.2029684512891846,0.5933041704046289
459,CAL_ZERO_COMP_ERROR_SRM,94.67844043404016,95.90974299622432,113.3942695478427,-115.00189536720637,15.434956882730923,-0.5089114047669911,0.9643543809320354,-1.1249732963042085,1.1071504867702262,0,0.0,0.47054242289071285,1.4824889238443575,1.0181412805144963,0.21914002874380759,0.5370183291319677
459,ORACLE_SRM,97.00986408355901,97.41911455463591,122.71737184424208,-124.24491969688486,15.822236558730733,0.0,0.0,0.0,0.0,0,0.0,4.348309318354037e-12,7.275957614183426e-12,1.0000000000000002,0.0,0.0
460,NOMINAL_SRM,55.27059822307221,77.06246373455417,59.977949189509935,-57.57900884695605,8.888803691540236,-1.0,2.005227759095078,-104.85944665239988,104.86118923876491,1149,0.036865234375,43.824363134277114,78.54460814813865,0.999616057516878,18.320688525587823,65.9773471154258
460,CAL_CURRENT_SRM,93.9746229029116,95.74172725396564,108.36193218246069,-106.83185743037001,15.318043671580002,-1.0,0.9323414969100483,-1.099473563744564,1.0656443121995882,2,0.0,0.5044781464770353,1.6016194922667637,1.0350153765561094,0.24211673771910297,0.6989740104650366
460,CAL_ZERO_COMP_ERROR_SRM,90.74315271194139,94.27653457134055,98.99862701967112,-97.03348610456817,14.781254603312524,-1.0,1.417123805018731,-2.0564893300474902,2.440462657073743,21,0.0,0.6971940665310002,2.396760751154943,1.0343164070264843,0.3588329986622908,0.6849345201095787
460,ORACLE_SRM,97.23187589855833,97.47671202300312,123.52520346338585,-122.96793515871057,15.859115597767165,0.0,0.0,0.0,0.0,0,0.0,4.348309318354037e-12,7.275957614183426e-12,1.0000000000000002,0.0,0.0
461,NOMINAL_SRM,61.12645002501605,81.90771191565732,64.16738507202004,-63.78422958452214,9.861536549005988,-1.0,5.995086519974365,-42.460097048860135,42.45939512314219,586,0.0,21.113402350026707,42.997803926056804,1.0007361641037782,9.355123384211955,28.17821457086211
461,CAL_CURRENT_SRM,95.54935961358171,96.58550075571512,113.95915878927184,-113.50658740683771,15.57962784278766,-0.5056459242530594,0.9774163029877623,-1.1082186346018867,1.0969267860957677,0,0.0,0.4426028445291843,1.4073015425583435,1.0114311591325627,0.21056855886093243,0.5304625500014843
461,CAL_ZERO_COMP_ERROR_SRM,91.74754119568749,95.48168748667692,103.42622310247694,-104.43412719070074,14.948096544134135,-0.5072481460005493,0.9710074159978026,-1.9054841761528367,1.890987884151738,0,0.0,0.6070936871252561,1.8692699810599152,1.0147281115781706,0.2277144360087902,0.635956467150212
461,ORACLE_SRM,97.1055956278871,97.59512816565,122.85906705049429,-131.44622832422309,15.838138808619119,0.0,0.0,0.0,0.0,0,0.0,4.348309318354037e-12,7.275957614183426e-12,1.0000000000000002,0.0,0.0
462,NOMINAL_SRM,60.10045970076162,77.89718469323256,69.7572042828356,-67.40569143586039,9.691106262584988,-1.0,1.4979400006103702,-62.65257728812525,62.6517532883694,682,0.0,24.56404786330209,50.50760236368251,0.9993650110520704,9.74641972861224,25.59434331632383
462,CAL_CURRENT_SRM,66.78759451417724,96.54662594508041,78.01042039468462,-73.30473070881962,10.801925999032765,-0.49886825926039213,1.0045269629584315,-0.964441929465023,0.9667054109442388,0,0.04248046875,2.0944089235432353,73.74247519243363,0.9977495255388156,0.18067532014471982,0.44661476261643074
462,CAL_ZERO_COMP_ERROR_SRM,52.41302954264644,95.40084422039345,60.463093839470226,-55.971985280913856,8.414124508745257,-0.49562848259089376,0.5131145522273188,-1.1079333805375116,1.116676415355724,0,0.083740234375,15.14966015185983,280.16542184806167,0.9914500305057381,0.16839438455613556,0.3462321342485666
462,ORACLE_SRM,97.12333074290264,97.49003315603778,121.68874150815348,-125.44500395664514,15.841084841013728,0.0,0.0,0.0,0.0,0,0.0,4.348309318354037e-12,7.275957614183426e-12,1.0000000000000002,0.0,0.0
463,NOMINAL_SRM,60.773448453329124,82.95148237877893,64.31694371685735,-61.7248686075035,9.802898414174274,-1.0,1.49969481490524,-44.50036622211371,44.50024414807581,898,0.0,24.063347259163283,37.879488652049986,0.9995788665924815,10.094661814505725,39.921094373072265
463,CAL_CURRENT_SRM,94.58406076529577,95.98580584904995,109.43048730143033,-107.61362817233548,15.419279196892987,-1.0,1.423798515263186,-0.7901302387328617,1.2444093478907734,3,0.0,0.47868812055918153,1.503971175488914,1.0314412660564534,0.23132078464800246,0.6456619013509197
463,CAL_ZERO_COMP_ERROR_SRM,93.59948196876573,95.83941124015602,108.44255829126801,-106.02620890685611,15.255727901788328,-1.0,0.9595324564348275,-1.5181737723929563,1.356303598132268,4,0.0,0.5267549628362028,1.6891127919807332,1.0206391018815686,0.2416791980017681,0.7207263671348301
463,ORACLE_SRM,97.01562679831694,97.2588459887788,123.49032026215895,-123.15605395885544,15.82319382031843,0.0,0.0,0.0,0.0,0,0.0,4.348309318354037e-12,7.275957614183426e-12,1.0000000000000002,0.0,0.0
464,NOMINAL_SRM,56.26557897758037,79.93038522394501,58.95505403601051,-58.44330622148156,9.054082886641257,-1.0,5.002747923790913,-84.60081827063577,84.18943881289309,640,0.0181884765625,38.5276487639561,80.80778315457974,1.0003864075509663,15.786302546241386,44.622536603368644
464,CAL_CURRENT_SRM,95.4252507734214,96.95099318219093,112.02042953771308,-111.8257878220059,15.559011756382292,-0.5027008880886257,0.9891964476454971,-1.118533890804772,1.113132114627521,0,0.0,0.44426694221650426,1.3827544182131533,1.0054445131287242,0.1738072893919111,0.4835954329179799
464,CAL_ZERO_COMP_ERROR_SRM,94.26270255335872,95.68190687293772,112.6621783357099,-110.8371562627781,15.365897434112744,-0.5057412507915677,0.9770349968337289,-1.2638228719224236,1.6468348732347002,0,0.0,0.4977156441958315,1.6949534913728712,1.011630478132753,0.27545183015917757,0.6814916759148986
464,ORACLE_SRM,97.19516632869075,97.51378646741217,123.13846450620865,-123.57569304793387,15.853017662573214,0.0,0.0,0.0,0.0,0,0.0,4.348309318354037e-12,7.275957614183426e-12,1.0000000000000002,0.0,0.0
465,NOMINAL_SRM,55.028173804876886,75.73070692184882,58.648303179793174,-56.88312687435513,8.848533854630713,-1.0,2.003116121345431,-111.90559985335948,111.83704518375993,1051,0.0283203125,45.773875106618696,93.3846628126912,1.0014379373504803,20.493091093571014,64.8542134810923
465,CAL_CURRENT_SRM,95.65713771864678,96.8990980218417,110.60244106039778,-109.24408680031247,15.597531182499466,-0.5036317026276436,0.9854731894894255,-0.8765221106601155,0.8619953001495408,0,0.0,0.430901218378296,1.2683959494934243,1.0073230278774217,0.1882618031773914,0.4775489034610132
465,CAL_ZERO_COMP_ERROR_SRM,91.01010625067076,94.91653096277457,97.917373005915,-96.56219009957553,14.82559904496192,-1.0,0.968138676107059,-1.9159520249031037,1.9000213629566332,1,0.0,0.6886758782050538,2.322971995068656,1.0161904911114727,0.4022882861935658,0.9087416437042748
465,ORACLE_SRM,97.10833313535568,97.50826219532766,123.52488242319913,-126.88668417899973,15.838593544079016,0.0,0.0,0.0,0.0,0,0.0,4.348309318354037e-12,7.275957614183426e-12,1.0000000000000002,0.0,0.0
466,NOMINAL_SRM,51.586888036536635,72.3886930391108,57.00541610762029,-54.971325677012295,8.276891700421368,-1.0,1.502711455325909,-137.3494798588574,137.35056444098774,1694,0.029052734375,67.26804904585319,144.76868941650173,0.9985280271878795,28.03569503791216,86.95935579516663
466,CAL_CURRENT_SRM,95.18287947881248,96.26834911450425,111.09328177438067,-107.67967573799359,15.518750743988784,-0.5027847714961471,0.9888609140154117,-0.9586480506599527,0.9530785076676586,0,0.0,0.4550559206992571,1.4682896095864635,1.0056017145331,0.19624706395232613,0.5069788194611498
466,CAL_ZERO_COMP_ERROR_SRM,91.85400426412141,95.46112934763892,103.31446369873987,-106.5089122397238,14.965781439222827,-0.5025253681239032,0.989898527504387,-1.978637369344625,1.9735866330968186,0,0.0,0.6465528347213171,2.3216421699744387,1.0050869081405036,0.25660637784440354,0.5036463007181737
466,ORACLE_SRM,97.16403678434816,97.4693202652992,124.06376981740164,-126.36828089545733,15.847846641918299,0.0,0.0,0.0,0.0,0,0.0,4.348309318354037e-12,7.275957614183426e-12,1.0000000000000002,0.0,0.0
467,NOMINAL_SRM,60.262464063856164,81.44683281186757,63.94274081941493,-62.58525015346624,9.718017286354845,-1.0,1.5018324527379896,-57.374522798769085,57.37525577986413,628,0.023681640625,23.22986807524363,45.5310397801768,1.0004823616829603,10.469071431639689,29.99809942009415
467,CAL_CURRENT_SRM,95.29319181729078,96.22324031695358,111.8084804375546,-111.1198355063284,15.53707505270611,-0.5064774547951476,0.9740901808194096,-0.9360494392309453,0.9230945296406501,0,0.0,0.4495542819259091,1.3125113671085273,1.0131180857768691,0.22230551602296753,0.6712419317330038
467,CAL_ZERO_COMP_ERROR_SRM,90.19134744451357,95.49755404296874,97.07014273818642,-95.81383386810782,14.689592598756407,-0.5044404431287576,0.9822382274849697,-2.0720236823633518,2.063142796105839,0,0.0,0.7365805619383371,2.400006606561874,1.0089736271325176,0.32135778804384985,0.76298297609992
467,ORACLE_SRM,97.08607139812455,97.3515312048997,122.65677831286769,-123.92765620306372,15.834895581083812,0.0,0.0,0.0,0.0,0,0.0,4.348309318354037e-12,7.275957614183426e-12,1.0000000000000002,0.0,0.0
468,NOMINAL_SRM,56.91714799500445,76.47510995685624,63.722798798673765,-61.56319850675096,9.16231694269177,-1.0,6.997985793742228,-57.32561475253869,57.82523708886537,1941,0.0,31.12091311298313,57.482182635234494,1.0005040292354033,13.043039904853922,47.5408693374884
468,CAL_CURRENT_SRM,93.72295918817407,96.16785647690166,104.3350489336187,-106.09271991684118,15.276239067803003,-0.5138096255378888,0.9447614978484451,-1.4224982451857149,1.3948789941099389,0,0.0,0.5286828706539027,1.7897775011679187,1.0283929221798087,0.24872683865669062,0.5271592611913931
468,CAL_ZERO_COMP_ERROR_SRM,92.90427426568431,95.80458750740488,105.25250211019126,-101.28827737039508,15.140244894631945,-0.5138554033021028,0.9445783867915889,-1.4845118564409312,1.4568010498367259,0,0.0,0.5421886322548711,1.8081593189453997,1.0284906451723608,0.2999661900425757,0.593310729535915
468,ORACLE_SRM,97.10347383279827,97.48737457487174,123.5127527682989,-124.25392441807676,15.83778635096317,0.0,0.0,0.0,0.0,0,0.0,4.348309318354037e-12,7.275957614183426e-12,1.0000000000000002,0.0,0.0
469,NOMINAL_SRM,57.911316271085134,78.68167920138592,63.519324936505306,-61.35493002107283,9.327461174598861,-1.0,1.4967192602313304,-63.51405377361373,63.512741477706285,395,0.0,27.166996664891446,56.51739389738759,1.000347832835687,12.154331378809536,35.515084162811036
469,CAL_CURRENT_SRM,95.41184976590912,96.32627789617933,120.00001706109592,-119.82792891847537,15.556785675400187,-0.5090257114518959,0.9638971541924162,-1.0500801098649577,1.032028686961166,0,0.0,0.4483632072321512,1.3438162379679852,1.0183712690945612,0.20120355676066567,0.6533374112527213
469,CAL_ZERO_COMP_ERROR_SRM,94.50127064164434,96.38289827018637,109.64583787290667,-106.68656462528374,15.405526684658529,-0.5056611835077974,0.9773552659688103,-1.1271095919675258,0.996368297372357,0,0.0,0.48899213364018224,1.6164646626566537,1.0114531661477413,0.21460700326583565,0.4319172756292531
469,ORACLE_SRM,97.09902828800648,97.31343898760304,122.61025022790275,-125.84479841338614,15.837047888373169,0.0,0.0,0.0,0.0,0,0.0,4.348309318354037e-12,7.275957614183426e-12,1.0000000000000002,0.0,0.0
470,NOMINAL_SRM,62.588975033447255,78.61245204309847,70.45577312604402,-68.88134870391228,10.10448090256599,-1.0,2.003529034327879,-42.81606245321273,42.81723879798871,1514,0.0302734375,17.291240784013258,40.583782306465764,0.9991446782447064,7.1975670440742325,22.249027421918072
470,CAL_CURRENT_SRM,85.16040253672166,96.34217623901166,98.80775433656498,-94.92340989201591,13.853887464571704,-0.49979391515410565,1.0008243393835774,-0.9786587692918318,0.97907093898362,0,0.0174560546875,0.46433012473021235,13.750406699124142,0.9995804135935812,0.17879786627114064,0.4918412654464852
470,CAL_ZERO_COMP_ERROR_SRM,94.14748992753267,95.92147711430641,105.2330262890189,-102.86628038679511,15.346759124174863,-0.5018692301823453,0.9925230792706188,-1.3537804226749066,1.350041962310216,0,0.0,0.5040038826266056,1.6969829868830857,1.003763857555118,0.2948650623004235,0.6496053237977435
470,ORACLE_SRM,97.11074702519016,97.39402439046353,123.52175446894509,-125.9691213427279,15.838994522456838,0.0,0.0,0.0,0.0,0,0.0,4.348309318354037e-12,7.275957614183426e-12,1.0000000000000002,0.0,0.0
471,NOMINAL_SRM,61.775919143000664,79.34828561159983,66.18285794985997,-65.70461542002106,9.969421784551606,-1.0,2.9992065308613713,-42.54171053635179,42.54151216906711,644,0.0,20.57483094971823,51.041938366077375,1.0003986179694266,8.997926776514444,26.907753966517703
471,CAL_CURRENT_SRM,95.5119821519297,96.4710500714254,111.00245511293369,-123.7625169187587,15.573418962114568,-0.5108262760357061,0.9566948958571757,-0.9859922178988327,0.9643396658274206,0,0.0,0.44151375827808365,1.5370700898092764,1.0221260404024173,0.19466496852460685,0.4683504838469048
471,CAL_ZERO_COMP_ERROR_SRM,92.11150839965286,95.21482003235116,105.66319655447941,-107.48890004803869,15.008556212566921,-0.5132755516220588,0.9468977935117646,-2.1741386150700395,2.1475875118259222,0,0.0,0.611611888335886,2.084501458946761,1.0272988283828166,0.23630213596917007,0.6339279769856603
471,ORACLE_SRM,97.1652532511261,97.54668273572636,123.1870593785244,-127.5132774071879,15.848048712811645,0.0,0.0,0.0,0.0,0,0.0,4.348309318354037e-12,7.275957614183426e-12,1.0000000000000002,0.0,0.0
472,NOMINAL_SRM,57.41556512013335,79.2863122157383,61.243036441048055,-59.54337092103843,9.245110485071987,-1.0,6.009091047991566,-80.6272211951284,80.62851991627001,1227,0.031982421875,35.46582664338518,79.08899487190274,0.9981668126169712,16.400711218279472,46.99252368157613
472,CAL_CURRENT_SRM,94.73726159971818,96.14282044405675,112.2199300766907,-111.39526195050463,15.444727840484749,-1.0,0.9483626819666127,-1.3086947233497197,1.2828760643330226,2,0.0,0.4760292167951987,1.4958998051906747,1.0265207776696614,0.19670403793668786,0.5820104582308119
472,CAL_ZERO_COMP_ERROR_SRM,93.58744382371938,95.51564290738703,108.93207321344711,-106.10238001229098,15.253728209920164,-1.0,0.9468977935117646,-1.2674947355571151,1.2409436323129976,2,0.0,0.5202686822487395,1.6930061534912966,1.0272700861324044,0.2587213721569384,0.6406443795221435
472,ORACLE_SRM,97.16815426939179,97.66230123610688,123.9182471883011,-122.81699991778754,15.84853060953352,0.0,0.0,0.0,0.0,0,0.0,4.348309318354037e-12,7.275957614183426e-12,1.0000000000000002,0.0,0.0
473,NOMINAL_SRM,59.20559025731953,78.48088483140987,65.87235035573431,-70.1555098283013,9.542456853375338,-1.0,3.006725360723893,-51.026794448520555,51.028475788701535,1076,0.036376953125,24.832343090285587,41.064389918901725,0.9987468356124866,12.003199937653887,43.52551754686556
473,CAL_CURRENT_SRM,94.55998299240447,95.97286034558877,111.82240137407591,-112.20425662776694,15.415279566844596,-0.5143894772179326,0.9424420911282696,-1.0051576281014454,0.9763786736655796,0,0.0,0.47443503696323214,1.4339243618942419,1.0296337671309153,0.2224772721134441,0.5848472586011297
473,CAL_ZERO_COMP_ERROR_SRM,93.20399814118775,95.7966788922486,106.8992521943531,-109.50081826106073,15.190032913818564,-1.0,1.4375524528877697,-1.3124437323567522,1.1875486381323026,8,0.0,0.5482751519456521,1.757393832122034,1.0256248201674685,0.22747398061247812,0.5751064619075805
473,ORACLE_SRM,97.17165610458494,97.52822147612873,122.99182111476864,-125.25061781215491,15.849112309731717,0.0,0.0,0.0,0.0,0,0.0,4.348309318354037e-12,7.275957614183426e-12,1.0000000000000002,0.0,0.0
474,NOMINAL_SRM,55.45537034359981,80.15043207011118,58.30498454364897,-56.810924678683,8.919496734817246,-1.0,3.0001831194396544,-84.68332544902881,84.68337122888889,758,0.0020751953125,43.4316509372688,80.99609883250378,1.001197815397587,19.37634344539188,65.1976685464324
474,CAL_CURRENT_SRM,95.54032177798001,96.54082549673257,113.76273157255062,-113.41343685005612,15.578126541192693,-0.510574663533433,0.957701345866268,-0.8536637470625934,0.8325144199957272,0,0.0,0.4403167070136544,1.3944945085859217,1.0216065827338527,0.16135674745853124,0.40189862853059566
474,CAL_ZERO_COMP_ERROR_SRM,90.73162283155608,94.60695836252685,102.42768704288102,-99.84753771330168,14.779339340790047,-0.5147783627069504,1.4261081864652478,-2.4315556572823684,2.16554512855726,0,0.0,0.7334678724368164,2.5083000843624177,1.0304767339513135,0.3337568337147234,0.6857167838924241
474,ORACLE_SRM,97.05723978071539,97.32272725844578,124.18295026616194,-123.74178849554872,15.830106275866344,0.0,0.0,0.0,0.0,0,0.0,4.348309318354037e-12,7.275957614183426e-12,1.0000000000000002,0.0,0.0
475,NOMINAL_SRM,57.621669133261264,80.46991440677391,63.28085650573419,-60.94721300845751,9.279347032103201,-1.0,3.9971770378734703,-71.56044953764453,71.56044953764459,816,0.0,30.229113388324542,54.188101751387876,0.9989255798669912,13.93365150033363,55.26563306352364
475,CAL_CURRENT_SRM,94.41036580626074,95.73354259780595,110.00610708832609,-117.7158806267917,15.390426213664576,-0.51059755241554,0.95760979033784,-1.4944303720205772,1.494430372020578,0,0.0,0.4771754924979008,1.4966276064060366,1.021677693533311,0.20946247534241721,0.6428678116691842
475,CAL_ZERO_COMP_ERROR_SRM,92.2973257366943,94.54147542181595,107.06937817997937,-106.47076355438323,15.039422879849553,-1.0,1.4359492782372505,-1.6948683126316733,1.6948683126316733,20,0.0,0.6003947078569937,2.067660553287169,1.0263122138368383,0.2880308053432302,0.7913255471309242
475,ORACLE_SRM,97.14554272040229,97.45370311381032,124.10635649780487,-126.89590893862609,15.844774538272805,0.0,0.0,0.0,0.0,0,0.0,4.348309318354037e-12,7.275957614183426e-12,1.0000000000000002,0.0,0.0
476,NOMINAL_SRM,59.529015261369864,81.35074010660746,63.978033182147165,-64.19870468847206,9.59618193710463,-1.0,2.99938962981048,-50.967253639332256,50.967101046784876,630,0.0,25.576762455447874,42.443018191679585,1.0008615886074328,11.575175116033352,47.98641962236616
476,CAL_CURRENT_SRM,95.7245721672729,96.59900330920904,115.75868936171348,-114.91071931331564,15.608732918151643,-0.5013885921811579,0.9944456312753682,-0.9455244605853445,0.9427472762230289,0,0.0,0.4212681225861262,1.3248542880028253,1.0027793314287121,0.19604292122890088,0.4804327639552568
476,CAL_ZERO_COMP_ERROR_SRM,66.52542074163577,95.45616421756151,77.6010700777766,-72.92528869196298,10.758375538477702,-0.4988452655889145,1.004618937644342,-1.6882217090069305,1.690531177829099,0,0.04296875,2.2074266946244054,75.5699002568872,0.99769378955138,0.29940636416044075,0.7576560685811842
476,ORACLE_SRM,97.07440628713181,97.32152572270363,124.28746271547824,-123.10448411022153,15.832957855005285,0.0,0.0,0.0,0.0,0,0.0,4.348309318354037e-12,7.275957614183426e-12,1.0000000000000002,0.0,0.0
477,NOMINAL_SRM,52.804741040732715,76.21782611830307,55.50171843030242,-53.898212195457404,8.47919286390909,-1.0,2.50112191473448,-97.79506357516968,97.7953841222367,627,0.014892578125,60.231563931708976,98.01129207710983,0.9996308780245681,24.4753316597998,93.96989682774438
477,CAL_CURRENT_SRM,95.09123385917023,95.8971661921428,119.14357018376543,-124.8804131500068,15.503527219131268,-0.5050660725730156,0.9797357097079378,-0.9126255073702201,0.8812829981383712,0,0.0,0.45782488378268116,1.3563230807776563,1.0102399699473774,0.18777730695142583,0.568361296191938
477,CAL_ZERO_COMP_ERROR_SRM,93.59929652646984,95.12609603825925,109.33820626222075,-107.90437222265717,15.25569709742024,-1.0,1.480029602728334,-1.096445383729181,1.5924513042748478,6,0.0,0.5287596119210594,1.7064359468886323,1.0080591541287216,0.2576515402805053,0.6513380450325599
477,ORACLE_SRM,97.15273164513233,97.54606642393993,122.87162886602026,-124.29320587101527,15.845968711816003,0.0,0.0,0.0,0.0,0,0.0,4.348309318354037e-12,7.275957614183426e-12,1.0000000000000002,0.0,0.0
478,NOMINAL_SRM,56.20646621963346,78.86689541910208,60.483943037405375,-58.63744157631582,9.044263491633467,-1.0,3.4958800012207405,-84.62361522263255,84.62269966734829,985,0.0,34.650683990532656,71.65553023213124,0.999085078602682,15.599364911544837,44.16344481016495
478,CAL_CURRENT_SRM,95.20952832325352,96.66099656375918,112.68738775568667,-115.04789631021366,15.523177462334472,-0.5057374797814874,0.9770500808740503,-1.0168309579760118,1.0053559984130365,0,0.0,0.4612462726422033,1.5254854436925598,1.0116072446526108,0.18449929533805823,0.4990570840780677
478,CAL_ZERO_COMP_ERROR_SRM,94.42369905681211,96.05037033933635,105.35720199913258,-102.81407835329443,15.39264103933756,-0.5052224400888081,0.9791102396447673,-1.4943045266233803,0.989082086534572,0,0.0,0.4843356002175908,1.7319448803245905,1.0105535622248805,0.21212733719112756,0.46534242967167216
478,ORACLE_SRM,97.15040732240575,97.56910449574332,123.09206227709603,-124.80626990848683,15.845582611695308,0.0,0.0,0.0,0.0,0,0.0,4.348309318354037e-12,7.275957614183426e-12,1.0000000000000002,0.0,0.0
479,NOMINAL_SRM,54.977782402763545,79.59387648336235,58.26305673180733,-55.80886275898543,8.840163189827832,-1.0,2.4994125276569767,-79.8621652552291,79.86199740598825,718,0.0,47.45517838585927,68.71364958024424,0.9993073579099379,19.569171014282,78.36146182262382
479,CAL_CURRENT_SRM,94.63949144510195,96.25961679800989,110.29870123548314,-108.5051125034959,15.428486951013614,-0.5076218814373998,0.9695124742504004,-1.1118791485465793,1.0966353856717794,0,0.0,0.483903157601372,1.5076400820107665,1.0154888016036978,0.20300559517128847,0.5950589995976152
479,CAL_ZERO_COMP_ERROR_SRM,90.19934973615348,94.93221727388594,101.18771929867461,-102.26942466178294,14.690921883081973,-1.0,1.4507515068284125,-2.1502250705729797,2.050995651178742,1,0.0,0.7635442071561477,2.664129170560045,1.0201014214877446,0.3538490857645006,0.7427771610104479
479,ORACLE_SRM,97.20431335965952,97.48463674835732,123.06524840551143,-123.81704827495015,15.854537102933476,0.0,0.0,0.0,0.0,0,0.0,4.348309318354037e-12,7.275957614183426e-12,1.0000000000000002,0.0,0.0
480,NOMINAL_SRM,51.83316103379081,74.35728239390043,57.19218568547678,-55.00997033189633,8.317800836177875,-1.0,5.496925307087816,-121.99070725567495,121.99023422599618,1992,0.0,56.212348949407264,106.9978128429193,0.9988524630382327,24.067900498182617,83.69498392909736
480,CAL_CURRENT_SRM,95.86908642443359,96.93116987249812,113.85512802797713,-123.05202164253116,15.632738608709898,-0.5149388103885006,0.9402447584459972,-1.0177617725150319,0.9878841517380299,0,0.0,0.43553907094594624,1.3357794836483663,1.0308046178495478,0.20713585994874675,0.5435899914851419
480,CAL_ZERO_COMP_ERROR_SRM,91.38514543118939,95.5243315648732,102.01021205473074,-100.8188316169825,14.887897912157706,-1.0,0.9389629810480056,-1.8541367839594713,1.8236182744834741,1,0.0,0.6587499917419645,2.332499572625238,1.0314670407241064,0.2880710036321577,0.673988867459002
480,ORACLE_SRM,97.05462126141883,97.5013118024691,122.09525122961972,-121.025749793936,15.829671305883528,0.0,0.0,0.0,0.0,0,0.0,4.348309318354037e-12,7.275957614183426e-12,1.0000000000000002,0.0,0.0
481,NOMINAL_SRM,58.447444625027536,78.36329091501901,65.01809121159995,-63.73058741752033,9.41651904070225,-1.0,1.5025203152685283,-68.74670067819252,68.74770880429995,486,0.0279541015625,30.63441104171019,69.88097700988874,0.9989578622965506,13.208771550556683,33.230965372016726
481,CAL_CURRENT_SRM,95.44946515923498,96.48970400446242,114.06055466484611,-111.10269971741643,15.563034079607139,-0.5059701378663147,0.9761194485347411,-1.4013687447069858,0.8953986068406709,0,0.0,0.44669465398634456,1.4002875829028198,1.0120944941978842,0.19396494246675716,0.5231777429969746
481,CAL_ZERO_COMP_ERROR_SRM,92.30121447340835,95.48669087846073,101.26565795018537,-99.21959387308951,15.040068849403381,-0.5073892377297454,0.9704430490810183,-1.7713570714661737,1.2639678337364286,0,0.0,0.6185831675382707,2.0428554105419607,1.0150001505792712,0.2672310333945728,0.6161834761723846
481,ORACLE_SRM,97.16797920759645,97.5954775630649,124.15065262129232,-126.79719383171846,15.848501529501071,0.0,0.0,0.0,0.0,0,0.0,4.348309318354037e-12,7.275957614183426e-12,1.0000000000000002,0.0,0.0
482,NOMINAL_SRM,52.98512664930752,73.5284133236965,58.149798052812514,-56.433362519967474,8.509157250715536,-1.0,1.4980925931577502,-134.6946317941832,134.4177983947264,1211,0.0,55.86996894757894,118.455124267369,0.9975767895192531,25.816652685795223,81.41545622389276
482,CAL_CURRENT_SRM,94.48624511140284,96.48345287409846,105.52455703085735,-104.2812178063644,15.403030749402465,-1.0,0.9624322880903335,-1.1112077515831236,1.0924238956282903,5,0.0,0.4896918474623571,1.6025347851755214,1.0191422307236486,0.2111723389323488,0.5285164384566627
482,CAL_ZERO_COMP_ERROR_SRM,89.90281310104065,94.87707633286503,96.51382534310238,-95.91259488815994,14.641663305820707,-1.0,1.4473182269016553,-2.5580224307622657,2.536949721522897,78,0.0,0.8165365660904198,2.7362412784568733,1.0215063338440997,0.383530958916428,0.7457685680631414
482,ORACLE_SRM,97.12932816052341,97.38337962972416,122.59483682548131,-125.68729512330945,15.842081089787943,0.0,0.0,0.0,0.0,0,0.0,4.348309318354037e-12,7.275957614183426e-12,1.0000000000000002,0.0,0.0
483,NOMINAL_SRM,58.63610764857611,79.91109708309995,62.22746096311806,-61.16429988208665,9.447858413384736,-1.0,4.000305203723485,-55.43407599572715,55.434137036471846,1325,0.0028076171875,30.206908755259693,59.40859095680389,0.9997110466935852,12.381822983924296,39.64206952002132
483,CAL_CURRENT_SRM,95.09420150206478,96.33872329112862,112.47192156004914,-121.60366674697586,15.504020183067238,-0.510742515335551,0.9570299386577958,-1.2426984466078683,1.2212134159367662,0,0.0,0.4565640531398317,1.386757020519326,1.0219714907724307,0.21667641944331148,0.5498040665932535
483,CAL_ZERO_COMP_ERROR_SRM,92.11396580837169,94.77556471502004,104.0756313038745,-103.2172614236133,15.008964419995298,-0.5128635517441329,1.4356822412793355,-2.0078737754448803,1.9552903836177113,0,0.0,0.6013275446543505,2.188284302586908,1.0264268309800346,0.31438441405147793,0.674620937479439
483,ORACLE_SRM,97.10751635458439,97.49439720381827,122.29954631991711,-127.52294326116923,15.838457866210032,0.0,0.0,0.0,0.0,0,0.0,4.348309318354037e-12,7.275957614183426e-12,1.0000000000000002,0.0,0.0
484,NOMINAL_SRM,61.49791380906439,82.42710824283023,66.34731678226652,-66.16767399554689,9.923241496522325,-1.0,5.49900814844203,-48.930356761375776,48.930204168828396,675,0.0,20.268408044542635,39.214537292570185,0.9991399941079355,9.374193324725132,37.9820177196616
484,CAL_CURRENT_SRM,93.8555142837531,95.61504919679231,109.56921676989981,-108.84722788380503,15.29825818666995,-1.0,0.9822690165560388,-1.1735408560311285,1.1646753643091479,2,0.0,0.5178287192457395,1.5974910356781038,1.0089500027208318,0.23485136952500485,0.696874596970094
484,CAL_ZERO_COMP_ERROR_SRM,62.246676205944745,94.8398937776051,72.30465062915496,-67.72445126267898,10.047620632216736,-0.49827741965119665,1.0068903213952134,-1.5064692461988398,1.509914406896446,0,0.0523681640625,3.871727067993353,112.15755578876997,0.9965772230090613,0.2468104868172284,0.5348990582091346
484,ORACLE_SRM,97.15516007959957,97.54470228313548,122.98139996214444,-125.62358469251907,15.846372106245775,0.0,0.0,0.0,0.0,0,0.0,4.348309318354037e-12,7.275957614183426e-12,1.0000000000000002,0.0,0.0
485,NOMINAL_SRM,58.256209777892835,81.70599315239281,61.269613648546944,-59.68849861978167,9.384752454799475,-1.0,4.001526391305675,-65.93943279299259,65.9397380712537,570,0.0142822265625,30.85679838219054,60.06158913413947,1.0006951619788764,13.22538657491778,46.91279794085858
485,CAL_CURRENT_SRM,94.70692506887183,95.76376536041249,115.34424544612739,-113.40843711793477,15.439688549646483,-0.5139585097698123,0.9441659609207507,-0.9703052637200885,1.4284297344106072,0,0.0,0.47076157721282524,1.356970933607954,1.0287316597130234,0.18626607422866087,0.6640877984606135
485,CAL_ZERO_COMP_ERROR_SRM,93.18187163366821,95.56182696914706,107.08971970127898,-104.82823803010136,15.1863574142306,-1.0,0.9584337900936919,-1.6808374278999942,1.6600543229468465,6,0.0,0.5477043024283439,1.9732583787090334,1.021244474506451,0.23136350278299045,0.47509433982975224
485,ORACLE_SRM,97.09050180094947,97.33284665469078,123.20662383153078,-126.12384673609908,15.835631528396922,0.0,0.0,0.0,0.0,0,0.0,4.348309318354037e-12,7.275957614183426e-12,1.0000000000000002,0.0,0.0
486,NOMINAL_SRM,58.47529729093832,80.2313278117592,62.45128653587494,-60.895921560679795,9.421145729391748,-1.0,1.4976348155156103,-76.4720908230842,76.47114474929045,698,0.0,28.79965983006675,63.908733329401,0.9991776385994321,12.91612913692738,34.08493127016118
486,CAL_CURRENT_SRM,95.37249771767611,96.40172810999259,113.49657962563755,-115.3466641765106,15.550248790311647,-0.5127489127946898,0.9490043488212405,-0.8630350194552538,0.8375371938658744,0,0.0,0.4502756564336329,1.3308933830958267,1.0261663407013888,0.20926262627855854,0.5510438076787381
486,CAL_ZERO_COMP_ERROR_SRM,93.71544255771127,95.68384510234335,108.10256121320103,-119.8411721446073,15.274990458091573,-1.0,0.9483016449476607,-1.344584490493484,1.2670369579149772,2,0.0,0.5285796060408425,1.8637620879462702,1.0265319018081225,0.2219149127545984,0.5627585268865971
486,ORACLE_SRM,97.22675079017131,97.57651119100461,124.38209100344403,-127.56884455339538,15.85826425085902,0.0,0.0,0.0,0.0,0,0.0,4.348309318354037e-12,7.275957614183426e-12,1.0000000000000002,0.0,0.0
487,NOMINAL_SRM,60.34142848644626,83.37302254548098,63.902291437606145,-62.42770302504528,9.731134300074132,-1.0,6.49713893339437,-51.37132829784795,51.37094682230052,467,0.0,23.652282813249588,43.136540746277205,0.9997651974274888,10.208120202464638,33.36548925009993
487,CAL_CURRENT_SRM,95.39903422879854,96.30285863638291,113.66934097377104,-112.65214298717412,15.55465684863763,-0.5131992553483687,0.947202978606525,-0.8985259559923082,0.8721274452955707,0,0.0,0.44303560942786085,1.4005525810198378,1.0271120937989666,0.2077795582951852,0.5925839580053278
487,CAL_ZERO_COMP_ERROR_SRM,92.3962615677239,95.17366576444616,104.39097615926416,-102.2288128177857,15.055857403276395,-1.0,0.9686269722586749,-1.7836390270699178,1.7679525131992553,6,0.0,0.6101769293195655,2.256744642830654,1.0159559146692712,0.2557839984974395,0.5852209842889806
487,ORACLE_SRM,97.08359377945726,97.34537235775841,123.4719837594234,-122.7507637020865,15.83448401652114,0.0,0.0,0.0,0.0,0,0.0,4.348309318354037e-12,7.275957614183426e-12,1.0000000000000002,0.0,0.0
488,NOMINAL_SRM,56.69977503283992,78.99055105426055,60.959073780102614,-59.21918484384203,9.126208477215934,-1.0,5.998077333903012,-85.36689352092044,85.3657948545793,350,0.0,39.21485784677595,83.61899092903991,1.0014728580929066,18.11301422962839,50.52054850139757
488,CAL_CURRENT_SRM,95.2054858886124,96.37243625143667,111.10501381221712,-109.19032043444622,15.522505961563523,-0.5047914059877315,0.9808343760490739,-1.1180455946531576,1.1084627826776954,0,0.0,0.45361537678033836,1.4139877045272442,1.0096631879787261,0.19861574347531827,0.5330486117237676
488,CAL_ZERO_COMP_ERROR_SRM,90.69060115821983,94.33913582686267,100.10916247507792,-98.11575851488973,14.772525109338844,-1.0,1.4668497749294271,-2.149477378500038,2.136217288471809,7,0.0,0.7329240603309604,2.4555107007472543,1.0134514282372153,0.4121617728347768,0.9267060725917418
488,ORACLE_SRM,97.11078389656166,97.5052907216324,123.50304510952205,-125.76711288153416,15.839000647269378,0.0,0.0,0.0,0.0,0,0.0,4.348309318354037e-12,7.275957614183426e-12,1.0000000000000002,0.0,0.0
489,NOMINAL_SRM,54.84212456414768,76.54602123158921,59.62013535856106,-58.67595899425745,8.817628665140813,-1.0,1.9978026673177283,-81.95559556871243,81.954863124485,647,0.0,43.513985561715664,70.91331642722434,1.0019138707407638,19.736770841579553,80.1949687807737
489,CAL_CURRENT_SRM,94.64669349311924,96.17825121727455,111.63464600128883,-114.17683208088434,15.429683304504858,-0.5016022217474898,0.9935911130100405,-1.1066011535996574,1.1033967101046775,0,0.0,0.4837783845417748,1.4824971874440962,1.0032222801497415,0.2015643956166865,0.6075435279989989
489,CAL_ZERO_COMP_ERROR_SRM,91.62724234262325,94.06784778750546,105.61079442432444,-119.75116261369197,14.928113345950706,-1.0,1.4787707238172265,-2.1160533764658314,2.6033158107561674,12,0.0,0.6403633918009114,2.376044168991939,1.0085906737851753,0.3185861369208831,0.7793050035766242
489,ORACLE_SRM,97.17570384002525,97.5687806273462,122.76459636257337,-124.40997904828507,15.849784691034095,0.0,0.0,0.0,0.0,0,0.0,4.348309318354037e-12,7.275957614183426e-12,1.0000000000000002,0.0,0.0
490,NOMINAL_SRM,56.25903684518731,77.57693768629339,58.90308977821824,-57.7248548299979,9.052996153685601,-1.0,4.001526391305675,-73.40218884514486,73.40249412340623,1636,0.0145263671875,39.84892771646334,72.87480687812968,0.9995962960356611,16.084840802572064,58.81942384512149
490,CAL_CURRENT_SRM,95.5524028092458,96.55551092374294,115.65772161251552,-116.67456343611,15.580133357017576,-0.5124437323567559,0.9502250705729762,-1.3149004348821192,1.2900129701686103,0,0.0,0.437935835942601,1.3580338219071564,1.0255406959002273,0.19628751583650902,0.46524659598764373
490,CAL_ZERO_COMP_ERROR_SRM,89.19137540520224,94.90874557420105,100.0961559715739,-102.74034514782683,14.523484286578444,-1.0,1.414929654835658,-2.5379497665334028,2.469893490401929,26,0.0,0.8478815765378327,2.8940173377413885,1.0352405496044466,0.423036382196475,1.1856841954067932
490,ORACLE_SRM,97.03681574180438,97.44764002056557,123.81955203361655,-127.13198109579767,15.82671357837282,0.0,0.0,0.0,0.0,0,0.0,4.348309318354037e-12,7.275957614183426e-12,1.0000000000000002,0.0,0.0
491,NOMINAL_SRM,58.918634961197384,78.12508529548273,63.82107755187679,-63.166367784197234,9.494789860664019,-1.0,1.4983596551461051,-76.80233463034084,76.80167849239929,719,0.0,28.305220675240253,59.651360478894276,0.9995695638655705,11.502775543021826,32.37571187422873
491,CAL_CURRENT_SRM,95.02250852702325,96.17928377828578,110.05076040781415,-107.54223016182564,15.49211105100054,-0.5081026642658772,0.967589342936491,-1.0169377727591784,1.000732444227424,0,0.0,0.45694687906453313,1.4486682049409865,1.0164676716309204,0.23849600322900105,0.7021936269243199
491,CAL_ZERO_COMP_ERROR_SRM,94.48395947543648,95.73918421461883,112.25778714817491,-108.4572819837854,15.4026510756539,-0.5062105166783655,0.9751579332865381,-1.2722251045258948,1.1991943113498336,0,0.0,0.4827007191287417,1.6241298285749508,1.0125720210076163,0.2527410925732441,0.6757205427160216
491,ORACLE_SRM,97.12448577239242,97.52371078469112,121.9987566250804,-125.57860993155765,15.841276706377478,0.0,0.0,0.0,0.0,0,0.0,4.348309318354037e-12,7.275957614183426e-12,1.0000000000000002,0.0,0.0
492,NOMINAL_SRM,59.98167391829077,79.21223238251089,65.47832582790888,-62.55969975993792,9.67137440503169,-1.0,1.5017560469093576,-59.01730087954883,59.018003298312614,1282,0.0230712890625,27.02275400936457,58.512881675756944,0.9990296964081513,12.335263708106718,35.868137283690885
492,CAL_CURRENT_SRM,95.26929492516518,96.73423131712305,105.47002430351448,-105.111796008319,15.533105469296542,-0.5060731833857235,0.9757072664571063,-1.0072328867458114,0.9950865199743646,0,0.0,0.44970403013343957,1.371186460402896,1.0122869066896498,0.15895719422320942,0.4592818446988147
492,CAL_ZERO_COMP_ERROR_SRM,91.81103591577353,96.08424027791204,98.9748173337519,-97.93513890894675,14.95864383982949,-0.5062868129520554,0.9748527481917786,-1.5129856257820375,1.5004119998779273,0,0.0,0.6035889391618192,1.9583876808683272,1.0127357852885115,0.27128738774257216,0.5168116302520502
492,ORACLE_SRM,97.01846476008933,97.29961878244639,122.84586524748293,-123.38485981251225,15.823665242539755,0.0,0.0,0.0,0.0,0,0.0,4.348309318354037e-12,7.275957614183426e-12,1.0000000000000002,0.0,0.0
493,NOMINAL_SRM,59.73775314600566,80.32766530416062,65.87561965597105,-64.3306905139101,9.630856004319877,-1.0,6.497539463946471,-50.757829845350486,51.257665809613464,617,0.0,23.901386194311325,49.864947306786235,1.0007195770042512,10.94678901072892,37.750632562652754
493,CAL_CURRENT_SRM,95.69287254945495,96.57693137306009,116.67379036677463,-120.15463733142225,15.603467200906138,-0.5048677022614215,0.9805291909543139,-0.9085970641193881,0.8988616595965445,0,0.0,0.438339918671397,1.3770268383996154,1.0098335124990083,0.17604754631667557,0.5312182519086122
493,CAL_ZERO_COMP_ERROR_SRM,95.11311538224334,96.3543107716224,110.59674127888876,-114.42962083668468,15.507162023628462,-0.5038758507034516,0.9844965971861934,-1.042100283822143,0.9567857905819892,0,0.0,0.4622044630696221,1.5410423420653387,1.0078129580179318,0.1894153165181052,0.46650188703366524
493,ORACLE_SRM,97.16181438274319,97.47301122474519,123.93019049365842,-125.58269995057138,15.847477472216477,0.0,0.0,0.0,0.0,0,0.0,4.348309318354037e-12,7.275957614183426e-12,1.0000000000000002,0.0,0.0
494,NOMINAL_SRM,57.96849446084606,77.24864857633459,61.636265833252175,-60.510158756478546,9.336959212765127,-1.0,6.997924773022049,-68.49442282750059,68.49416342412833,2501,0.0,29.872706051757504,66.55025175556693,1.0005811452013416,12.356369651929997,40.46070870976109
494,CAL_CURRENT_SRM,94.61833653942134,96.16687613990814,108.71091839437,-107.54823220233197,15.424972847079957,-0.5134739219336528,0.9461043122653889,-1.1420026245918165,1.1150547807245106,0,0.0,0.4673655391485278,1.5153157525651295,1.0277041646722906,0.22754786431931492,0.5614048155741216
494,CAL_ZERO_COMP_ERROR_SRM,91.5069292386172,95.46215379349613,99.52859971704777,-98.44556226752675,14.908127780501196,-1.0,0.939543755245289,-1.7360036621652555,1.7057755397878998,6,0.0,0.6628880094190991,2.2301515693870897,1.03117299435253,0.2881233498496425,0.6137981469235427
494,ORACLE_SRM,97.2207707772089,97.6366435273531,123.00173896232724,-124.78371105452197,15.85727089322407,0.0,0.0,0.0,0.0,0,0.0,4.348309318354037e-12,7.275957614183426e-12,1.0000000000000002,0.0,0.0
495,NOMINAL_SRM,60.20689604930692,82.52051874681648,63.393507995091625,-62.18105014553267,9.708786719153974,-1.0,3.5007554599148394,-50.33452375501027,50.33469163499134,716,0.010009765625,23.967798851821833,48.537326669033064,0.9991026446056515,10.714127387262652,30.654539606191975
495,CAL_CURRENT_SRM,94.38122789871407,95.98112478395292,109.86218700846594,-112.37988549949107,15.385586029686724,-1.0,1.4469367513542384,-1.5753719386587322,1.5541466392004273,20,0.0,0.500101428060961,1.7702821647544624,1.021706702916962,0.22648191231726478,0.7216999735133953
495,CAL_ZERO_COMP_ERROR_SRM,90.17784924227487,94.32020155286006,101.16156580930988,-103.07342718935138,14.68735037247091,-1.0,1.4370946822308692,-2.666666666666511,2.591180285343595,103,0.0,0.7607755935969418,2.6148925426587084,1.0258623025613676,0.38207160868889845,0.8623297687786362
495,ORACLE_SRM,97.15290539333441,97.51104777328875,123.75334851713498,-125.92867995920747,15.84599757364359,0.0,0.0,0.0,0.0,0,0.0,4.348309318354037e-12,7.275957614183426e-12,1.0000000000000002,0.0,0.0
496,NOMINAL_SRM,67.7352665697214,82.41780115726627,75.53121234569474,-84.3079941210255,10.959346606266013,-1.0,2.001236509075366,-27.31390538415738,27.31431755384917,1453,0.0172119140625,10.615517297193435,27.752864103106788,0.999479184929127,5.617298797788521,14.970797713009233
496,CAL_CURRENT_SRM,95.5330017021002,96.58057230798521,112.25369338522768,-115.97601576328793,15.576910581744219,-0.5092928861354411,0.9628284554582354,-1.3071993163853768,1.2886135441145006,0,0.0,0.44066899139850224,1.3505474988778587,1.0189574314689047,0.20335107127188068,0.5373611243028336
496,CAL_ZERO_COMP_ERROR_SRM,92.92748915664744,95.77308458141599,99.99791989143796,-99.0873871233076,15.144101188811867,-0.5123064011596856,0.9507743953612573,-1.753536278324484,1.7289234760051533,0,0.0,0.5826583018927193,2.0982510006542725,1.0252485623237892,0.37681756013219203,0.9600310925625877
496,ORACLE_SRM,97.21203634012299,97.55596178241468,123.02182422951643,-126.16956071547497,15.855819990053654,0.0,0.0,0.0,0.0,0,0.0,4.348309318354037e-12,7.275957614183426e-12,1.0000000000000002,0.0,0.0
497,NOMINAL_SRM,58.26496368896641,77.24431121166161,66.02908155865944,-63.70776595073471,9.386206592851565,-1.0,5.000274679159482,-78.20137034380848,78.20141612366838,1808,0.0010986328125,31.03218744187191,61.484384069950465,1.00108451719917,14.047148595571535,48.49920369245501
497,CAL_CURRENT_SRM,94.44931086153888,95.60831595726057,110.95517252485622,-109.0140382876222,15.39689549194998,-0.5111392559587389,0.9554429761650443,-1.0240638447218238,1.0017853328043458,0,0.0,0.48715097352994263,1.51421850630868,1.0227903955663202,0.2571869722166291,0.7251227286364639
497,CAL_ZERO_COMP_ERROR_SRM,92.91652862007109,95.1042116142489,111.19026600521474,-109.88492639325474,15.14228050167294,-1.0,1.4639505607690548,-1.7244220645457125,1.7100022888533322,14,0.0,0.5544113253881062,1.7738051989290398,1.0146131333196489,0.2685007347401656,0.5374721854676636
497,ORACLE_SRM,97.07888211336748,97.46556625026153,122.64121488532318,-126.57285799132038,15.833701347735463,0.0,0.0,0.0,0.0,0,0.0,4.348309318354037e-12,7.275957614183426e-12,1.0000000000000002,0.0,0.0
498,NOMINAL_SRM,57.50359649054498,81.46520085904804,60.18604315062085,-58.82927991315217,9.259733636303153,-1.0,3.0006715199243015,-68.07278360271613,68.0729514826972,360,0.010009765625,33.27420768034762,59.5412331458283,1.0009677487945143,14.531481818500103,49.9054271098139
498,CAL_CURRENT_SRM,96.0546621955806,96.81893363282491,117.18161150618013,-115.93583048298223,15.663565148767542,-0.5013580736716818,0.9945677053132727,-0.706442457350383,0.7037263100070194,0,0.0,0.42473066501534734,1.223963458007347,1.0027219475560447,0.1683354846219497,0.4870158385980865
498,CAL_ZERO_COMP_ERROR_SRM,92.49358324625261,95.76534456071627,102.76946813200229,-103.86718002414383,15.072023795058573,-1.0,0.9865108188116094,-1.5569933164464178,1.550248725852221,1,0.0,0.592884983499566,1.9424825520982267,1.0067852433296407,0.24606880381520038,0.6171306970615511
498,ORACLE_SRM,97.21733913594369,97.64662837930064,124.05347900011584,-128.97454958374342,15.856700853146792,0.0,0.0,0.0,0.0,0,0.0,4.348309318354037e-12,7.275957614183426e-12,1.0000000000000002,0.0,0.0
499,NOMINAL_SRM,61.09227270637086,77.80053988615413,69.58474939015275,-73.00342269612622,9.855859253549978,-1.0,2.0040338599761633,-66.1193961433858,66.12074076337785,1064,0.0323486328125,22.06825276052264,45.35135388592971,0.9998630090846312,9.705697937359758,32.39477869009261
499,CAL_CURRENT_SRM,94.9944644425628,96.14975094328614,111.62196600041078,-118.2963990106505,15.487452565209768,-0.5089114047669911,0.9643543809320354,-1.1140018921475876,1.0961790826136053,0,0.0,0.45878103327094005,1.522513350511872,1.018153345712522,0.23568044555225826,0.6959934915508832
499,CAL_ZERO_COMP_ERROR_SRM,92.68127448623898,94.88718449729974,109.51283544897481,-105.98456469009244,15.103201741900163,-0.5091097750785851,1.4544511246070742,-2.1356852931301815,2.1174657429730472,0,0.0,0.581386383980408,2.2189928970656183,1.0185858659807938,0.3380998020832365,0.8058815355352067
499,ORACLE_SRM,97.16609615084742,97.52785350088787,123.54174884895373,-127.58054840511898,15.848188729376648,0.0,0.0,0.0,0.0,0,0.0,4.348309318354037e-12,7.275957614183426e-12,1.0000000000000002,0.0,0.0
500,NOMINAL_SRM,57.823220605828354,78.47881709176552,65.0015177392276,-61.09841640786964,9.312827343160857,-1.0,1.5019470702319686,-81.26044927689968,81.26122810499247,1006,0.0245361328125,28.222501829620374,54.359349374918565,1.0007279610709667,12.953320426853791,43.17260030295074
500,CAL_CURRENT_SRM,95.89472007424686,96.78460729480271,115.43297884707862,-113.145587394329,15.63699669007423,-0.5026016632333867,0.9895933470664529,-0.8111238269626914,0.8059205004959179,0,0.0,0.42680405284510836,1.3189301377692573,1.0052277552494462,0.1846094821403036,0.5275237133952402
500,CAL_ZERO_COMP_ERROR_SRM,92.89482710816509,95.1356048269902,105.89520139395795,-103.72349612768419,15.138675599362971,-0.5049362935835813,0.9802548256656747,-1.4104066529335526,1.4005340657663903,0,0.0,0.5520801934794775,1.8703319455235032,1.0099744076873722,0.2621666198292165,0.6793760211098743
500,ORACLE_SRM,97.12831629790236,97.50477183869017,122.70451603249842,-125.15712582282518,15.841913006296073,0.0,0.0,0.0,0.0,0,0.0,4.348309318354037e-12,7.275957614183426e-12,1.0000000000000002,0.0,0.0
501,NOMINAL_SRM,56.66458929784742,79.7097636524098,62.53452110834333,-59.71531535433881,9.120363670738776,-1.0,4.500839387094805,-72.19417312740366,72.19432574323908,1053,0.0091552734375,32.257420306355534,54.7379481206699,0.9986368043048268,14.62065173028434,58.6855099839795
501,CAL_CURRENT_SRM,95.03187631352192,96.34583990757935,112.76789178803475,-119.22299186795752,15.493667161714605,-0.5125583666493728,0.9497665334025087,-0.8776207770012526,0.8525040437025065,0,0.0,0.4560886070475581,1.384104061547987,1.0257639772535974,0.1931650280483395,0.5302736480622556
501,CAL_ZERO_COMP_ERROR_SRM,93.291421795116,95.89532932014185,104.32233559619519,-101.8851066593338,15.204555115467773,-0.5104448004882887,1.4477759975585567,-1.5702906843671323,1.5422903791866942,0,0.0,0.5345925033110872,1.7785857306989783,1.021314838044946,0.17268533736953048,0.38798315338720357
501,ORACLE_SRM,97.05685434897077,97.4212769048144,123.10183184414628,-124.32593798473638,15.830042250659597,0.0,0.0,0.0,0.0,0,0.0,4.348309318354037e-12,7.275957614183426e-12,1.0000000000000002,0.0,0.0
502,NOMINAL_SRM,56.826031891823455,75.11798861695044,65.77964164987527,-62.58750689662023,9.147181377379312,-1.0,3.9958800012207405,-105.36548966948455,105.3646656697287,2018,0.0,35.388927828001044,80.37167958420287,0.9987286583220716,15.280485904069643,45.59286384042571
502,CAL_CURRENT_SRM,93.73404576641006,95.76887773870581,108.09978846109394,-107.14584027331269,15.278080692094695,-1.0,0.9338358714560382,-1.359279152806177,1.326197088534196,1,0.0,0.5269343930092967,1.8063863076022244,1.0342207734546178,0.2765426974129948,0.6883910679540151
502,CAL_ZERO_COMP_ERROR_SRM,93.72105388294531,95.28948374826852,110.13596482950199,-116.86504469171908,15.275922571917826,-1.0,1.4200045777065693,-1.5483176928358895,1.3883268482490274,1,0.0,0.5238621873537839,1.8494725579439546,1.0330657676969084,0.3184183034717057,0.7257839563411608
502,ORACLE_SRM,97.11619708097186,97.58890073675715,123.51133455105654,-127.08790534783432,15.839899847337518,0.0,0.0,0.0,0.0,0,0.0,4.348309318354037e-12,7.275957614183426e-12,1.0000000000000002,0.0,0.0
503,NOMINAL_SRM,53.55903191297648,75.1675322644372,56.489142785816924,-55.1728253904065,8.604490350992771,-1.0,2.495406964323863,-107.04953154087954,107.04821924497209,1019,0.0,50.72879560836746,102.0851204051578,0.9997102118327936,22.2238705444609,76.63329282861014
503,CAL_CURRENT_SRM,96.05309831904111,96.62178392948876,122.01013693733556,-122.87091655301694,15.66330536861148,-0.5124437323567559,0.9502250705729762,-0.7622339208056765,0.7373464560921648,0,0.0,0.4200358351372015,1.2353758813060267,1.0255195908066572,0.1838722878976211,0.49780810623622784
503,CAL_ZERO_COMP_ERROR_SRM,93.17503566617606,95.9669720857232,104.93652500336673,-102.4229339335811,15.185221871457816,-0.5120622568093385,0.9517509727626459,-1.7533073929960958,1.729182879377407,0,0.0,0.5652582099305387,1.9029374259553151,1.0246990424320774,0.20199346665036091,0.4716466901128271
503,ORACLE_SRM,96.98594686596087,97.03623492837666,123.49655169141371,-123.3900434769099,15.818263598996822,0.0,0.0,0.0,0.0,0,0.0,4.348309318354037e-12,7.275957614183426e-12,1.0000000000000002,0.0,0.0
504,NOMINAL_SRM,57.445064148766356,79.3730024476954,60.74810281094845,-59.35142064164892,9.250010655941256,-1.0,2.495406964323863,-70.42020935697504,70.41889706106757,653,0.0,32.56227603950666,60.87619019734302,0.9998880337717327,14.168558802835092,47.215764872718864
504,CAL_CURRENT_SRM,96.29544820362518,97.03171413995574,116.16010175816591,-126.81810902421384,15.703562824522455,-0.5083543144884413,0.9665827420462347,-0.7823300526436274,0.765621423666746,0,0.0,0.41490203022872757,1.1293172897567274,1.0169855682737696,0.1565020276243474,0.3991356899941252
504,CAL_ZERO_COMP_ERROR_SRM,93.41974906531775,95.11991323864032,106.29231021755797,-105.5272111493774,15.225871937760424,-0.5074998092622263,1.4625009536888687,-1.286915388723583,1.2719157701991304,0,0.0,0.538856427721293,1.8457075481928769,1.0152323100683684,0.19989528089517627,0.39689178380399426
504,ORACLE_SRM,97.05283543661197,97.23647076691422,123.1919483498872,-123.80861263618,15.829374657244514,0.0,0.0,0.0,0.0,0,0.0,4.348309318354037e-12,7.275957614183426e-12,1.0000000000000002,0.0,0.0
505,NOMINAL_SRM,55.73474390255605,75.94022467411423,58.62347382383075,-57.83153677732594,8.965904302750175,-1.0,2.000137339579741,-93.57627687660028,93.57632265646009,1189,0.001708984375,41.447572413767276,82.88663437768628,1.0008133019099807,17.087135874729128,56.40097943066212
505,CAL_CURRENT_SRM,95.25130435999509,96.13847589610536,111.47213770062007,-109.80059440512511,15.530117003321443,-1.0,0.9461966887922486,-0.8130617227435722,0.7861600671396964,1,0.0,0.4440944513753148,1.2816851005409262,1.0276466314869592,0.18412841206916916,0.5928880558030372
505,CAL_ZERO_COMP_ERROR_SRM,94.29926673938233,95.95429153843311,108.84552581495473,-107.83613834873319,15.3719712191665,-1.0,1.4585336079957276,-1.2067902647440294,1.157030594338903,5,0.0,0.4955639523958303,1.670028073618596,1.016869587953679,0.1860415245583791,0.43199331692505893
505,ORACLE_SRM,96.97504581088245,97.23509459988793,123.01159742590937,-127.88355923783303,15.816452792505391,0.0,0.0,0.0,0.0,0,0.0,4.348309318354037e-12,7.275957614183426e-12,1.0000000000000002,0.0,0.0
506,NOMINAL_SRM,59.41483753118108,78.7111074621531,65.86421109092991,-64.42186768938448,9.577215536741043,-1.0,7.003786086133459,-62.551822053951724,62.55229531471841,1346,0.0185546875,27.16307719329781,54.68191108718747,1.0003184395513127,10.184697575059014,26.204199284142305
506,CAL_CURRENT_SRM,94.908086630593,96.05948422344187,112.79267545805149,-113.1318217228057,15.473104091460632,-1.0,0.9943388596845939,-0.8811160533764509,1.379700768297672,1,0.0,0.4652365398775914,1.343513432500913,1.0028513367302927,0.21084297961435805,0.6141771205522488
506,CAL_ZERO_COMP_ERROR_SRM,91.23472664852729,95.4440997829872,96.98149118434743,-96.6250078649322,14.862911403409848,-1.0,0.9880520946982123,-1.530422907018468,1.9494769930341895,1,0.0,0.6829118061305461,2.1507978322551935,1.0060202156721665,0.32158834157964533,0.7155578157203024
506,ORACLE_SRM,97.09129864031262,97.33675668855638,123.74166998516566,-125.28510795174338,15.835763893739637,0.0,0.0,0.0,0.0,0,0.0,4.348309318354037e-12,7.275957614183426e-12,1.0000000000000002,0.0,0.0
507,NOMINAL_SRM,59.72163295153581,76.69315054460803,68.878821269177,-77.15005674033031,9.628178231152129,-1.0,1.9970244907301442,-64.07492179751578,64.07392996109257,827,0.0,25.9605346212526,50.36933296546522,1.0000887181959095,10.050212310957074,29.520655260169406
507,CAL_CURRENT_SRM,94.55452778201007,96.32219962229095,107.3510275607022,-111.01882324227921,15.414373385715958,-0.5077974791711173,0.9688100833155309,-1.0523392437513353,1.0367442854091007,0,0.0,0.4900986852092604,1.5506816597262514,1.0158398005578113,0.19941319863161983,0.546052545615094
507,CAL_ZERO_COMP_ERROR_SRM,91.4249935129275,95.73736138275606,104.13962526815085,-103.68986443881083,14.894517194838455,-0.5075685903500473,1.4621570482497637,-1.9744560075685906,1.9186376537369914,0,0.0,0.6462577573697692,2.083925605729746,1.015389947271087,0.33784190203776643,0.832382865195143
507,ORACLE_SRM,97.19256769711338,97.49048163205087,123.46195462753309,-121.9654996956719,15.852585996198236,0.0,0.0,0.0,0.0,0,0.0,4.348309318354037e-12,7.275957614183426e-12,1.0000000000000002,0.0,0.0
508,NOMINAL_SRM,64.62018210179467,83.54643388092795,70.87230306102606,-69.16338263188412,10.441890714583833,-1.0,2.5034214143882694,-38.20282572170417,38.203803268672246,1080,0.02734375,14.430172081820428,30.487956950080843,0.9995333032654383,8.070281582381142,19.56418207067145
508,CAL_CURRENT_SRM,95.08554090805865,96.32361213472306,111.9995903531181,-113.6938216437103,15.502581546189145,-1.0,0.9406109805597094,-1.1275368511001922,1.0978423413800469,1,0.0,0.4584237968553707,1.5413341222229064,1.0306105910386403,0.2392183029853366,0.5733282541830249
508,CAL_ZERO_COMP_ERROR_SRM,92.20348562191427,95.63420554658398,104.72701546503195,-112.3467414543502,15.023834820915992,-1.0,1.4223303933835871,-1.7198248237556244,1.6387218848231273,14,0.0,0.6438360368969873,2.3309902563087235,1.0320681932343965,0.30680891944509836,0.6200882607167273
508,ORACLE_SRM,97.04308854590052,97.34918742853709,122.06212727152044,-126.81542973129238,15.827755572408725,0.0,0.0,0.0,0.0,0,0.0,4.348309318354037e-12,7.275957614183426e-12,1.0000000000000002,0.0,0.0
509,NOMINAL_SRM,57.29514733899197,77.62893636824707,62.13516675942694,-60.980837507385104,9.225107531394016,-1.0,2.0015343394325233,-71.87293226768772,72.37369943740394,770,0.019287109375,35.36163189846054,76.87345890338838,0.9992491154239508,14.289571381808184,40.672827993106694
509,CAL_CURRENT_SRM,95.36693251231681,96.4847895602139,113.29968539806936,-111.97889566912295,15.549324337594154,-0.5053330281528954,0.9786678873884185,-1.0059510185397116,0.9952849622339208,0,0.0,0.44628519267063665,1.4013273540022055,1.0107722302159126,0.20792536933322833,0.5809393356525696
509,CAL_ZERO_COMP_ERROR_SRM,92.35903866232925,94.8696995062939,103.09081656658702,-104.07523809220775,15.04967419640021,-0.5074465163121433,0.9702139347514267,-1.801858577227088,1.7869655446028017,0,0.0,0.6019306442857122,2.045346516572863,1.0151026158967054,0.30402126776102306,0.7196231858540081
509,ORACLE_SRM,97.10577205462515,97.50542994318445,122.46166248615148,-127.83643760476302,15.838168115386237,0.0,0.0,0.0,0.0,0,0.0,4.348309318354037e-12,7.275957614183426e-12,1.0000000000000002,0.0,0.0
510,NOMINAL_SRM,64.39958857937363,81.75928451614125,72.91048074627037,-80.86142304515243,10.405247272321201,-1.0,6.001175159867527,-35.876547166645075,35.87671504662614,506,0.010009765625,14.864566481484546,25.98104024602253,1.0003305597309697,5.149278698071733,17.59974209197935
510,CAL_CURRENT_SRM,96.13405169484187,96.85978924035668,110.66511022610955,-109.97619518927755,15.676752773229547,-0.5135271229114213,0.9458915083543145,-0.8231631952391854,0.7961089494163424,0,0.0,0.4172669790007496,1.3839218675148004,1.0278040851386008,0.19808094083504563,0.5065413825058869
510,CAL_ZERO_COMP_ERROR_SRM,94.23127482017868,96.21134859199941,109.13229535693964,-107.61656877978749,15.360676880428352,-0.5113298237582972,0.9546807049668113,-1.325474937056534,1.2348363469901578,0,0.0,0.4957076717751317,1.650914652242136,1.0231800766168422,0.211024255087153,0.44233616640838136
510,ORACLE_SRM,97.14424215584742,97.4040497012936,123.50699521664808,-125.67549402286382,15.844558497649073,0.0,0.0,0.0,0.0,0,0.0,4.348309318354037e-12,7.275957614183426e-12,1.0000000000000002,0.0,0.0
511,NOMINAL_SRM,63.995254652994106,79.13036551666247,70.85292676587834,-68.96655909133136,10.338082168271447,-1.0,3.992408462847246,-56.785956800720406,57.283679339574576,1380,0.0,14.221236962769796,34.1158298411392,1.000534982183661,7.399558735046007,18.188324042757813
511,CAL_CURRENT_SRM,94.24208893370887,95.86090549519726,108.40569947076366,-109.21674913324205,15.362473244802139,-0.5087435529648732,0.9650257881405071,-1.1177709280678745,1.1002838221381288,0,0.0,0.4939762794279993,1.5478680717662883,1.0178007494276742,0.22047468798911218,0.5805071099845804
511,CAL_ZERO_COMP_ERROR_SRM,92.95534549356903,95.13334740777256,106.604644416356,-104.95661518455053,15.148728487303826,-0.5079920956457384,0.9680316174170462,-1.2053835061457117,1.6814072192084963,0,0.0,0.540318069461479,1.9970978060391644,1.0162467832853035,0.2711243404134044,0.7721316033686207
511,ORACLE_SRM,97.21029323224201,97.67503066797273,123.65059830863237,-128.78556096850116,15.855530437249504,0.0,0.0,0.0,0.0,0,0.0,4.348309318354037e-12,7.275957614183426e-12,1.0000000000000002,0.0,0.0
