unit_cap_sigma_pct,chip_id,decoder,sndr_db,sfdr_db,enob,code_rmse_to_oracle_affine_lsb,weight_rmse_gain_aligned_lsb
0.5,0,NOMINAL_SRM,69.82350156376759,74.19683164114903,11.306229495642457,7.473904072470432,3.457049325497671
0.5,0,CAL_CURRENT_SRM,95.95035066515558,115.64043736192954,15.6462376520192,0.44859746131294026,0.19607612167590216
0.5,0,ORACLE_SRM,97.18596346103773,120.01830726657771,15.851488947016234,1.8669622420799034e-15,0.0
0.5,1,NOMINAL_SRM,63.01107747555827,65.95888096283682,10.174597587302038,16.38155012854618,7.865688495349844
0.5,1,CAL_CURRENT_SRM,95.49175821327671,109.67221268750471,15.570059503866563,0.46561804027529824,0.20451702615600753
0.5,1,ORACLE_SRM,97.33279730955365,120.58620593914212,15.875879951753099,1.3050909348645309e-11,0.0
0.5,2,NOMINAL_SRM,66.8844881075658,70.47432320969642,10.818021280326544,10.490567840886571,4.765518937798113
0.5,2,CAL_CURRENT_SRM,95.27875400066593,111.71479586120499,15.534676744296666,0.47706936058662885,0.2133674456298434
0.5,2,ORACLE_SRM,97.08673757664941,120.94007646959602,15.83500624196834,1.3051759670180789e-11,0.0
0.5,3,NOMINAL_SRM,63.41696001263321,65.73235623768699,10.242019935653358,15.633840688372958,7.189932039144381
0.5,3,CAL_CURRENT_SRM,95.49596664212038,112.14804020759843,15.570758578425313,0.45828589682024173,0.19220064331067807
0.5,3,ORACLE_SRM,97.05355877504243,119.72613887721513,15.829494813129973,5.361834251034664e-12,0.0
0.5,4,NOMINAL_SRM,61.947742669620034,64.73770021888373,9.99796389860798,18.51275221382631,8.999896509931158
0.5,4,CAL_CURRENT_SRM,94.54472005898297,105.35542531991214,15.412744195844349,0.4923870538322225,0.21799522343758929
0.5,4,ORACLE_SRM,97.24939470060681,120.84270569596745,15.862025697775218,1.6467268631127714e-15,0.0
0.5,5,NOMINAL_SRM,64.80740968272909,71.48433920154523,10.472991641649351,13.317120967350421,4.881672620462851
0.5,5,CAL_CURRENT_SRM,95.88064674315834,114.44200734877107,15.63465892743494,0.4485085400030906,0.1813317118456538
0.5,5,ORACLE_SRM,97.2708468687785,121.08631854451572,15.865589180860217,1.897149936107019e-15,0.0
0.5,6,NOMINAL_SRM,65.55076209703358,69.03153873401817,10.596472109141793,12.234189892330507,5.5341282028951415
0.5,6,CAL_CURRENT_SRM,95.34301198770353,113.17009962785299,15.545350828522182,0.46752419501222064,0.20188516478941795
0.5,6,ORACLE_SRM,97.2015824889801,120.92949198085154,15.854083469930249,1.7923186123719294e-15,0.0
0.5,7,NOMINAL_SRM,67.08121255403886,75.74429389910505,10.850699759807119,10.249833030539286,4.629915102091169
0.5,7,CAL_CURRENT_SRM,95.35851113370371,112.11411922877092,15.547925437492312,0.47255478128473477,0.194234289821123
0.5,7,ORACLE_SRM,97.16257346587612,120.94356190267507,15.847603565760153,1.0442794119007577e-11,0.0
0.5,8,NOMINAL_SRM,59.257508277264755,62.295594876707895,9.551081109180194,25.23811775862275,12.228337607779718
0.5,8,CAL_CURRENT_SRM,94.7079871804629,106.13345116414183,15.439864980143337,0.4940255356505431,0.20891896799354345
0.5,8,ORACLE_SRM,97.28670662071002,120.47040188620882,15.868223691147845,5.3618366641277386e-12,0.0
0.5,9,NOMINAL_SRM,68.92346968376191,72.9763905423003,11.156722538830882,8.292705551103431,4.22186766705818
0.5,9,CAL_CURRENT_SRM,94.56490132644592,109.21492260110257,15.416096565854804,0.4944953859222341,0.20211406376981916
0.5,9,ORACLE_SRM,97.24115154388983,119.801143851306,15.860656402639506,5.361734567404478e-12,0.0
0.5,10,NOMINAL_SRM,67.56154859191341,73.43774835328684,10.930489799321164,9.704131225781243,4.049061251135334
0.5,10,CAL_CURRENT_SRM,95.44731454037623,113.92392460761612,15.56267683394954,0.4716364175486535,0.21071208556099166
0.5,10,ORACLE_SRM,97.054705855316,121.34648518164938,15.829685358025914,1.0441396471611118e-11,0.0
0.5,11,NOMINAL_SRM,66.76382045036189,73.01653680162042,10.797976818996991,10.6407865833138,5.19193241723729
0.5,11,CAL_CURRENT_SRM,95.23049981913698,111.73859449638955,15.526661099524416,0.47451609657589705,0.1893823002455201
0.5,11,ORACLE_SRM,97.17561957003083,120.44093427583435,15.849770692696152,5.360053197317284e-12,0.0
0.5,12,NOMINAL_SRM,67.51172802801422,70.36702465190245,10.922213958141896,9.764359459639518,4.426061689076429
0.5,12,CAL_CURRENT_SRM,95.2254376129132,114.43660060933418,15.525820201480597,0.47260251879204984,0.20392243404797503
0.5,12,ORACLE_SRM,97.25581423180145,121.35827980760911,15.863092065083299,3.077285321788493e-12,0.0
0.5,13,NOMINAL_SRM,64.15612208682272,67.0311458164708,10.364804333359256,14.36557952699177,7.068998946100172
0.5,13,CAL_CURRENT_SRM,94.67616908180973,110.66362462700505,15.434579581695969,0.4947671772620782,0.22742734435976955
0.5,13,ORACLE_SRM,97.20025226034659,121.29506722495177,15.853862501718703,3.095779588072625e-11,0.0
0.5,14,NOMINAL_SRM,66.26891617011094,70.49066077559127,10.71576680566627,11.27020160055507,5.776856605119427
0.5,14,CAL_CURRENT_SRM,95.8979494285094,113.55613951009522,15.63753312765937,0.4581596649822025,0.18417843187400426
0.5,14,ORACLE_SRM,97.18642391256857,121.80048937224642,15.85156543398149,7.978230332733883e-12,0.0
0.5,15,NOMINAL_SRM,67.84837891756554,72.238992081492,10.978136032818195,9.38305065699155,4.702177301609509
0.5,15,CAL_CURRENT_SRM,95.20353574711325,109.65840282641268,15.522182017792899,0.48129115099950553,0.20445293990869343
0.5,15,ORACLE_SRM,97.20284712314773,118.52586871094168,15.854293542051119,1.0441746471665298e-11,0.0
0.5,16,NOMINAL_SRM,72.06286087646845,76.06224551022555,11.67821609243662,5.77759470563423,3.196339236121385
0.5,16,CAL_CURRENT_SRM,95.3494472419489,107.658984375492,15.546419807632708,0.4725159401419333,0.18592881774557646
0.5,16,ORACLE_SRM,96.99895940339752,121.94336506422424,15.820425150066034,1.0441396480944358e-11,0.0
0.5,17,NOMINAL_SRM,69.11210089654831,73.90802857201146,11.188056627333607,8.124360547427706,3.8693514825649618
0.5,17,CAL_CURRENT_SRM,95.09989853200311,112.31739940602763,15.504966533555335,0.4775116771229401,0.20675071860503458
0.5,17,ORACLE_SRM,97.30167738730034,121.8735442738186,15.870710529451884,7.98074036757765e-12,0.0
0.5,18,NOMINAL_SRM,63.25996281875249,67.2318407573306,10.21594066756686,15.913803551413146,7.524830876758753
0.5,18,CAL_CURRENT_SRM,94.73476902955335,103.88421271776107,15.444313792284609,0.4902995284282558,0.19440718238558155
0.5,18,ORACLE_SRM,97.1632927642849,121.03989285265098,15.847723050545666,1.3050861723231042e-11,0.0
0.5,19,NOMINAL_SRM,70.48081403589255,73.45096767382822,11.41541761393564,6.951503756895676,4.466389677070502
0.5,19,CAL_CURRENT_SRM,95.19662561302668,114.59135626405933,15.521034154987822,0.4759472715174139,0.21279328048520407
0.5,19,ORACLE_SRM,97.05363138135243,120.95980294645952,15.82950687397881,1.044168781320733e-11,0.0
0.5,20,NOMINAL_SRM,64.56210344994417,68.45070964581919,10.432243097997372,13.701158997207607,6.900371114997611
0.5,20,CAL_CURRENT_SRM,95.71345450484002,112.37053602454205,15.606886130372096,0.4517956261248371,0.19071404488408467
0.5,20,ORACLE_SRM,97.23381390643164,120.74146578499219,15.85943752598532,5.3599404058814174e-12,0.0
0.5,21,NOMINAL_SRM,69.35106560790936,78.48874680540285,11.22775176211119,7.89776400969008,4.287161398205018
0.5,21,CAL_CURRENT_SRM,95.58728553361021,117.3792074619144,15.585927829503358,0.4578720014002647,0.1843531193289408
0.5,21,ORACLE_SRM,97.0047855510335,118.58292308708043,15.821392948676662,4.440892098500626e-15,0.0
0.5,22,NOMINAL_SRM,63.574069657799164,67.4787446011676,10.268117883355345,15.35592103796163,7.160697964124761
0.5,22,CAL_CURRENT_SRM,94.98061682574104,110.568130281341,15.485152296634723,0.47581875088082015,0.19983286436900322
0.5,22,ORACLE_SRM,97.2089622287608,121.03239908543242,15.855309340325714,5.338891568193822e-16,0.0
0.5,23,NOMINAL_SRM,66.84587099400682,73.75942367128286,10.81160647740977,10.530578996340436,5.677456911771657
0.5,23,CAL_CURRENT_SRM,95.6232789253203,114.74419335573697,15.591906798225965,0.46307570231599043,0.17301978101646948
0.5,23,ORACLE_SRM,97.08808299487066,120.82250154004305,15.83522973336722,1.5558498740041382e-11,0.0
0.5,24,NOMINAL_SRM,67.2758838450013,73.56240108446937,10.883037183555034,10.019599888131983,4.685138301101689
0.5,24,CAL_CURRENT_SRM,95.94992415572457,114.45689985976824,15.646166803276508,0.43777112343806485,0.18476980943027174
0.5,24,ORACLE_SRM,97.11146169756944,120.8605643311702,15.83911323879891,5.359925303670671e-12,0.0
0.5,25,NOMINAL_SRM,63.73814513798939,67.62945480105125,10.295372946509866,15.073336058129307,7.0920689244782205
0.5,25,CAL_CURRENT_SRM,94.57469328711154,111.51174338194923,15.417723137393944,0.4965594668892195,0.23657527485520058
0.5,25,ORACLE_SRM,97.17219302106663,121.34768380473054,15.849201498516052,3.0778151963214595e-12,0.0
0.5,26,NOMINAL_SRM,60.25058325573757,62.738981045146645,9.716043730188966,22.51210212570893,10.412898551251835
0.5,26,CAL_CURRENT_SRM,95.54593006254638,112.94916818037153,15.579058149924647,0.46410017855160757,0.18974397110291155
0.5,26,ORACLE_SRM,97.16486086645043,121.54977221889365,15.847983532632961,1.0442814820661598e-11,0.0
0.5,27,NOMINAL_SRM,69.45033372839677,73.25148320640648,11.244241483122387,7.8093980573244375,4.744491595598628
0.5,27,CAL_CURRENT_SRM,95.63024661956948,109.7856840336874,15.593064222519846,0.46270828007132636,0.1821116948687875
0.5,27,ORACLE_SRM,97.07863435429098,121.24392418812901,15.83366019174269,5.359502046601136e-12,0.0
0.5,28,NOMINAL_SRM,68.3030515398414,77.44376235527942,11.053663046485283,8.90190200710054,4.029643859053226
0.5,28,CAL_CURRENT_SRM,95.35281531246105,113.95993699958186,15.546979287784227,0.4649632509783702,0.20295895993848492
0.5,28,ORACLE_SRM,97.13692010632415,120.92605635764042,15.84334221035285,5.361950252998155e-12,0.0
0.5,29,NOMINAL_SRM,64.9178490986845,69.83037155276476,10.491337059582143,13.154929550157929,6.5375882365184115
0.5,29,CAL_CURRENT_SRM,94.79900488290852,110.82764368424853,15.454984199818691,0.4869733804420716,0.19226323273981924
0.5,29,ORACLE_SRM,97.09159061765916,120.57893434440159,15.835812394959994,5.360063908101567e-12,0.0
0.5,30,NOMINAL_SRM,61.99993679424195,65.48270681488943,10.006634018977069,18.411017790928287,8.602842452068169
0.5,30,CAL_CURRENT_SRM,94.65322734816566,111.64995954130853,15.43076866248599,0.4956430673414108,0.1900305481581793
0.5,30,ORACLE_SRM,97.04742834976898,120.0742154707055,15.828476470061293,5.359956080227997e-12,0.0
0.5,31,NOMINAL_SRM,64.54208396959419,68.6518255848781,10.428917602922624,13.736833772465454,7.126400737624559
0.5,31,CAL_CURRENT_SRM,95.52271315484066,107.24095701000078,15.575201520737652,0.4686761671750849,0.19833632847228425
0.5,31,ORACLE_SRM,97.16491080554619,121.2117722483108,15.847991828163819,5.3599611992168175e-12,0.0
0.5,32,NOMINAL_SRM,66.06200053044824,75.62421582714268,10.681395436951535,11.527710129439722,4.6051156595757154
0.5,32,CAL_CURRENT_SRM,95.37620567558304,113.24142270556663,15.550864730163296,0.47151742476962716,0.2119887378626404
0.5,32,ORACLE_SRM,97.12450802223783,120.44348247130677,15.841280402365088,5.359956131969822e-12,0.0
0.5,33,NOMINAL_SRM,59.466486243042944,63.962874881261996,9.585795056983878,24.634850845999818,11.319982097416228
0.5,33,CAL_CURRENT_SRM,95.20007913991569,112.26493163771651,15.52160783055078,0.4748635805807058,0.1864381406979301
0.5,33,ORACLE_SRM,97.12549325924431,119.98110009749692,15.841444062997393,2.0685906339166146e-11,0.0
0.5,34,NOMINAL_SRM,67.78435799126795,71.56916269746196,10.967501327453148,9.459700480141793,4.0693675352494365
0.5,34,CAL_CURRENT_SRM,95.29757402628721,118.17096169610936,15.537802994399868,0.4515585630217905,0.22884344541272011
0.5,34,ORACLE_SRM,97.18538978637709,119.44744575345135,15.851393652222107,1.30517821008412e-11,0.0
0.5,35,NOMINAL_SRM,72.46008412149551,77.60956236875501,11.744200020181978,5.5167913303514995,2.6393912647831184
0.5,35,CAL_CURRENT_SRM,95.00636147098072,113.13684694127745,15.48942881577753,0.4864567397767265,0.19697948218796776
0.5,35,ORACLE_SRM,97.10465591469867,119.25546952620084,15.837982710082835,5.359942089220131e-12,0.0
0.5,36,NOMINAL_SRM,72.97142646394833,79.03522328575912,11.829140608629292,5.211269898174699,2.7404692124262344
0.5,36,CAL_CURRENT_SRM,95.31497400721153,115.52984213278376,15.540693356679657,0.470304878950474,0.21781662892435827
0.5,36,ORACLE_SRM,97.04181661974917,120.7693814473685,15.82754428899488,1.0441452616019593e-11,0.0
0.5,37,NOMINAL_SRM,69.84048306990324,74.26188918396173,11.309050343837749,7.470112587747564,3.775485926073127
0.5,37,CAL_CURRENT_SRM,95.71688823005965,113.3119280174377,15.607456516621205,0.45934424155940673,0.21484438012392537
0.5,37,ORACLE_SRM,97.11837548188123,119.33662020331609,15.840261707953694,1.5582722720639762e-15,0.0
0.5,38,NOMINAL_SRM,65.88581267051343,75.0161509187522,10.652128350583626,11.772309188647869,4.788359430760942
0.5,38,CAL_CURRENT_SRM,95.15627097829886,109.09007620928756,15.51433072729217,0.484666824042816,0.18962220558914725
0.5,38,ORACLE_SRM,97.17880124170537,120.41467797462248,15.85029920958561,5.361742338679198e-12,0.0
0.5,39,NOMINAL_SRM,71.18981591460332,80.37463628600621,11.533192012392577,6.400906349567315,2.1003763399424584
0.5,39,CAL_CURRENT_SRM,94.98632607795062,112.0260498910899,15.486100677400437,0.47860978676427485,0.20706916716769525
0.5,39,ORACLE_SRM,97.09709354349755,120.10558941028451,15.836726502242119,5.359483325940011e-12,0.0
0.5,40,NOMINAL_SRM,67.63642598307766,75.13031819459431,10.942927904165725,9.618298889252848,3.9873346678529447
0.5,40,CAL_CURRENT_SRM,95.58462116197545,112.55223546679755,15.585485242853064,0.46519315042424453,0.19069378462830505
0.5,40,ORACLE_SRM,96.98183122002169,120.12267747994714,15.81757993688068,1.9860273225978185e-15,0.0
0.5,41,NOMINAL_SRM,64.95730476147425,67.80978344679323,10.497891156391072,13.090096651171372,6.156976657009949
0.5,41,CAL_CURRENT_SRM,95.62384790671206,112.52561238440867,15.59200131340732,0.4598084784921801,0.19075624202192518
0.5,41,ORACLE_SRM,97.08939363147135,120.88039015091465,15.835447447088265,1.044176531220833e-11,0.0
0.5,42,NOMINAL_SRM,63.04515798982008,66.48733399780988,10.180258802295697,16.311292915360198,7.775151472169793
0.5,42,CAL_CURRENT_SRM,95.29669831601905,113.51837705656257,15.537657527577915,0.470883893670292,0.21096722366650877
0.5,42,ORACLE_SRM,97.1178028371395,120.6381275808019,15.840166584242441,1.0441731808409706e-11,0.0
0.5,43,NOMINAL_SRM,63.65503355706295,69.99736038620881,10.28156703605697,15.211764170592593,7.784890282363926
0.5,43,CAL_CURRENT_SRM,95.28124760835479,110.77950390684107,15.535090964842988,0.47115280617754296,0.1933230483193712
0.5,43,ORACLE_SRM,97.15827972032332,119.9703865190809,15.846890318990585,5.36005971939597e-12,0.0
0.5,44,NOMINAL_SRM,66.74623134160541,70.43379071501545,10.79505504013379,10.662450286477021,4.2862593952308785
0.5,44,CAL_CURRENT_SRM,95.16142529756988,108.15794472091297,15.515186926506624,0.46817656221891685,0.20516194930991363
0.5,44,ORACLE_SRM,97.16754573202067,121.35446782376232,15.848429523591474,2.3551386880256624e-16,0.0
0.5,45,NOMINAL_SRM,62.266211694396404,66.10132494861993,10.050865729966182,17.85153808082352,8.517856936925886
0.5,45,CAL_CURRENT_SRM,95.1561204322381,110.49812429388389,15.51430571964088,0.48252142150240857,0.21607642971370142
0.5,45,ORACLE_SRM,97.21914493469171,121.21621649895779,15.857000819716232,3.077817099088712e-12,0.0
0.5,46,NOMINAL_SRM,70.56977584705753,73.93435201882235,11.430195323431484,6.86612112447807,3.246944818195226
0.5,46,CAL_CURRENT_SRM,95.49463785697671,110.5877056423131,15.570537849996132,0.4630486461876648,0.20483719736790632
0.5,46,ORACLE_SRM,97.18301189775596,120.73677071820555,15.850998654112287,5.359942743612164e-12,0.0
0.5,47,NOMINAL_SRM,62.56001729062848,66.16008581727631,10.099670646283801,17.256554231294043,7.812010455282791
0.5,47,CAL_CURRENT_SRM,95.64194393286175,117.04626416303483,15.595007297817567,0.45645019966325695,0.21001007952512565
0.5,47,ORACLE_SRM,97.26523532649207,119.74049933517395,15.86465703097875,1.5558750966274782e-11,0.0
0.5,48,NOMINAL_SRM,67.61762900330707,72.17242437016579,10.939805482276922,9.636168603151551,4.057938369931265
0.5,48,CAL_CURRENT_SRM,94.91902663835245,110.83795220426813,15.474921368497085,0.4832664101969067,0.2058782099462531
0.5,48,ORACLE_SRM,97.27386154685064,121.60211195600434,15.866089957948612,1.0441471476049712e-11,0.0
0.5,49,NOMINAL_SRM,64.69936135505624,68.62700793839977,10.455043414461171,13.487620185778246,6.856010368921325
0.5,49,CAL_CURRENT_SRM,94.63094602813989,109.17404444636311,15.427067446534865,0.504587516587749,0.21151727627982453
0.5,49,ORACLE_SRM,97.10809848657875,121.04842968923408,15.83855456587687,1.0441775024922602e-11,0.0
0.5,50,NOMINAL_SRM,79.59341288292981,87.37604529695838,12.929138352646149,2.4376941555643703,1.184849574972765
0.5,50,CAL_CURRENT_SRM,95.36995618434156,113.18984459104988,15.549826608694612,0.47369998314536804,0.18892952858926018
0.5,50,ORACLE_SRM,97.03248245330242,119.74735508822121,15.825993763007046,2.0684177792638e-11,0.0
0.5,51,NOMINAL_SRM,66.87463545810874,75.6822791875097,10.816384627592814,10.50362301389443,4.351850539793519
0.5,51,CAL_CURRENT_SRM,95.26568615399499,109.53044994444647,15.53250600564701,0.4718783439759998,0.21291917030776983
0.5,51,ORACLE_SRM,97.0104108779494,121.12435278531129,15.822327388363687,1.9860273225978185e-15,0.0
0.5,52,NOMINAL_SRM,62.42910479448678,65.61680039306852,10.077924384466243,17.515155680629277,7.1238565902329185
0.5,52,CAL_CURRENT_SRM,95.17364137121702,105.96865566010709,15.517216174620767,0.4808712795918936,0.2208592035698355
0.5,52,ORACLE_SRM,97.14781239243196,121.07909567297781,15.845151560204645,2.3280911367059715e-11,0.0
0.5,53,NOMINAL_SRM,74.14025869219778,79.10723751144342,12.023298786079364,4.555352086239549,3.3513686983063873
0.5,53,CAL_CURRENT_SRM,95.62694504278555,116.3271605651211,15.592515787838131,0.4609941211797891,0.20064377237563902
0.5,53,ORACLE_SRM,96.9994648945135,120.4833281696819,15.82050911868995,1.0443789462102307e-11,0.0
0.5,54,NOMINAL_SRM,62.42877522193836,66.60500111569027,10.077869638195741,17.518558859892256,7.385280078667074
0.5,54,CAL_CURRENT_SRM,95.41944834000206,112.28955452696954,15.55804789701031,0.46552418540881985,0.1953479835330947
0.5,54,ORACLE_SRM,97.2329083449531,121.00843735352974,15.85928710049055,1.0443885797568406e-11,0.0
0.5,55,NOMINAL_SRM,63.645626511195545,69.83542865063156,10.28000440385308,15.240380509991917,8.124076503778873
0.5,55,CAL_CURRENT_SRM,94.29987961858751,110.27677557039863,15.37207302634344,0.5069422091585407,0.2158666431813869
0.5,55,ORACLE_SRM,97.17754522241991,120.69904288188262,15.850090568508291,7.977859491217012e-12,0.0
0.5,56,NOMINAL_SRM,65.14975239508402,69.37089194008185,10.5298592018412,12.802719311119892,5.334650539122547
0.5,56,CAL_CURRENT_SRM,94.34436808320777,106.87480565049336,15.379463136745477,0.516294831210637,0.23549865626153849
0.5,56,ORACLE_SRM,97.16088734943908,120.5867088546777,15.84732347997327,7.977987575114437e-12,0.0
0.5,57,NOMINAL_SRM,66.6699393811718,73.25355627988715,10.782381957005283,10.739130879227895,5.14652280823708
0.5,57,CAL_CURRENT_SRM,95.12368966329143,111.33345948163482,15.508918548719507,0.4695570266370503,0.20307993550423384
0.5,57,ORACLE_SRM,97.03419369299367,121.12204392962347,15.826278022091971,5.361852712245799e-12,0.0
0.5,58,NOMINAL_SRM,74.23475324471728,81.34408300110775,12.038995555600877,4.509883134618257,2.4193875549854704
0.5,58,CAL_CURRENT_SRM,95.37699911812578,111.90959568382942,15.55099653125013,0.4627328573622243,0.20995694172500035
0.5,58,ORACLE_SRM,97.22128609361462,120.89713237155642,15.857356493955917,5.361733368685286e-12,0.0
0.5,59,NOMINAL_SRM,62.515274129025926,69.83546481694066,10.092238227412945,17.35085184276987,9.292992672002955
0.5,59,CAL_CURRENT_SRM,95.47097201473944,113.60002733254157,15.566606646966685,0.47054805959319396,0.19891967723639703
0.5,59,ORACLE_SRM,97.05245785230844,121.4191972780418,15.829311935599408,1.815576702607513e-11,0.0
0.5,60,NOMINAL_SRM,59.619262104734204,63.42964257614977,9.611173107098706,24.21162969231326,11.76122117892965
0.5,60,CAL_CURRENT_SRM,95.5337576593119,117.7020205636266,15.577036156031877,0.4579180960893533,0.19972784665478602
0.5,60,ORACLE_SRM,97.08408631715413,121.5758087015587,15.834565833414308,1.0443025833596241e-11,0.0
0.5,61,NOMINAL_SRM,61.07938036014424,65.58073036549767,9.853717667798048,20.449879936038233,10.989442628061234
0.5,61,CAL_CURRENT_SRM,95.36178221708468,112.55485250703862,15.548468806824697,0.466115072735319,0.17262448396214716
0.5,61,ORACLE_SRM,97.18436045760357,119.65763478147296,15.851222667376009,1.0443858369364128e-11,0.0
0.5,62,NOMINAL_SRM,64.68214697861933,68.51907193856165,10.452183883491584,13.52834726675134,5.510643705458674
0.5,62,CAL_CURRENT_SRM,95.4855126976028,111.88637574657123,15.569022042791163,0.4611162349220704,0.18728368668347742
0.5,62,ORACLE_SRM,97.06600868032099,120.69084212420371,15.831562903707805,1.7217407965198576e-15,0.0
0.5,63,NOMINAL_SRM,62.74203928825956,66.2384723104594,10.129906858514879,16.900707218145484,7.992004790178735
0.5,63,CAL_CURRENT_SRM,95.40470344841884,112.10246274366014,15.55559857947157,0.46575553730967056,0.20829523650073664
0.5,63,ORACLE_SRM,97.09059310616126,119.4785523726363,15.835646695375626,1.7920088139491047e-15,0.0
0.5,64,NOMINAL_SRM,65.16819790607667,70.16346527617972,10.532923240212073,12.777024585031716,5.866417223121749
0.5,64,CAL_CURRENT_SRM,95.0724339789073,110.47194465285551,15.500404315433107,0.47772878777245076,0.20072999905428657
0.5,64,ORACLE_SRM,97.13674395772556,121.14810806780713,15.843312949788299,5.359955376539124e-12,0.0
0.5,65,NOMINAL_SRM,68.1903078153066,72.91050499356058,11.034934853040962,9.022774746270748,4.044221126431981
0.5,65,CAL_CURRENT_SRM,94.75268729340259,110.50896606302742,15.44729024807352,0.4920567886543537,0.20728433727859039
0.5,65,ORACLE_SRM,97.30163547239941,121.19019010293269,15.870703566843757,7.978230112868456e-12,0.0
0.5,66,NOMINAL_SRM,62.42417738180744,68.23755300659259,10.077105877376653,17.528784112328538,7.662600376761197
0.5,66,CAL_CURRENT_SRM,95.28823858472254,107.54567612387297,15.536252256598427,0.47080213802003124,0.18696762289427438
0.5,66,ORACLE_SRM,97.42961362567378,121.402780080029,15.891962396291326,7.980744726048725e-12,0.0
0.5,67,NOMINAL_SRM,67.46437217233122,76.29532965989088,10.914347536932096,9.81275730143363,4.69447870740045
0.5,67,CAL_CURRENT_SRM,95.53650268990043,113.19098387934623,15.577492141179473,0.469940218483517,0.20416276299295555
0.5,67,ORACLE_SRM,97.07525243519385,119.48268296138713,15.83309841116177,1.0443886247006139e-11,0.0
0.5,68,NOMINAL_SRM,67.34963830639538,74.4315066937162,10.895288755215178,9.939115117534463,5.350127824790865
0.5,68,CAL_CURRENT_SRM,95.93501176298814,119.26681970089383,15.643689661625936,0.443899751794538,0.19581208368042755
0.5,68,ORACLE_SRM,97.1087720253087,121.30838706952477,15.838666449386826,1.555864144466137e-11,0.0
0.5,69,NOMINAL_SRM,61.50693559083385,65.1573738834978,9.92474013136775,19.47982288467926,8.521790731668986
0.5,69,CAL_CURRENT_SRM,95.51742476848932,112.2122333911115,15.574323051244074,0.45573714179056857,0.20159813817294278
0.5,69,ORACLE_SRM,97.17950170434355,119.43369436420228,15.850415565505573,2.5818739101949e-11,0.0
0.5,70,NOMINAL_SRM,64.08161968442145,68.63119497643713,10.352428519006887,14.479408035031533,6.074490300631088
0.5,70,CAL_CURRENT_SRM,95.60010662566896,113.63286204125268,15.588057579014777,0.4718687346815707,0.21921735135540338
0.5,70,ORACLE_SRM,97.21505128520185,120.66062341051826,15.856320811495324,1.55588140308096e-11,0.0
0.5,71,NOMINAL_SRM,65.78673305364393,72.42483896476978,10.63566994246577,11.90174897489856,6.522940385985442
0.5,71,CAL_CURRENT_SRM,95.11852283811265,110.11897573152753,15.508060272111736,0.4829830120969139,0.19368828835572582
0.5,71,ORACLE_SRM,97.2516343539219,120.49985233751485,15.862397733209619,5.359496870827841e-12,0.0
0.5,72,NOMINAL_SRM,66.8205175633426,74.79322275721444,10.807394944076844,10.574459852908742,5.736530070686938
0.5,72,CAL_CURRENT_SRM,95.54346796032615,115.44809524790014,15.578649162844876,0.4565961774583998,0.19160808649862432
0.5,72,ORACLE_SRM,97.23807218667324,120.30317730075042,15.860144881507182,1.973965922574211e-15,0.0
0.5,73,NOMINAL_SRM,68.56072317289646,74.73705992757081,11.096465643338282,8.649590861959116,4.735055951831005
0.5,73,CAL_CURRENT_SRM,94.88401989575044,111.33088773265156,15.469106294975157,0.4852885872863992,0.2016437350242141
0.5,73,ORACLE_SRM,97.0313194065018,121.37381358025557,15.825800565864085,1.0441445123811916e-11,0.0
0.5,74,NOMINAL_SRM,64.52740632325045,71.14624228990878,10.426479455689444,13.7638978447197,6.58103658624253
0.5,74,CAL_CURRENT_SRM,95.56722354513232,109.36891697970735,15.582595273277795,0.46995694360024626,0.18648813026363378
0.5,74,ORACLE_SRM,97.14812900887199,119.58982684693328,15.845204154297672,5.359940932643461e-12,0.0
0.5,75,NOMINAL_SRM,65.87593040347339,72.37947498860788,10.650486777985613,11.797776642185257,5.856773678702004
0.5,75,CAL_CURRENT_SRM,95.12907465138133,114.570471906168,15.50981306501351,0.47885828513770234,0.21930144190290188
0.5,75,ORACLE_SRM,97.01756643585688,120.69852824358749,15.823516019245329,7.980744787827178e-12,0.0
0.5,76,NOMINAL_SRM,70.1572186526886,76.93958967746318,11.361664228021361,7.191633547011339,3.8787004041581543
0.5,76,CAL_CURRENT_SRM,95.18647872290387,108.47867889135733,15.519348625067089,0.47366859917572346,0.17575064749706257
0.5,76,ORACLE_SRM,97.23862721061886,120.7199476344561,15.86023707817589,2.068460292063763e-11,0.0
0.5,77,NOMINAL_SRM,63.186667496587,71.46416963841234,10.203765364881562,16.050759356938958,7.490274759105318
0.5,77,CAL_CURRENT_SRM,95.27164034441896,110.07272300599325,15.533495073823747,0.47717722297178505,0.1801119620427589
0.5,77,ORACLE_SRM,97.123930088161,120.6758550945074,15.841184400026744,4.490574227168739e-15,0.0
0.5,78,NOMINAL_SRM,63.361703698778584,68.88976332056582,10.23284114597651,15.734621670134109,7.055457668571327
0.5,78,CAL_CURRENT_SRM,95.72631510338456,114.53990140803896,15.609022442422685,0.4654184549022539,0.197003103631
0.5,78,ORACLE_SRM,97.17420980443217,120.59573785570775,15.849536512364148,3.0770018021387895e-12,0.0
0.5,79,NOMINAL_SRM,65.93711062745615,72.65823227187109,10.660649605889725,11.695593196840504,5.932257317835013
0.5,79,CAL_CURRENT_SRM,95.89268923758834,116.51989157780379,15.636659341792084,0.4558983815464155,0.17893092604869013
0.5,79,ORACLE_SRM,97.22988240684518,121.3827654005633,15.858784452964315,1.3051754298489222e-11,0.0
0.5,80,NOMINAL_SRM,64.24879187995441,67.9065125117745,10.380197986703392,14.203754634941962,5.745141594895423
0.5,80,CAL_CURRENT_SRM,95.57253037688368,113.36757398544461,15.583476806791309,0.4507629695422928,0.1845790298552162
0.5,80,ORACLE_SRM,97.2375331214964,121.22952619930541,15.860055335796744,5.359495633517154e-12,0.0
0.5,81,NOMINAL_SRM,63.79920048398277,70.24139972974513,10.305515030561924,14.965775239942708,7.389659424828068
0.5,81,CAL_CURRENT_SRM,95.31818003350222,113.47764288643563,15.541225919186415,0.474732453645251,0.2058722394469963
0.5,81,ORACLE_SRM,97.16655466172513,121.11022703281921,15.848264893974275,4.669769914614387e-15,0.0
0.5,82,NOMINAL_SRM,67.20660584188417,72.28156229793534,10.87152920961531,10.108629854169745,5.687545002816892
0.5,82,CAL_CURRENT_SRM,95.25286387175383,111.88215891209792,15.53037605843087,0.4677112534881211,0.20168618104218908
0.5,82,ORACLE_SRM,97.32800636679005,121.43082357298343,15.875084114084727,1.6359316155391407e-15,0.0
0.5,83,NOMINAL_SRM,72.02348418428362,80.11309670488478,11.671675113668375,5.8062858161587245,2.504901490833668
0.5,83,CAL_CURRENT_SRM,94.97112672348419,111.07091281038473,15.483575867688403,0.4821065212207027,0.20890418240130687
0.5,83,ORACLE_SRM,97.36336311273683,120.8266940601427,15.880957327697148,5.359483003962466e-12,0.0
0.5,84,NOMINAL_SRM,63.390194263319714,67.59086275651548,10.237573797893642,15.691769827011411,8.071743902528983
0.5,84,CAL_CURRENT_SRM,94.79969807035147,111.22488481321852,15.455099347234464,0.49009272929166586,0.20806224185820368
0.5,84,ORACLE_SRM,97.10847117992259,120.77137350041923,15.838616475070198,1.0443558060919177e-11,0.0
0.5,85,NOMINAL_SRM,63.625994354961236,67.33874167696143,10.276743248332432,15.262431164688621,6.846490451539082
0.5,85,CAL_CURRENT_SRM,95.47127880728148,116.52831146693731,15.56665760918297,0.46956942235250976,0.2202380706516121
0.5,85,ORACLE_SRM,97.10935613414335,120.69890241375279,15.838763477432451,5.3599250349350144e-12,0.0
0.5,86,NOMINAL_SRM,73.34938945158734,79.97047359199011,11.891925158070988,4.99115995333252,2.470936880773144
0.5,86,CAL_CURRENT_SRM,95.1890567866156,113.36087190353453,15.51977687485309,0.4703672805180075,0.20441530474290365
0.5,86,ORACLE_SRM,97.24298778774872,120.01934951894074,15.860961426536331,1.3048644402146864e-11,0.0
0.5,87,NOMINAL_SRM,61.32583627689549,65.03024609047868,9.894657188853072,19.88985058906399,8.59768134667564
0.5,87,CAL_CURRENT_SRM,95.04122935670864,110.12030266260928,15.49522082337353,0.48490337998193467,0.20036565333403009
0.5,87,ORACLE_SRM,97.15941241368144,120.90674091104133,15.847078474033461,1.044353870489194e-11,0.0
0.5,88,NOMINAL_SRM,62.96086323139777,67.30412755044884,10.166256350730528,16.47318023494455,5.997535925387177
0.5,88,CAL_CURRENT_SRM,94.56946429984973,109.30492441290627,15.416854534858759,0.4984615634989839,0.21063018958154833
0.5,88,ORACLE_SRM,97.29950255591483,122.04972639346244,15.870349261779872,3.077794271811245e-12,0.0
0.5,89,NOMINAL_SRM,61.78909739286114,65.68574305772441,9.97161086260152,18.86229798412911,9.497886828600377
0.5,89,CAL_CURRENT_SRM,95.14579114981359,105.38701789817299,15.512589891995614,0.4715891495879104,0.18785923225840015
0.5,89,ORACLE_SRM,96.97823280257316,120.51246640772345,15.816982193118465,2.5133742693021536e-16,0.0
0.5,90,NOMINAL_SRM,70.97517894567902,75.61933803055395,11.49753803084369,6.562107269330973,3.110402892685486
0.5,90,CAL_CURRENT_SRM,95.09565773688422,109.57734123471772,15.504262082538908,0.47393738217879783,0.19672898809049677
0.5,90,ORACLE_SRM,97.08498077727538,120.04931738140228,15.834714414829797,1.0443819480617058e-11,0.0
0.5,91,NOMINAL_SRM,67.91130962422594,72.78617971605692,10.988589638575737,9.31862902988587,4.658925768286158
0.5,91,CAL_CURRENT_SRM,94.67171378218603,108.06318955513586,15.433839498702,0.499106404835766,0.22807775471432795
0.5,91,ORACLE_SRM,97.01543786677794,121.26918339694485,15.823162436341851,7.977908344795905e-12,0.0
0.5,92,NOMINAL_SRM,61.00368682312264,64.12593780019905,9.841143990551934,20.643836585538455,9.491073296461174
0.5,92,CAL_CURRENT_SRM,95.52522863836762,117.89316527107019,15.575619375144123,0.45898227055228635,0.201194455430395
0.5,92,ORACLE_SRM,97.14360219569332,120.63384926317704,15.844452191975634,1.6050308076832566e-15,0.0
0.5,93,NOMINAL_SRM,67.43039860129682,70.91516906720182,10.908704086594156,9.853638724057728,4.3648734758344965
0.5,93,CAL_CURRENT_SRM,95.60788417670913,109.11196958841636,15.589349531014806,0.4526846584943118,0.2014659041594285
0.5,93,ORACLE_SRM,97.09706446858914,120.17014212733656,15.836721672523113,1.3051756589107969e-11,0.0
0.5,94,NOMINAL_SRM,69.71520295184257,78.98324716001169,11.288239692997104,7.570265220418034,3.612509937024851
0.5,94,CAL_CURRENT_SRM,94.88071113090567,111.7558339050315,15.4685566662634,0.48601554252085966,0.21047462311882445
0.5,94,ORACLE_SRM,97.09173788682506,120.52960540288217,15.835836858276588,2.4907633033585074e-16,0.0
0.5,95,NOMINAL_SRM,65.2664981953757,75.94322516700683,10.549252191922875,12.653844951651715,6.369750985143073
0.5,95,CAL_CURRENT_SRM,95.26080492886416,114.86685778168857,15.531695170907668,0.4797822951486338,0.22165588301840874
0.5,95,ORACLE_SRM,97.1174835424071,119.44158999533626,15.840113545250349,1.0441470402126125e-11,0.0
0.5,96,NOMINAL_SRM,67.67584211882198,70.3563557358565,10.949475435020261,9.580746792320515,4.164868621604044
0.5,96,CAL_CURRENT_SRM,95.29737663729551,105.90943666672645,15.537770205530817,0.4710982049357759,0.1835977311975393
0.5,96,ORACLE_SRM,97.19734017925026,120.2110407421261,15.85337876731732,2.068452722386341e-11,0.0
0.5,97,NOMINAL_SRM,67.44122765303975,74.73249799949456,10.910502932398629,9.842585095319908,5.28273853962403
0.5,97,CAL_CURRENT_SRM,95.35055907032168,112.92052178520566,15.546604496731176,0.46427324131634257,0.1935379792871852
0.5,97,ORACLE_SRM,97.14642922079285,120.29825892772936,15.844921797473896,5.359503823795635e-12,0.0
0.5,98,NOMINAL_SRM,62.072750757678186,67.63751536142917,10.018729361740563,18.243991525742704,8.38199243590837
0.5,98,CAL_CURRENT_SRM,95.03405883085665,109.54816790323818,15.494029706122367,0.4822169978013443,0.19978130837852
0.5,98,ORACLE_SRM,97.10616970001934,120.24016838799386,15.838234169438428,1.3050877384919734e-11,0.0
0.5,99,NOMINAL_SRM,71.82149495990005,76.12508704990255,11.638122086362134,5.9422264153566005,3.866618784471144
0.5,99,CAL_CURRENT_SRM,94.97995852870434,104.90310062890102,15.4850429449675,0.4786193274577321,0.19831623691864889
0.5,99,ORACLE_SRM,97.34649803618368,120.84977885750942,15.878155819964066,1.0443789141377975e-11,0.0
0.5,100,NOMINAL_SRM,64.35864741201038,67.07878917104262,10.398446413955215,14.031863192997685,6.683958443100797
0.5,100,CAL_CURRENT_SRM,95.27280620785177,113.84942374301973,15.53368873884581,0.4807045007688925,0.20222756814410062
0.5,100,ORACLE_SRM,97.09271451593686,120.41440621535598,15.835999089026057,3.077261197855906e-12,0.0
0.5,101,NOMINAL_SRM,72.4376456993838,77.7285722020453,11.740472707538837,5.534559383828598,2.7569362814831293
0.5,101,CAL_CURRENT_SRM,94.9653894036072,109.81722725820154,15.482622824519469,0.4878400396744752,0.21547278745391119
0.5,101,ORACLE_SRM,97.21668956236287,120.332250127613,15.856592950558618,5.35994037368641e-12,0.0
0.5,102,NOMINAL_SRM,62.447553536712014,66.47927379378243,10.080988959586714,17.481888662096264,8.403318338121135
0.5,102,CAL_CURRENT_SRM,95.59532477188993,114.7302132206781,15.587263251144508,0.46089865383925077,0.22818720060700814
0.5,102,ORACLE_SRM,97.2161023216697,120.27355681742455,15.856495402270713,5.3599131513007695e-12,0.0
0.5,103,NOMINAL_SRM,66.1391410691976,73.07375112601649,10.694209479933157,11.436498015637623,4.993082105485943
0.5,103,CAL_CURRENT_SRM,95.53592905830516,112.55836620596025,15.577396853539064,0.4595200971868717,0.20472912679248578
0.5,103,ORACLE_SRM,97.10494338581847,121.42159385192869,15.838030462760544,3.077052752016717e-12,0.0
0.5,104,NOMINAL_SRM,63.921765659242446,67.55020006689466,10.325874694226322,14.750988402517866,8.010405279582438
0.5,104,CAL_CURRENT_SRM,95.37078581524838,106.98638502227773,15.549964421137606,0.4649399832361694,0.19510227887644233
0.5,104,ORACLE_SRM,97.15736809711687,120.14727680496193,15.846738886564264,7.021666937153402e-16,0.0
0.5,105,NOMINAL_SRM,67.67100556011367,75.55159475503339,10.948672019952436,9.590971908997576,5.35382129927667
0.5,105,CAL_CURRENT_SRM,95.14071221314904,109.31536369580027,15.511746214808811,0.4879483074239591,0.19661307084461122
0.5,105,ORACLE_SRM,96.97988935957163,120.35862757276158,15.817257368699606,5.3599602921546615e-12,0.0
0.5,106,NOMINAL_SRM,67.35156688645631,69.74160915084578,10.895609117351547,9.938386426134219,4.615449222153052
0.5,106,CAL_CURRENT_SRM,95.34136956365873,105.98946958424054,15.545078000607763,0.4699885320368869,0.17602018754147908
0.5,106,ORACLE_SRM,97.017220337954,119.85577459135035,15.823458527899335,1.0441444937955971e-11,0.0
0.5,107,NOMINAL_SRM,65.32587651093779,68.42436675430368,10.559115699491327,12.558949404798902,6.220078365441417
0.5,107,CAL_CURRENT_SRM,95.48298975239824,109.70478988470929,15.568602948903361,0.46384738297351524,0.19658667142143244
0.5,107,ORACLE_SRM,97.25455246714395,121.65592640233129,15.86288246962524,5.3617346936988615e-12,0.0
0.5,108,NOMINAL_SRM,67.25920897910216,75.54759293738877,10.880267272276106,10.045225229966855,4.752042506937166
0.5,108,CAL_CURRENT_SRM,95.72171346563904,115.04253980661672,15.608258050770605,0.4598962137967318,0.1845697640116909
0.5,108,ORACLE_SRM,97.0468206009805,120.66724137450466,15.82837551511304,5.359602876590266e-12,0.0
0.5,109,NOMINAL_SRM,66.51706540382604,69.54142918659606,10.756987608608977,10.947039817905099,4.392315824804509
0.5,109,CAL_CURRENT_SRM,95.15153137101527,111.4877190191094,15.51354341711217,0.47179366855720756,0.20411014474632502
0.5,109,ORACLE_SRM,97.01416353608792,120.61274081812898,15.822950753502978,1.8511117084211232e-15,0.0
0.5,110,NOMINAL_SRM,66.98910907636545,75.1124323509704,10.835400178798247,10.366908668453945,5.504544835100391
0.5,110,CAL_CURRENT_SRM,94.85234164336686,111.6654784538485,15.463844126805126,0.48730010034284843,0.21560560150191693
0.5,110,ORACLE_SRM,97.36236896101494,121.11368495130863,15.880792186215107,1.5558497802037822e-11,0.0
0.5,111,NOMINAL_SRM,66.31374101017781,70.6039416824567,10.72321279238834,11.20595979411431,5.680511665670162
0.5,111,CAL_CURRENT_SRM,95.39735425454506,112.92439027380215,15.554377783147022,0.4608225222620164,0.20320812367580918
0.5,111,ORACLE_SRM,97.13816016394645,120.79178744440097,15.843548199991105,5.36185486063179e-12,0.0
0.5,112,NOMINAL_SRM,64.4268225699705,68.15009480908762,10.409771191025001,13.918710248088203,7.088641325235491
0.5,112,CAL_CURRENT_SRM,94.24536232388157,109.5890651156357,15.36301699732252,0.5204166213275631,0.20944371471465087
0.5,112,ORACLE_SRM,96.99574370665681,120.70043196149254,15.819890981172229,5.359940148465077e-12,0.0
0.5,113,NOMINAL_SRM,71.96506014735739,77.04976480613698,11.661970124145746,5.851081751585627,3.034567458981515
0.5,113,CAL_CURRENT_SRM,95.79187388951787,117.51850950380606,15.619912606232205,0.45478471268451903,0.19616235169062304
0.5,113,ORACLE_SRM,97.30309396398431,121.2937086432521,15.870945841193407,5.359511031460327e-12,0.0
0.5,114,NOMINAL_SRM,71.2504453337956,75.6907590102642,11.543263344484318,6.344212603940127,2.770262630112072
0.5,114,CAL_CURRENT_SRM,94.5509319997073,110.6738601554502,15.413776079685599,0.5070016691754339,0.2296349053883009
0.5,114,ORACLE_SRM,97.09633923145907,120.81802654944977,15.836601201239048,5.361853290984622e-12,0.0
0.5,115,NOMINAL_SRM,64.81818950368373,67.18403227871006,10.474782309582015,13.307993900215116,6.175693988406638
0.5,115,CAL_CURRENT_SRM,95.26239611546985,113.32819982249966,15.531959487619577,0.4762974628058785,0.20893325003021895
0.5,115,ORACLE_SRM,97.05583708700063,120.41254519538745,15.829873270265885,1.0441392750193279e-11,0.0
0.5,116,NOMINAL_SRM,65.29817044861231,72.19625270455747,10.554513363556863,12.59251719181001,6.8770028383750335
0.5,116,CAL_CURRENT_SRM,95.2233715425183,109.6460202812734,15.525477000418322,0.4819176399401922,0.1943624996085812
0.5,116,ORACLE_SRM,97.05018701784537,121.28300498106292,15.828934720572322,1.5560635975662115e-11,0.0
0.5,117,NOMINAL_SRM,71.54802382964307,77.74228763104892,11.592694988312802,6.140396897461698,2.7299853430935106
0.5,117,CAL_CURRENT_SRM,95.75170074380496,112.81579041541958,15.61323932621345,0.45449711117413366,0.18513316318185008
0.5,117,ORACLE_SRM,97.17358033815071,122.14854836688579,15.849431949858923,5.361720573027282e-12,0.0
0.5,118,NOMINAL_SRM,62.325395046547726,65.39225659878186,10.060696851586002,17.721414004978996,8.36101925351983
0.5,118,CAL_CURRENT_SRM,95.34410127615044,113.2850172334422,15.545531773446918,0.4646369335640978,0.21109404970817197
0.5,118,ORACLE_SRM,97.20660954178783,121.4640077836077,15.854918528536183,1.815586069689134e-11,0.0
0.5,119,NOMINAL_SRM,65.28919106493473,69.68903545706726,10.553021771583843,12.59520663632922,7.778181705385237
0.5,119,CAL_CURRENT_SRM,95.44656326294671,113.96721960179023,15.562552037034338,0.46139374684991685,0.1859579493156399
0.5,119,ORACLE_SRM,97.2523252910683,121.41702828418909,15.862512506821977,5.361846266928527e-12,0.0
0.5,120,NOMINAL_SRM,65.92657321338314,68.66448882684938,10.65889920488092,11.705588569809404,5.428481082303859
0.5,120,CAL_CURRENT_SRM,95.46543661088435,112.78046269250261,15.565687144665175,0.468085366504094,0.1989696106094431
0.5,120,ORACLE_SRM,97.21538960429922,121.24051724889432,15.856377010680934,5.359940148465077e-12,0.0
0.5,121,NOMINAL_SRM,61.65737816198076,65.67310248931298,9.949730591691157,19.149985595596192,8.928022887719989
0.5,121,CAL_CURRENT_SRM,95.28554689039908,111.18265744630304,15.535805131295527,0.4751525974593474,0.2161483279907609
0.5,121,ORACLE_SRM,97.02834406039436,121.04328973788071,15.825306322324645,3.0778134467356946e-12,0.0
0.5,122,NOMINAL_SRM,62.92075064033601,66.30371546257068,10.159593129623923,16.55687501448045,8.127990569029505
0.5,122,CAL_CURRENT_SRM,95.392578087744,112.88763047154657,15.553584399957476,0.4646606361839792,0.1986823392837512
0.5,122,ORACLE_SRM,97.12455022612852,121.17616756141949,15.84128741297816,1.0441772935237846e-11,0.0
0.5,123,NOMINAL_SRM,67.00224509583988,70.54423265619354,10.837582241833868,10.345762817561775,5.3773973125924535
0.5,123,CAL_CURRENT_SRM,95.57011229483666,111.71056736107724,15.583075132032668,0.4566006672514647,0.18252558665899765
0.5,123,ORACLE_SRM,97.342497984701,121.26818861693324,15.877491359584884,1.1102230246251565e-16,0.0
0.5,124,NOMINAL_SRM,64.11565283263619,67.60924517930816,10.35808186588641,14.426974843925429,6.27239522385112
0.5,124,CAL_CURRENT_SRM,95.03440882091651,107.15170803631449,15.494087844006065,0.4772770759588365,0.19936189911261934
0.5,124,ORACLE_SRM,97.21094176103777,120.02560911075962,15.855638166285345,2.068449850752162e-11,0.0
0.5,125,NOMINAL_SRM,73.58090047669253,83.21896363588283,11.93038213898547,4.862092921590092,2.0706754069334856
0.5,125,CAL_CURRENT_SRM,95.59558513390074,115.15136334058812,15.587306500647964,0.4590422572828635,0.1981602157814291
0.5,125,ORACLE_SRM,97.17542033870431,121.01073277713428,15.849737597791414,5.359942278940649e-12,0.0
0.5,126,NOMINAL_SRM,69.05146563289209,73.80442171956892,11.17798432440068,8.172984151245158,3.8750225110512417
0.5,126,CAL_CURRENT_SRM,95.66165232400715,114.38294433353852,15.59828111694471,0.4567519669042795,0.19164255681457393
0.5,126,ORACLE_SRM,97.11608630622908,120.61502177320664,15.839881446217456,5.35950256923782e-12,0.0
0.5,127,NOMINAL_SRM,61.99428381568096,65.0329169592925,10.005694985993516,18.405983908299277,8.500066829301304
0.5,127,CAL_CURRENT_SRM,95.37170545226655,113.01165935378314,15.550117184761886,0.46804815833308605,0.20451548181933327
0.5,127,ORACLE_SRM,97.24155174623634,120.29636922204392,15.860722881434608,5.360062264972094e-12,0.0
1.0,0,NOMINAL_SRM,63.855595731134045,68.10130404279728,10.314883011816288,14.86049393581415,6.906561056417394
1.0,0,CAL_CURRENT_SRM,95.57985208467821,110.5903972375444,15.584693037321962,0.4565378628844028,0.21721946607155737
1.0,0,ORACLE_SRM,97.18912777598491,121.14052985937693,15.852014580728392,2.611090194369167e-16,0.0
1.0,1,NOMINAL_SRM,57.02346198461547,60.02833683547326,9.179977073856392,32.644684972065036,15.73079700686439
1.0,1,CAL_CURRENT_SRM,95.54381415274185,116.42977186586664,15.578706669890673,0.45901775807382916,0.20455269979477675
1.0,1,ORACLE_SRM,97.33674662262848,120.63639738450397,15.87653598382533,7.980813282076184e-12,0.0
1.0,2,NOMINAL_SRM,60.88849469789423,64.49651110695814,9.822009086028944,20.924408538002577,9.528501973464882
1.0,2,CAL_CURRENT_SRM,95.42950714261978,113.02686631795994,15.559718794455113,0.4627001357579092,0.21798636833907944
1.0,2,ORACLE_SRM,97.09311925562781,121.59988619824261,15.83606632153286,1.0443898992721745e-11,0.0
1.0,3,NOMINAL_SRM,57.39924960091101,59.71548368861192,9.242400265932062,31.262992391079212,14.376938730051707
1.0,3,CAL_CURRENT_SRM,94.70392557989287,111.81943887120157,15.439190295663268,0.48829102692196874,0.2240217380212668
1.0,3,ORACLE_SRM,97.11881143582923,120.90973684939718,15.840334125553028,1.3048643984394807e-11,0.0
1.0,4,NOMINAL_SRM,55.927450696754605,58.71894362231339,8.997915398131996,37.032045259594845,17.999281993443063
1.0,4,CAL_CURRENT_SRM,95.12343396829706,112.63147910332593,15.50887607446795,0.47300955620126794,0.20731772004468504
1.0,4,ORACLE_SRM,97.18197672475144,119.58024085502865,15.850826698463694,5.359955395511129e-12,0.0
1.0,5,NOMINAL_SRM,58.7951756550628,65.63873264017296,9.474281670276213,26.620977633404866,9.759194320924754
1.0,5,CAL_CURRENT_SRM,95.03092943409014,108.65085694326133,15.49350987277245,0.48340034893206696,0.18712114285390816
1.0,5,ORACLE_SRM,97.18762364626559,121.20300421515105,15.851764725293288,1.0441750019799985e-11,0.0
1.0,6,NOMINAL_SRM,59.55670492624425,63.01357418209662,9.600781549210009,24.3867180799793,11.06648560964225
1.0,6,CAL_CURRENT_SRM,95.67499404832303,112.67401715112447,15.600497350219772,0.4594271465599131,0.17271673995744116
1.0,6,ORACLE_SRM,97.24279142286944,121.26885560842007,15.860928807785623,1.9586533768896514e-15,0.0
1.0,7,NOMINAL_SRM,61.07270484176209,69.57739186661732,9.852608777701345,20.473877533378936,9.262708617219756
1.0,7,CAL_CURRENT_SRM,96.18223826014516,116.95835088959528,15.684757186070623,0.4401796190492331,0.1800971610045167
1.0,7,ORACLE_SRM,97.1314626496362,120.55122499429437,15.84243565608575,1.04438990234071e-11,0.0
1.0,8,NOMINAL_SRM,53.22892934751408,56.27085001307127,8.549656037793039,50.52615945029262,24.45527849869021
1.0,8,CAL_CURRENT_SRM,95.25760751764714,109.4202306076187,15.53116403947627,0.46985226562718907,0.22118766578042068
1.0,8,ORACLE_SRM,97.31870665903655,120.43864189451219,15.873539312132317,3.0772596949816265e-12,0.0
1.0,9,NOMINAL_SRM,62.92912758258582,67.00755031254955,10.160984648270071,16.54135724326923,8.44712958727381
1.0,9,CAL_CURRENT_SRM,93.98566373002238,108.72675644127982,15.319877696017008,0.5227733075054867,0.22145749209306473
1.0,9,ORACLE_SRM,97.24330382229786,120.2000876099905,15.861013923969745,1.04414787551102e-11,0.0
1.0,10,NOMINAL_SRM,61.56263521489151,67.32663975503442,9.93399256061321,19.355583622437724,8.096687187962104
1.0,10,CAL_CURRENT_SRM,95.68712428179609,113.4815206587375,15.602512339168786,0.4657563358333579,0.17317846957717362
1.0,10,ORACLE_SRM,96.99425445118553,121.45642114877325,15.819643596542447,7.977961267923636e-12,0.0
1.0,11,NOMINAL_SRM,60.76139939014475,66.73263652528478,9.80089690866192,21.224436873175364,10.37996744559798
1.0,11,CAL_CURRENT_SRM,94.45447513463694,109.93554595869031,15.397753344624077,0.49081068070134753,0.2202591655412738
1.0,11,ORACLE_SRM,97.1235473243124,121.28353084720035,15.841120817992094,2.5133742693021536e-16,0.0
1.0,12,NOMINAL_SRM,61.50138624598863,64.34223718680181,9.923818313287148,19.479954479399893,8.848394719934113
1.0,12,CAL_CURRENT_SRM,95.65987092773605,115.22718352829544,15.597985203942866,0.4581416036884266,0.19197422510862316
1.0,12,ORACLE_SRM,97.22302049045712,120.98997970782872,15.857644599743708,5.361721223825773e-12,0.0
1.0,13,NOMINAL_SRM,58.13132712415731,61.00019698345396,9.36400782793311,28.73961070336183,14.15207327960091
1.0,13,CAL_CURRENT_SRM,94.96907048038354,113.73385864215697,15.483234299067032,0.4872280642068092,0.2171412717350522
1.0,13,ORACLE_SRM,97.00027524119427,121.08580361907786,15.820643727773135,5.359942536500616e-12,0.0
1.0,14,NOMINAL_SRM,60.24391285987932,64.49837381781755,9.714935691009856,22.531552388829734,11.552198236041509
1.0,14,CAL_CURRENT_SRM,95.49852356902113,110.48483535873503,15.571183317113144,0.4693242799541458,0.17564740101823723
1.0,14,ORACLE_SRM,97.129552726077,119.0797471069443,15.842118393036046,5.359959879370184e-12,0.0
1.0,15,NOMINAL_SRM,61.82589527161713,66.53075907631523,9.977723467046035,18.779184528722254,9.406294821433619
1.0,15,CAL_CURRENT_SRM,95.62272510021396,110.81219965071682,15.591814800699993,0.45718563408611634,0.19964519862598235
1.0,15,ORACLE_SRM,97.21440622872295,120.23389550968707,15.856213659256305,1.3051758194099097e-11,0.0
1.0,16,NOMINAL_SRM,66.05608814198834,70.0531385560155,10.680413312622647,11.540418711212993,6.402923147601825
1.0,16,CAL_CURRENT_SRM,95.61940431086688,111.69302823362145,15.591263174562606,0.4618627191247531,0.20048538295867152
1.0,16,ORACLE_SRM,97.16149185623817,119.88360933518496,15.847423896385079,1.7008359923775272e-15,0.0
1.0,17,NOMINAL_SRM,63.096974015301384,67.86322047995614,10.18886611549857,16.218839505122613,7.738514716574666
1.0,17,CAL_CURRENT_SRM,94.97053314190251,110.04380953023002,15.483477266096763,0.4807982428606767,0.23934095574300254
1.0,17,ORACLE_SRM,97.34531334566807,118.26058530940252,15.877959027519614,1.0441772989243262e-11,0.0
1.0,18,NOMINAL_SRM,57.26293222810544,61.28110452746519,9.219756184070672,31.755570086544704,15.057388870666674
1.0,18,CAL_CURRENT_SRM,94.86163879199239,110.02822009608275,15.465388503653221,0.48435746844568534,0.21022303890235614
1.0,18,ORACLE_SRM,97.06439894118552,120.46402979235062,15.831295505180318,7.980254873133718e-12,0.0
1.0,19,NOMINAL_SRM,64.4386587195781,67.42257403771544,10.411737328833572,13.901601592032927,8.934482263160303
1.0,19,CAL_CURRENT_SRM,95.39693494524369,114.91058848027018,15.55430813043915,0.4707574886457153,0.19439536366939425
1.0,19,ORACLE_SRM,97.0233232692469,120.60155925027188,15.824472303861612,1.5558786537698433e-11,0.0
1.0,20,NOMINAL_SRM,58.53294091861292,62.43443738223121,9.430721082826068,27.43513512238967,13.803339680720569
1.0,20,CAL_CURRENT_SRM,95.76026059557336,116.93220251502797,15.614661228500557,0.4487887380275652,0.2092372545780803
1.0,20,ORACLE_SRM,97.2825525155273,121.40833660667732,15.86753364045304,5.359941721277288e-12,0.0
1.0,21,NOMINAL_SRM,63.304172339263104,72.39253464115586,10.223284441738059,15.830430901858938,8.562718567130931
1.0,21,CAL_CURRENT_SRM,95.29458553391774,113.8727258972701,15.537306567095971,0.4678700675340339,0.1889989833766816
1.0,21,ORACLE_SRM,97.10932083209072,120.27889580543275,15.838757613304105,7.98084711352549e-12,0.0
1.0,22,NOMINAL_SRM,57.558128210919904,61.471818319152916,9.268792061614603,30.68944627802493,14.316983283039011
1.0,22,CAL_CURRENT_SRM,94.95542513261219,109.64426928504705,15.480967630002025,0.47627184145165785,0.2203121110393651
1.0,22,ORACLE_SRM,97.1741192600075,120.42183001603743,15.849521471762044,1.0443559961112601e-11,0.0
1.0,23,NOMINAL_SRM,60.80275662213232,67.89886952103002,9.807766880752878,21.124538673444462,11.353486891660008
1.0,23,CAL_CURRENT_SRM,95.56911176020434,114.53665417795621,15.582908930266502,0.45673603618923825,0.16159151957922996
1.0,23,ORACLE_SRM,97.07147178653841,120.21264805031646,15.832470396434951,1.5100665727558131e-15,0.0
1.0,24,NOMINAL_SRM,61.25439326871017,67.62196623982388,9.882789579519962,20.06072135570765,9.37211772795613
1.0,24,CAL_CURRENT_SRM,95.06923969673903,108.53563634622245,15.499873703777249,0.46891250312474636,0.2164213383854974
1.0,24,ORACLE_SRM,97.17624441130741,119.32301285804145,15.849874486928142,1.0441445681360707e-11,0.0
1.0,25,NOMINAL_SRM,57.70941698155596,61.539783634419564,9.293923086637204,30.15699824427112,14.191882919739806
1.0,25,CAL_CURRENT_SRM,94.06789889784108,109.00701187271733,15.333538022897189,0.5276552275939594,0.2512213736384143
1.0,25,ORACLE_SRM,97.24093971423147,121.25469679960462,15.860621214988617,5.3599416795962614e-12,0.0
1.0,26,NOMINAL_SRM,54.21004630897717,56.706486192055365,8.712632277238733,45.130556619448434,20.828158504686225
1.0,26,CAL_CURRENT_SRM,95.34582882466961,112.67937267128215,15.54581874163947,0.4667639554131378,0.19705217088410845
1.0,26,ORACLE_SRM,97.17525323226447,120.71166553660746,15.84970983924659,1.0441731748796935e-11,0.0
1.0,27,NOMINAL_SRM,63.45689693548427,67.43221950575435,10.248653975994065,15.56642354068104,9.49178112712385
1.0,27,CAL_CURRENT_SRM,94.4302707372834,105.74300687312831,15.39373268061186,0.5071927064241377,0.20432291945847114
1.0,27,ORACLE_SRM,97.02410873793609,120.34872798477026,15.824602780388055,4.464422001611701e-15,0.0
1.0,28,NOMINAL_SRM,62.28939150735709,71.58218023366382,10.054716197235397,17.792048656200556,8.057884021526442
1.0,28,CAL_CURRENT_SRM,95.08947679157129,112.69430016063512,15.50323534743709,0.47510135073274723,0.20138633294349068
1.0,28,ORACLE_SRM,97.27823054588302,121.40477226503086,15.866815705296183,5.3619526785038475e-12,0.0
1.0,29,NOMINAL_SRM,58.89584524671893,63.780525349660415,9.491004193807132,26.303682770720126,13.079448130616797
1.0,29,CAL_CURRENT_SRM,94.94680053434723,110.34447640496342,15.479534972482929,0.49210539900411754,0.21359341128428966
1.0,29,ORACLE_SRM,97.21323483876391,121.33345639396715,15.85601907620663,5.360060772609104e-12,0.0
1.0,30,NOMINAL_SRM,55.97839268938665,59.47044487123669,9.00637752315393,36.81727073518722,17.19024464899816
1.0,30,CAL_CURRENT_SRM,94.65918214358446,111.03902255637414,15.43175783116021,0.4972230330883617,0.22976055781788626
1.0,30,ORACLE_SRM,97.10837686866581,120.39479305019705,15.838600808748474,1.8162326146049045e-11,0.0
1.0,31,NOMINAL_SRM,58.50437512346431,62.77554365539678,9.425975934130285,27.515265188990707,14.247724004363683
1.0,31,CAL_CURRENT_SRM,94.74187665878574,109.50332942619778,15.445494461592316,0.4993391927779175,0.20605757131562258
1.0,31,ORACLE_SRM,97.10457174186773,120.57717959123718,15.837968727885006,1.0443871548324247e-11,0.0
1.0,32,NOMINAL_SRM,60.0475275428948,69.4997922719486,9.682313545331363,23.05153335780327,9.212883314915366
1.0,32,CAL_CURRENT_SRM,94.52296593835865,108.69697756284677,15.409130554544626,0.5083114152690482,0.20833957781349882
1.0,32,ORACLE_SRM,97.01209478470952,120.42423598220924,15.822607107094605,7.980842247761e-12,0.0
1.0,33,NOMINAL_SRM,53.459584123609886,57.86370672043972,8.587970784652805,49.19694279001801,22.63535498177875
1.0,33,CAL_CURRENT_SRM,94.10154869633588,108.02313170863563,15.339127690421243,0.5097084734648134,0.2448975738412863
1.0,33,ORACLE_SRM,97.1656119973564,121.03275072908195,15.848108305208703,2.068589814540623e-11,0.0
1.0,34,NOMINAL_SRM,61.772718559116896,65.53865918564624,9.968890126099152,18.89748296734907,8.133842865991356
1.0,34,CAL_CURRENT_SRM,95.4140186993269,110.76677245576292,15.55714596334334,0.4643638354619113,0.2326228633882853
1.0,34,ORACLE_SRM,97.15172442355167,120.21256158152768,15.845801399261076,7.980812789783347e-12,0.0
1.0,35,NOMINAL_SRM,66.45476968810945,71.63225583878285,10.74663948307466,11.019309782624838,5.278385500482295
1.0,35,CAL_CURRENT_SRM,94.66794267157402,111.50336040418041,15.43321306836778,0.5002494212727027,0.21702934830618278
1.0,35,ORACLE_SRM,97.14852078732915,121.40500571998912,15.845269233775607,2.328214870250513e-11,0.0
1.0,36,NOMINAL_SRM,66.93171204866454,72.97411515215356,10.825865788814706,10.434860656510239,5.482582506150574
1.0,36,CAL_CURRENT_SRM,95.18962055627497,111.67778552632099,15.519870524298168,0.4795479042710081,0.17357541003212298
1.0,36,ORACLE_SRM,97.02727853837192,121.36526767305128,15.82512932531095,5.36184779824873e-12,0.0
1.0,37,NOMINAL_SRM,63.77316275096721,68.37130184678577,10.301189825742062,15.008225897560502,7.550839860594086
1.0,37,CAL_CURRENT_SRM,96.22370327211483,118.14213045781614,15.691645061813094,0.4426304174720729,0.1794595883794315
1.0,37,ORACLE_SRM,97.14431877875637,121.3589231360385,15.844571225707039,1.0441765257022428e-11,0.0
1.0,38,NOMINAL_SRM,59.943184113644854,69.11653256907157,9.664980749774895,23.318340358151914,9.574916482276953
1.0,38,CAL_CURRENT_SRM,95.85534094385966,114.9913926234167,15.63045530628898,0.45398765432375665,0.17792273103003367
1.0,38,ORACLE_SRM,97.17818992705502,121.19937749944229,15.850197662301499,5.361837447570784e-12,0.0
1.0,39,NOMINAL_SRM,65.22972942853018,74.49950977865304,10.543144423343884,12.693606617062875,4.193449590749597
1.0,39,CAL_CURRENT_SRM,95.53882627471417,113.00259922523117,15.577878118723284,0.46088010713128313,0.21430807630293225
1.0,39,ORACLE_SRM,97.05399016655542,120.70888290625896,15.829566472849738,1.0441771946318958e-11,0.0
1.0,40,NOMINAL_SRM,61.63026268584599,68.8832143740627,9.945226359775083,19.203111462008426,7.977497638003179
1.0,40,CAL_CURRENT_SRM,95.81169813627254,110.75968758603487,15.623205670477166,0.45440909983834615,0.18853340160520526
1.0,40,ORACLE_SRM,96.97213956302926,121.29606073433847,15.815970027081272,5.359941487863534e-12,0.0
1.0,41,NOMINAL_SRM,58.92708684102446,61.79590025997776,9.496193827412702,26.205654719776817,12.316697962591752
1.0,41,CAL_CURRENT_SRM,95.42530061698393,113.97690898312163,15.559020036043842,0.4675975476584331,0.19577410977420956
1.0,41,ORACLE_SRM,96.96494107776584,120.2658230752978,15.814774265409609,1.0441746577905728e-11,0.0
1.0,42,NOMINAL_SRM,57.04212965241818,60.47201896777864,9.183078015351859,32.56722007639163,15.557641278490651
1.0,42,CAL_CURRENT_SRM,95.11582774405419,110.95730788924605,15.507612582068802,0.47892902255875497,0.20529830665098622
1.0,42,ORACLE_SRM,97.06522671209214,120.4073892008854,15.83143300865318,1.044173315884544e-11,0.0
1.0,43,NOMINAL_SRM,57.654406897676424,64.02125292544837,9.284785198949573,30.3588359348037,15.57412241743074
1.0,43,CAL_CURRENT_SRM,94.52734127160693,103.77665536726396,15.40985735408753,0.5018458383600211,0.20861965850392475
1.0,43,ORACLE_SRM,97.15804194310562,120.94488812527169,15.84685082111389,1.0443288610950227e-11,0.0
1.0,44,NOMINAL_SRM,60.67802079520182,64.3368395666545,9.787046643721233,21.435407322444743,8.582041749948193
1.0,44,CAL_CURRENT_SRM,95.29170331891976,117.49205742058456,15.53682779384049,0.4753191522426066,0.21668805821424844
1.0,44,ORACLE_SRM,97.15382927031327,119.50755916330394,15.846151041580278,3.0772597852930446e-12,0.0
1.0,45,NOMINAL_SRM,56.270332079629156,60.163085781649045,9.054872438476606,35.59998500136263,17.04311370021081
1.0,45,CAL_CURRENT_SRM,95.04964061867311,114.66635072829817,15.496618042968954,0.47459057023087203,0.2191329567928423
1.0,45,ORACLE_SRM,97.20325501467269,121.59938108879493,15.854361298118388,1.5558844438233795e-11,0.0
1.0,46,NOMINAL_SRM,64.54761668936945,67.9230480060166,10.429836659363696,13.726534667050077,6.494410908730452
1.0,46,CAL_CURRENT_SRM,94.9754235320272,113.85130789811217,15.48428962326033,0.48011648130810886,0.2186129306419893
1.0,46,ORACLE_SRM,97.20588742849517,119.5173616725285,15.85479857616199,7.980100491516845e-12,0.0
1.0,47,NOMINAL_SRM,56.569091517153616,60.279619797791845,9.104500252018875,34.38864578378809,15.629446840340982
1.0,47,CAL_CURRENT_SRM,95.38017341527913,114.08341312982691,15.551523823136069,0.4715379085430287,0.21375614254105937
1.0,47,ORACLE_SRM,97.16966591633677,120.75725723945501,15.848781713677205,5.3599602921546615e-12,0.0
1.0,48,NOMINAL_SRM,61.58553103114489,66.07824250676228,9.93779585234965,19.300509007884305,8.11615370047254
1.0,48,CAL_CURRENT_SRM,95.27578748535548,113.58781166951789,15.534183967667023,0.46782235448541404,0.21664575923800106
1.0,48,ORACLE_SRM,97.1064625118435,118.73438195084606,15.838282809276329,3.0772595834223004e-12,0.0
1.0,49,NOMINAL_SRM,58.650423960293736,62.640370558479674,9.450236538254774,27.060301491975792,13.718489206848407
1.0,49,CAL_CURRENT_SRM,95.41011945072665,113.14042107125722,15.556498247629012,0.4713712119182821,0.20472629778369594
1.0,49,ORACLE_SRM,96.98736471363796,118.66657549206913,15.81849912186677,1.0441746577905728e-11,0.0
1.0,50,NOMINAL_SRM,73.65043057458647,81.39069937493136,11.941931989133964,4.823574308247303,2.368510253398785
1.0,50,CAL_CURRENT_SRM,94.92297950044689,112.23366485802123,15.475577990107457,0.49262323525971974,0.18800771472450659
1.0,50,ORACLE_SRM,97.12324538134752,119.8302276539599,15.841070661353408,7.977926097796827e-12,0.0
1.0,51,NOMINAL_SRM,60.867407703442694,69.7495899950472,9.818506263030349,20.965617524786243,8.699152000329015
1.0,51,CAL_CURRENT_SRM,95.55953693873155,113.0553379652868,15.581318428360724,0.4592036013876525,0.2000903564553704
1.0,51,ORACLE_SRM,96.96094290525915,121.15994057984815,15.814110117152682,5.3600632124754175e-12,0.0
1.0,52,NOMINAL_SRM,56.40489305616875,59.55564807377417,9.077224760160924,35.05319151497968,14.242982279313242
1.0,52,CAL_CURRENT_SRM,95.57964161376363,116.56692831893929,15.584658075376018,0.45518495194637315,0.1873844797091349
1.0,52,ORACLE_SRM,97.21616191025653,120.69448942696445,15.856505300707065,1.5557110800258418e-11,0.0
1.0,53,NOMINAL_SRM,68.05764898153055,72.9196212579623,11.012898501915373,9.172019491543995,6.714834183123072
1.0,53,CAL_CURRENT_SRM,95.74634508035727,118.68359872938959,15.61234968112247,0.46015998321515894,0.19185064806504645
1.0,53,ORACLE_SRM,97.02275006503541,120.65323639116511,15.824377087215185,7.021666937153402e-16,0.0
1.0,54,NOMINAL_SRM,56.46203310101115,60.7475318196752,9.086716461961986,34.82148596027919,14.77265111574938
1.0,54,CAL_CURRENT_SRM,95.73634340829841,112.59155522943807,15.610688273803722,0.4556471261902923,0.19147099681926405
1.0,54,ORACLE_SRM,97.14274123943002,121.39179711543909,15.844309175985053,1.55583447058689e-11,0.0
1.0,55,NOMINAL_SRM,57.59354048068872,63.692207872638676,9.274674498453278,30.56096445765701,16.262671875265603
1.0,55,CAL_CURRENT_SRM,94.2226013113408,110.51076298543565,15.359236098229369,0.5136296303219295,0.23345334982428548
1.0,55,ORACLE_SRM,97.2073074260006,121.09294624688377,15.855034456146278,5.361839962983872e-12,0.0
1.0,56,NOMINAL_SRM,59.10991896943748,63.31555841857819,9.52656461286337,25.663094031418844,10.676514298726993
1.0,56,CAL_CURRENT_SRM,94.86105331407643,108.38500087215445,15.465291248185453,0.48684962526120285,0.2245373290271774
1.0,56,ORACLE_SRM,97.22269777736658,120.13711861331413,15.857590992918036,3.077261443567926e-12,0.0
1.0,57,NOMINAL_SRM,60.66629848789633,67.4365306727114,9.785099416594075,21.45977045927832,10.295708417725434
1.0,57,CAL_CURRENT_SRM,95.26694573954919,104.55239783940554,15.532715239127771,0.4651651875801983,0.21272686383023354
1.0,57,ORACLE_SRM,97.00319606474316,120.84975118403342,15.821128914409163,1.044139613537009e-11,0.0
1.0,58,NOMINAL_SRM,68.20681396099762,75.1698823854857,11.037676737707246,9.008968378852147,4.841165142534709
1.0,58,CAL_CURRENT_SRM,95.53708065795668,116.46527954280455,15.577588149162239,0.45748492349930403,0.19200165520224333
1.0,58,ORACLE_SRM,97.28614145883333,121.36589499083652,15.86812981043743,7.97786060266864e-12,0.0
1.0,59,NOMINAL_SRM,56.453372819445,63.53393543439225,9.08527787698422,34.856634446709194,18.582405023221302
1.0,59,CAL_CURRENT_SRM,95.91115126061906,117.89322348521378,15.639726123026422,0.4479198833313726,0.17928036784235202
1.0,59,ORACLE_SRM,97.12634186249119,120.8726492974142,15.841585026991892,1.0442246446937208e-11,0.0
1.0,60,NOMINAL_SRM,53.615149509782995,57.443243609895575,8.613812210927408,48.32542956307024,23.52135640871457
1.0,60,CAL_CURRENT_SRM,95.43772256894047,114.37448389318124,15.561083483212704,0.4640381073659481,0.22612085570883414
1.0,60,ORACLE_SRM,97.19124659473226,119.84032579308378,15.852366543975458,1.0442991593539323e-11,0.0
1.0,61,NOMINAL_SRM,55.04799885171438,59.59277350264534,8.851827051779798,40.968547034016545,21.983877037530785
1.0,61,CAL_CURRENT_SRM,95.5867962973136,118.72030756352271,15.585846561015549,0.4613684026721918,0.1824418046019347
1.0,61,ORACLE_SRM,97.23713850953521,120.12168645197994,15.85998978563708,1.5784115357090269e-15,0.0
1.0,62,NOMINAL_SRM,58.65734895075021,62.49207142091297,9.451386868895385,27.044510960412712,11.023175223357933
1.0,62,CAL_CURRENT_SRM,96.06598456732041,116.23470170733995,15.665445941415351,0.44294966116300033,0.15668911529119667
1.0,62,ORACLE_SRM,97.04587547042074,119.86470259397025,15.828218516681186,1.0441450465839745e-11,0.0
1.0,63,NOMINAL_SRM,56.758260955226376,60.30318061789174,9.135923746715346,33.65376455074302,15.978565715644486
1.0,63,CAL_CURRENT_SRM,95.54105711443441,112.05913623676875,15.578248690105383,0.45398182356782,0.2112059455299271
1.0,63,ORACLE_SRM,97.1507178584231,120.67656829817562,15.845634195751346,3.35484799814688e-11,0.0
1.0,64,NOMINAL_SRM,59.17574375492025,64.18341286232351,9.537498962611338,25.481117167586316,11.730841029287717
1.0,64,CAL_CURRENT_SRM,95.10718835054631,110.73448116755125,15.506177466868158,0.4722243902829959,0.19344983176805822
1.0,64,ORACLE_SRM,97.15231447661051,119.46401632423499,15.845899414719355,3.0770032651433217e-12,0.0
1.0,65,NOMINAL_SRM,62.17132198638207,66.84684528402263,10.035103319997022,18.04862670100156,8.08601169261305
1.0,65,CAL_CURRENT_SRM,95.1061909575924,112.37867844743855,15.506011786975483,0.4802378790697907,0.21406196311639442
1.0,65,ORACLE_SRM,97.28129938318993,118.97865542433165,15.867325478935205,5.360059748859495e-12,0.0
1.0,66,NOMINAL_SRM,56.446733379721,62.28766345087855,9.084174980020101,34.88161602675857,15.324315130541772
1.0,66,CAL_CURRENT_SRM,95.52755808940879,112.71549815088852,15.576006327144317,0.4534682827222903,0.1933672745702428
1.0,66,ORACLE_SRM,97.3236067639562,120.65231530349203,15.874353283049205,1.5558786674157995e-11,0.0
1.0,67,NOMINAL_SRM,61.385811891296754,69.80963914909213,9.9046199154978,19.75251473091793,9.39499256706072
1.0,67,CAL_CURRENT_SRM,95.16777399551466,111.7019828339161,15.516241527494131,0.46619409618308927,0.18776012514366147
1.0,67,ORACLE_SRM,97.06099870739322,120.1090270159051,15.830730682291234,5.991605307709952e-16,0.0
1.0,68,NOMINAL_SRM,61.32543826144427,68.47957817618169,9.894591073329615,19.892687823109586,10.69780638969997
1.0,68,CAL_CURRENT_SRM,95.5830889514898,110.01984791489258,15.585230722838837,0.45718652144748706,0.1881371045739428
1.0,68,ORACLE_SRM,97.29718368971712,119.4402778753612,15.869964068059321,5.359956710328412e-12,0.0
1.0,69,NOMINAL_SRM,55.498676142997034,59.164521595809816,8.926690389202166,38.90631541496498,17.046696113854864
1.0,69,CAL_CURRENT_SRM,95.28155508170757,111.41257568937561,15.53514204015076,0.4644145086245293,0.19108111563826768
1.0,69,ORACLE_SRM,97.18080398914053,121.02772183113998,15.85063189188381,5.359940309440121e-12,0.0
1.0,70,NOMINAL_SRM,58.01529361867089,62.52247535145553,9.344733159247657,29.104321443938737,12.140983794768674
1.0,70,CAL_CURRENT_SRM,95.62803535274381,114.62680232115979,15.592696902449138,0.46740708619195126,0.22577196606093988
1.0,70,ORACLE_SRM,97.13557143390445,119.436247182893,15.843118178389442,1.5558793496540292e-11,0.0
1.0,71,NOMINAL_SRM,59.77122651522956,66.49112556885113,9.636416364656073,23.788080620057052,13.039963792310122
1.0,71,CAL_CURRENT_SRM,95.58791355376167,117.11199560027991,15.586032151787652,0.46354823699771497,0.1948059458826529
1.0,71,ORACLE_SRM,97.22347384519041,121.03109412793147,15.85771990783894,1.0441747265517379e-11,0.0
1.0,72,NOMINAL_SRM,60.78184995939411,68.55285865288295,9.804294013188391,21.176144547068205,11.475980502132806
1.0,72,CAL_CURRENT_SRM,94.78974760231677,110.04676203215263,15.45344644556757,0.4902850409399968,0.2080302046906883
1.0,72,ORACLE_SRM,97.17755946577212,121.08646988627179,15.850092934513642,1.04439259275683e-11,0.0
1.0,73,NOMINAL_SRM,62.547361827156884,68.69961432625955,10.097568409826726,17.284895699425334,9.467636152514787
1.0,73,CAL_CURRENT_SRM,95.5405224447706,116.70626283119344,15.578159874546612,0.46072784083183893,0.19035957740149953
1.0,73,ORACLE_SRM,97.06075010193351,120.27225731397652,15.830689385703241,1.0441473595764466e-11,0.0
1.0,74,NOMINAL_SRM,58.50707924775027,64.9615722428186,9.42642512421101,27.514790137802347,13.160216517663299
1.0,74,CAL_CURRENT_SRM,95.8281817421171,113.08235947543538,15.625943810982907,0.45404108267236076,0.19689757935821547
1.0,74,ORACLE_SRM,97.12706191698109,120.95937890049127,15.841704637372274,1.0443801317241066e-11,0.0
1.0,75,NOMINAL_SRM,59.942060959869295,66.17701882495803,9.664794179380282,23.340307654475524,11.727466989247166
1.0,75,CAL_CURRENT_SRM,95.11528097017546,113.60876402378729,15.5075217558431,0.48236445949735535,0.19325048943492742
1.0,75,ORACLE_SRM,96.94072148782787,121.86800001815193,15.810751077712272,1.044176771028635e-11,0.0
1.0,76,NOMINAL_SRM,64.13727768857692,70.8950120926635,10.36167403464733,14.387641808357706,7.752800931686945
1.0,76,CAL_CURRENT_SRM,95.62239466855418,116.75101543241257,15.591759911719963,0.4565162564261378,0.1772585519785634
1.0,76,ORACLE_SRM,97.30366652878405,120.55375140278373,15.871040951625258,3.077284481642572e-12,0.0
1.0,77,NOMINAL_SRM,57.16845854320403,65.13520982615904,9.204062880930904,32.1013895962172,14.974618466806122
1.0,77,CAL_CURRENT_SRM,95.14295405560132,116.99731308414749,15.512118613887264,0.4764088487321122,0.2042815238229043
1.0,77,ORACLE_SRM,97.0685145034991,120.80805366429418,15.831979153405166,3.0778171811865095e-12,0.0
1.0,78,NOMINAL_SRM,57.385307971549494,63.0032926047873,9.240084380656063,31.30396523809262,14.11298341301007
1.0,78,CAL_CURRENT_SRM,95.0619458209533,110.17848781594836,15.498662096503871,0.46890180317881924,0.198372926913479
1.0,78,ORACLE_SRM,97.25433975469046,121.2507484336359,15.862847135330641,7.980033822272044e-12,0.0
1.0,79,NOMINAL_SRM,59.918608375934845,66.46106365458321,9.660898401318082,23.380664450903172,11.870573644189792
1.0,79,CAL_CURRENT_SRM,95.61333473965709,112.45910374293594,15.590254940142374,0.4510104299980283,0.17673230573269338
1.0,79,ORACLE_SRM,97.22322502946963,121.09051415687927,15.85767857632386,1.555845207112682e-11,0.0
1.0,80,NOMINAL_SRM,58.231992108805585,61.89798828316725,9.380729586180331,28.404454056303365,11.493888129027614
1.0,80,CAL_CURRENT_SRM,95.32569104792506,111.49909282267117,15.54247359600084,0.4750423139026544,0.18750858704159645
1.0,80,ORACLE_SRM,97.22349079155686,121.39675589320105,15.857722722849976,5.359606190009142e-12,0.0
1.0,81,NOMINAL_SRM,57.78403285401703,64.37644076704012,9.306317749836717,29.90299650736218,14.775071927469133
1.0,81,CAL_CURRENT_SRM,94.99827807045811,110.2616051087689,15.488086058215634,0.4825688740277612,0.19573863784484927
1.0,81,ORACLE_SRM,97.18321257968468,121.1833119643106,15.851031989980843,1.6985139885972084e-15,0.0
1.0,82,NOMINAL_SRM,61.13695737517186,66.09568090527966,9.863281956008615,20.328693978633233,11.376961690471623
1.0,82,CAL_CURRENT_SRM,95.69822666441661,114.5480266272513,15.604356588773523,0.44952375001609773,0.19523625173865544
1.0,82,ORACLE_SRM,97.34923868770608,121.18858008706106,15.878611077692039,1.9072746207504078e-15,0.0
1.0,83,NOMINAL_SRM,66.02402691665358,74.18035513429301,10.675087527683319,11.586363016064816,5.010612260496054
1.0,83,CAL_CURRENT_SRM,95.22771512659892,116.07378984916363,15.526198526013111,0.4678108631519282,0.23817067016575133
1.0,83,ORACLE_SRM,97.28842264999722,120.41816871946367,15.868508745846714,7.980813282076184e-12,0.0
1.0,84,NOMINAL_SRM,57.3489630857306,61.67309246968603,9.234047024207742,31.442382022682075,16.14193341810718
1.0,84,CAL_CURRENT_SRM,95.10593132358336,111.42906004702158,15.505968658402551,0.46993338737753326,0.1944825618287824
1.0,84,ORACLE_SRM,97.25756131390304,119.89100368111038,15.863382278056983,5.359953609986443e-12,0.0
1.0,85,NOMINAL_SRM,57.59910006175302,61.274889548983545,9.275598016902496,30.548044094700202,13.688557466523717
1.0,85,CAL_CURRENT_SRM,95.35344125738669,111.95033963383551,15.547083265346627,0.465865134058093,0.19952430245369196
1.0,85,ORACLE_SRM,97.04508922506145,120.86685111029931,15.828087911139775,5.35993410532188e-12,0.0
1.0,86,NOMINAL_SRM,67.29591477895532,73.91333213529171,10.886364581221814,9.998919554783843,4.942760476405153
1.0,86,CAL_CURRENT_SRM,95.77646872454955,110.64862104921785,15.617353608729161,0.4532081891447164,0.1913120282667869
1.0,86,ORACLE_SRM,97.2939322073262,121.18207151430559,15.869423954705349,5.361855324234807e-12,0.0
1.0,87,NOMINAL_SRM,55.314975012588086,59.042131274966245,8.89617525126048,39.734843479634776,17.20180711970272
1.0,87,CAL_CURRENT_SRM,95.7021771335326,113.66906015442603,15.60501281287917,0.45606480527477333,0.19639769648448382
1.0,87,ORACLE_SRM,97.21978671650996,121.21042545682783,15.857107427991687,5.359927191682899e-12,0.0
1.0,88,NOMINAL_SRM,56.94599951621936,61.22103823792739,9.167109554189263,32.93418949646003,11.99719448937763
1.0,88,CAL_CURRENT_SRM,94.85184365183143,111.36085122575858,15.46376140395871,0.4894076427697351,0.21505902783787448
1.0,88,ORACLE_SRM,97.24614234081919,121.50889544659087,15.861485438674285,1.3052100537642904e-11,0.0
1.0,89,NOMINAL_SRM,55.75283904835986,59.620176035661146,8.968910140923565,37.7820126571758,18.98580029744153
1.0,89,CAL_CURRENT_SRM,95.16959827476754,105.55639352029004,15.516544563914874,0.4831241853385295,0.16130576275360314
1.0,89,ORACLE_SRM,97.11713887431429,120.23832481113276,15.840056291414335,5.359955291021373e-12,0.0
1.0,90,NOMINAL_SRM,64.9767477811684,69.56594758616842,10.501120893881795,13.081938190447039,6.214113821616997
1.0,90,CAL_CURRENT_SRM,94.78153291403731,108.34599989853814,15.452081879408192,0.4922945868605262,0.1820354310658559
1.0,90,ORACLE_SRM,96.96875825451957,120.58401737885842,15.815408347926839,1.3051776480312414e-11,0.0
1.0,91,NOMINAL_SRM,61.89886808868323,66.85170575194616,9.989845197455686,18.62150925742671,9.321243866831376
1.0,91,CAL_CURRENT_SRM,95.04668569405356,113.11852743816418,15.49612719170325,0.4765834017166075,0.19195229633764543
1.0,91,ORACLE_SRM,97.01792869513756,121.2681999863821,15.823576195205574,7.977907884452753e-12,0.0
1.0,92,NOMINAL_SRM,54.98103411364417,58.09661951464233,8.840703341136907,41.284643271706955,18.98742984608957
1.0,92,CAL_CURRENT_SRM,95.61882754854412,117.24564389211943,15.591167366867793,0.46301026287843955,0.18045262468607928
1.0,92,ORACLE_SRM,97.17513929344489,121.58676295844808,15.849690912532374,2.068952198773314e-11,0.0
1.0,93,NOMINAL_SRM,61.41032034557643,64.88800552021887,9.908691087305057,19.704208967001684,8.729035395501446
1.0,93,CAL_CURRENT_SRM,95.57182583387684,107.87897164631032,15.583359773069244,0.4643839423320955,0.19737217036611193
1.0,93,ORACLE_SRM,97.03713233015063,120.3892297136465,15.826766167799107,1.0443817131398983e-11,0.0
1.0,94,NOMINAL_SRM,63.73267649752673,73.03649356155935,10.29446453447288,15.07027718003155,7.222841980670058
1.0,94,CAL_CURRENT_SRM,94.56719528075043,108.53888650100592,15.416477621387115,0.4968104767945424,0.22649209837232911
1.0,94,ORACLE_SRM,96.97654011805639,119.72366518890561,15.816701016288437,5.3619524616420315e-12,0.0
1.0,95,NOMINAL_SRM,59.3111147930277,70.03886095746095,9.559985846017891,25.091608273054,12.744397055834641
1.0,95,CAL_CURRENT_SRM,95.01901992262113,112.28417538655364,15.49153154860816,0.4860495013272042,0.22942246711419406
1.0,95,ORACLE_SRM,97.15669834312693,120.21817282014575,15.84662763174866,7.977926483034656e-12,0.0
1.0,96,NOMINAL_SRM,61.672766505483104,64.36773487849183,9.95228679493075,19.10733201432318,8.327058544465354
1.0,96,CAL_CURRENT_SRM,95.01040950202622,107.24721011951182,15.490101246183757,0.47947629962856037,0.21936641373472016
1.0,96,ORACLE_SRM,97.24624577271257,120.57430993292658,15.861502620051922,5.361739726075023e-12,0.0
1.0,97,NOMINAL_SRM,61.354982688137156,68.31323861652531,9.899498785404845,19.829244263365183,10.571859993286504
1.0,97,CAL_CURRENT_SRM,94.61201757620731,105.6913488734136,15.423923185416497,0.49435614178950477,0.23455823393175157
1.0,97,ORACLE_SRM,97.15884729242953,120.82761876383307,15.84698460007135,1.8162381080704875e-11,0.0
1.0,98,NOMINAL_SRM,56.0695402285637,61.62238861463317,9.021518310392644,36.43004176230254,16.754225510793916
1.0,98,CAL_CURRENT_SRM,95.04573073444146,109.5717248650227,15.495968560538449,0.4753663044881659,0.20366314536984717
1.0,98,ORACLE_SRM,97.17833814477527,120.90746211724444,15.85022228318526,1.5806672378630364e-15,0.0
1.0,99,NOMINAL_SRM,65.81118346097341,70.11610544826692,10.639731471922493,11.872161834399868,7.7362740665015295
1.0,99,CAL_CURRENT_SRM,95.65739388806415,109.52708098805282,15.597573735558829,0.45138065487511975,0.15886656115344683
1.0,99,ORACLE_SRM,97.31950267345952,121.42769286494774,15.873671540441782,1.0443783297230098e-11,0.0
1.0,100,NOMINAL_SRM,58.35082116904733,61.067409897918175,9.400468632732116,27.998408002548487,13.365824653686579
1.0,100,CAL_CURRENT_SRM,95.38034903865521,114.31946767920121,15.551552996454355,0.46873707011925236,0.218488511193174
1.0,100,ORACLE_SRM,97.14105865214106,120.78054212460472,15.844029676435392,3.0772616014094122e-12,0.0
1.0,101,NOMINAL_SRM,66.45667694464063,71.7644034768909,10.74695630309645,11.0209731318434,5.514860448753109
1.0,101,CAL_CURRENT_SRM,95.33024982315649,111.76674734511194,15.54323086763397,0.47228567453896786,0.21013153535450296
1.0,101,ORACLE_SRM,97.10896920809759,120.17912867121245,15.838699204002923,4.629942834745121e-15,0.0
1.0,102,NOMINAL_SRM,56.42221712717698,60.445833749642055,9.080102512820098,34.977537344655914,16.796299031816655
1.0,102,CAL_CURRENT_SRM,94.65499077185045,111.3111115579543,15.431061590008381,0.48554549780019907,0.20512488760953673
1.0,102,ORACLE_SRM,97.16413287073226,121.3473185522433,15.847862603111672,4.686666814458603e-15,0.0
1.0,103,NOMINAL_SRM,60.09251811333323,66.79091111157811,9.689787062015487,22.929134281744965,9.984287654923245
1.0,103,CAL_CURRENT_SRM,95.43826432603957,114.1089347740499,15.561173476086308,0.46512863062955073,0.2276847455116071
1.0,103,ORACLE_SRM,97.09766506541939,119.56660686543599,15.836821439438438,1.0443809056953623e-11,0.0
1.0,104,NOMINAL_SRM,57.90645185606165,61.53433271574432,9.326653132236155,29.485327974538354,16.012095945685747
1.0,104,CAL_CURRENT_SRM,96.18057982061073,118.4767133283896,15.684481697775869,0.4368091243839448,0.1496503457038153
1.0,104,ORACLE_SRM,97.11863023547154,120.78159308415422,15.840304025825837,1.5558496682860466e-11,0.0
1.0,105,NOMINAL_SRM,61.62833773403313,69.57825539824177,9.944906600337731,19.206604293439725,10.708843006084217
1.0,105,CAL_CURRENT_SRM,95.90702353526153,114.26898749103161,15.63904045436238,0.4470072081342726,0.1866040816247359
1.0,105,ORACLE_SRM,97.02077673641034,119.9353065055361,15.824049291762515,5.3600590065223336e-12,0.0
1.0,106,NOMINAL_SRM,61.33702574486243,63.71281580983358,9.896515904462198,19.85888343434053,9.229147381620553
1.0,106,CAL_CURRENT_SRM,95.48599787862133,113.59158427401499,15.56910263764474,0.45993760675265105,0.18681404006215044
1.0,106,ORACLE_SRM,97.07157436446434,120.50509081228874,15.832487435957532,3.314184547378654e-17,0.0
1.0,107,NOMINAL_SRM,59.32506681796098,62.42772501629404,9.562303458133055,25.03976099617876,12.433306015677083
1.0,107,CAL_CURRENT_SRM,95.08970130857774,113.0818886783546,15.503272642620889,0.47614345739520675,0.2089102911381404
1.0,107,ORACLE_SRM,97.06112497313353,119.88862657656021,15.830751656666699,1.0441445997896217e-11,0.0
1.0,108,NOMINAL_SRM,61.25699907000122,69.21356960619329,9.883222436877281,20.052491025606802,9.495600512271572
1.0,108,CAL_CURRENT_SRM,96.06549593998919,113.31383680744084,15.665364774084583,0.44395950307911725,0.1714302450470221
1.0,108,ORACLE_SRM,97.01776655216476,120.39532024483677,15.823549261156938,5.359483052834059e-12,0.0
1.0,109,NOMINAL_SRM,60.49193521846556,63.50828636518109,9.75613541834976,21.894839079850343,8.784647457997435
1.0,109,CAL_CURRENT_SRM,94.18427492296348,106.694952384199,15.35286958853214,0.514318984132306,0.2384296414302458
1.0,109,ORACLE_SRM,97.04431399444601,120.03356305801492,15.827959135290035,1.0443816522186635e-11,0.0
1.0,110,NOMINAL_SRM,60.99240429649641,68.99472590010055,9.839269816693756,20.67729526503263,11.007431602211785
1.0,110,CAL_CURRENT_SRM,94.37865429159777,111.48691812660405,15.385158520198965,0.5133709362429827,0.2276744058335865
1.0,110,ORACLE_SRM,97.23886537301495,121.19721427837469,15.860276640035705,1.5558785144979027e-11,0.0
1.0,111,NOMINAL_SRM,60.304397159285934,64.56180964027436,9.724982916824906,22.37044138662101,11.360925003238567
1.0,111,CAL_CURRENT_SRM,94.8915210304038,110.42346298620092,15.47035233063186,0.48743561497221555,0.21113184187325199
1.0,111,ORACLE_SRM,97.15960689867501,119.85662500988025,15.8471107805108,5.361950466468487e-12,0.0
1.0,112,NOMINAL_SRM,58.39781276711126,62.04510832645336,9.408274546031771,27.849096679863127,14.178841448980634
1.0,112,CAL_CURRENT_SRM,95.18045802312785,111.72674409384709,15.518348508825225,0.4681540928380177,0.18809019574774796
1.0,112,ORACLE_SRM,97.03147555986908,121.21274596294273,15.825826504961642,5.359953629389636e-12,0.0
1.0,113,NOMINAL_SRM,65.96684536306665,71.09198443516044,10.665588930741968,11.664158286352782,6.067661753128233
1.0,113,CAL_CURRENT_SRM,95.51304915297484,112.43894049742113,15.573596204813096,0.46049457061282767,0.18831343572650971
1.0,113,ORACLE_SRM,97.25353942056589,120.47212259881796,15.862714189462771,1.0441712656756844e-11,0.0
1.0,114,NOMINAL_SRM,65.23751627641565,69.62512366435188,10.544437919670374,12.673057017480247,5.544122570341658
1.0,114,CAL_CURRENT_SRM,93.90327464198674,108.24383793044079,15.306191800994476,0.5399292661382669,0.24545220249213962
1.0,114,ORACLE_SRM,96.9944326850736,119.43328004158153,15.8196732035006,5.361950230822996e-12,0.0
1.0,115,NOMINAL_SRM,58.802233908707,61.18571938460367,9.475454137658971,26.596319045070917,12.344811113548392
1.0,115,CAL_CURRENT_SRM,94.50922846541283,105.7203599592415,15.40684858229449,0.5112595179895912,0.25270246022629045
1.0,115,ORACLE_SRM,97.12362070850727,120.60732696686372,15.841133008057687,3.077260864154152e-12,0.0
1.0,116,NOMINAL_SRM,59.25813039491572,66.16981427180124,9.551184450982678,25.24127597380971,13.762358376421869
1.0,116,CAL_CURRENT_SRM,95.14757846403376,107.5912053082567,15.512886788045474,0.47752433928204174,0.21904631509244898
1.0,116,ORACLE_SRM,97.09399514225873,119.89756487583884,15.836211817650954,5.3617425215381845e-12,0.0
1.0,117,NOMINAL_SRM,65.53511680233225,71.74525450332285,10.59387322297878,12.245264302519805,5.459174864876258
1.0,117,CAL_CURRENT_SRM,95.45097816800784,113.63324497202781,15.56328540996808,0.4583928265937446,0.19343811609257822
1.0,117,ORACLE_SRM,97.12879357621644,120.09302399115724,15.841992288408047,1.3050390782995503e-11,0.0
1.0,118,NOMINAL_SRM,56.30339337947886,59.374002043949275,9.060364348750642,35.464076975216585,16.727220992869086
1.0,118,CAL_CURRENT_SRM,94.59515365397871,107.90914097923725,15.42112186943168,0.49930067089464925,0.25076635460712066
1.0,118,ORACLE_SRM,97.30522884189241,120.18136646679702,15.871300472075152,1.6956305210670703e-15,0.0
1.0,119,NOMINAL_SRM,59.18440304276665,63.42567843509458,9.538937382519377,25.449707581274556,15.553782940759938
1.0,119,CAL_CURRENT_SRM,95.32605507069354,117.57663899164288,15.54253406489926,0.4629768289386327,0.17994791494803164
1.0,119,ORACLE_SRM,97.28327058106358,120.75175713739343,15.867652920442454,5.53677764269907e-17,0.0
1.0,120,NOMINAL_SRM,59.91961190663069,62.66732132221382,9.66106510076922,23.3866533635799,10.863180061321934
1.0,120,CAL_CURRENT_SRM,95.78936934284116,114.51563095557292,15.619496568578265,0.44755680834936495,0.19387814397183364
1.0,120,ORACLE_SRM,97.19162294105777,119.3917458893718,15.852429059976375,5.359959893599176e-12,0.0
1.0,121,NOMINAL_SRM,55.63975451140281,59.63926360173822,8.95012533412007,38.278114176216526,17.852264385083675
1.0,121,CAL_CURRENT_SRM,95.86744051150026,115.05507844370571,15.632465201245891,0.45102743013429253,0.1884286837923412
1.0,121,ORACLE_SRM,97.06110379626607,120.38483419999763,15.830748138914629,3.0777893078571814e-12,0.0
1.0,122,NOMINAL_SRM,56.88110561375992,60.24665299359236,9.156329836172745,33.17754902069812,16.244858534120237
1.0,122,CAL_CURRENT_SRM,95.33471721428467,113.7845635047362,15.543972959183499,0.4803680441511317,0.23688243166349288
1.0,122,ORACLE_SRM,97.13716662525768,120.80907834772604,15.843383160341807,7.980743141045122e-12,0.0
1.0,123,NOMINAL_SRM,60.975489110028974,64.47062210604285,9.836459985054647,20.704137814708613,10.750404934511415
1.0,123,CAL_CURRENT_SRM,95.57314743507197,114.29175596692689,15.58357930815149,0.455592678689085,0.19504370036661475
1.0,123,ORACLE_SRM,97.34284599698093,120.65109385721071,15.87754916893371,1.0441773754172396e-11,0.0
1.0,124,NOMINAL_SRM,58.0996678284213,61.55068765484393,9.358748808707858,28.835034257382905,12.545229752383221
1.0,124,CAL_CURRENT_SRM,95.44436787745163,115.04905584233654,15.562187355058409,0.4709157914733911,0.19279701829166193
1.0,124,ORACLE_SRM,97.25385713975726,120.5735313607177,15.862766966737086,1.0441473439409648e-11,0.0
1.0,125,NOMINAL_SRM,67.55266963506784,77.19799235830891,10.929014889546153,9.716509278851303,4.13829462462691
1.0,125,CAL_CURRENT_SRM,96.25734382345249,118.76653227400041,15.697233193264532,0.43084583966793855,0.19568530394558287
1.0,125,ORACLE_SRM,97.22235465763974,120.65033949634037,15.857533996285671,5.3599630343248275e-12,0.0
1.0,126,NOMINAL_SRM,63.018562411533125,67.80859663090882,10.175840932148361,16.36663050263043,7.7485659665687185
1.0,126,CAL_CURRENT_SRM,95.5317638374013,115.89374631368463,15.576704956378954,0.4726074144232831,0.21004113678973643
1.0,126,ORACLE_SRM,97.16260809472732,121.6986330106748,15.847609318061016,5.359489524578935e-12,0.0
1.0,127,NOMINAL_SRM,55.97845664753936,58.981075596832426,9.006388147431789,36.80457961739355,17.0048233082533
1.0,127,CAL_CURRENT_SRM,95.13330621040048,112.04341407005522,15.5105159817941,0.4763765738967181,0.18716744213205147
1.0,127,ORACLE_SRM,97.2666768730913,120.6079819924926,15.864896490546728,3.0772492565785533e-12,0.0
1.2,0,NOMINAL_SRM,62.273426377400824,66.50819336200173,10.052064182292497,17.823029620028965,8.28577078091534
1.2,0,CAL_CURRENT_SRM,95.68679676930017,112.05738490673866,15.602457935099697,0.44969805343722297,0.1976046474463295
1.2,0,ORACLE_SRM,97.1747627362817,120.95572614170477,15.84962836150859,1.5558492294744173e-11,0.0
1.2,1,NOMINAL_SRM,55.44028058047229,58.45487868020446,8.91699012964656,39.16265858492295,18.87614019177993
1.2,1,CAL_CURRENT_SRM,95.60362545326333,114.49998249154231,15.588642101870986,0.4555647576572851,0.17849871992475558
1.2,1,ORACLE_SRM,97.39408009487613,122.37997473505061,15.886059816424607,1.1102230246251565e-16,0.0
1.2,2,NOMINAL_SRM,59.3151635719071,62.925564457007056,9.560658400649022,25.065533289413292,11.43216480375509
1.2,2,CAL_CURRENT_SRM,94.96612745794897,111.17926899965366,15.482745424908467,0.4929210266612598,0.23130758988760858
1.2,2,ORACLE_SRM,97.16681729198557,121.3191333768303,15.848308520263384,7.980744737246069e-12,0.0
1.2,3,NOMINAL_SRM,55.81812023262094,58.130668533054845,8.979754191465274,37.511153473454186,17.250882851496453
1.2,3,CAL_CURRENT_SRM,95.30469453666107,115.0074366093473,15.538985803432073,0.466730992355884,0.20181798449244626
1.2,3,ORACLE_SRM,97.08223637047018,120.18908895612708,15.834258533300696,5.3618342479066026e-12,0.0
1.2,4,NOMINAL_SRM,54.34184358911378,57.138605812902654,8.734525513141826,44.456159547415915,21.598877610550062
1.2,4,CAL_CURRENT_SRM,94.871302970659,110.56211699875938,15.466993848946679,0.49185513651562784,0.21830552388245486
1.2,4,ORACLE_SRM,97.17178196565511,121.73239732493882,15.849133216886232,7.850462293418876e-17,0.0
1.2,5,NOMINAL_SRM,57.20725789899892,64.1026700741793,9.21050795664434,31.96338117925207,11.708032550757963
1.2,5,CAL_CURRENT_SRM,95.641385290773,106.47609462547126,15.594914500128406,0.4593160420859481,0.1654915126645049
1.2,5,ORACLE_SRM,97.17924147403636,121.08099468171956,15.850372337879794,1.0441653530056635e-11,0.0
1.2,6,NOMINAL_SRM,57.975775461868004,61.41038010916415,9.338168681373423,29.257312303309106,13.278659418325013
1.2,6,CAL_CURRENT_SRM,95.4429685705959,110.96296682675438,15.561954912059118,0.4656731571669092,0.1607826279682216
1.2,6,ORACLE_SRM,97.18118919322718,119.79093239390409,15.85069587927362,5.361855038111421e-12,0.0
1.2,7,NOMINAL_SRM,59.47914645933314,67.91127995610313,9.587898082945705,24.60113717911676,11.116788536231388
1.2,7,CAL_CURRENT_SRM,95.63310908226364,112.23988227802694,15.593539714661736,0.4606138317169395,0.17966845350963787
1.2,7,ORACLE_SRM,97.13012664952603,119.76492007554975,15.842213729157148,1.1102230246251565e-16,0.0
1.2,8,NOMINAL_SRM,51.63605186350345,54.680732795789055,8.285058449086952,60.689920058205686,29.34559975021408
1.2,8,CAL_CURRENT_SRM,95.43139833791443,106.76285644151379,15.560032946497413,0.46033118218126495,0.2207563366549547
1.2,8,ORACLE_SRM,97.28677429851436,119.80025297816857,15.868234933308033,1.305085164087485e-11,0.0
1.2,9,NOMINAL_SRM,61.33509182874329,65.41984382707143,9.896194655937425,19.858862108159368,10.13841541526734
1.2,9,CAL_CURRENT_SRM,94.06187652688898,107.79506067788255,15.332537629051325,0.524369405130424,0.2239007486077581
1.2,9,ORACLE_SRM,97.1170363164071,119.92023130819737,15.840039255217127,6.707437923744493e-16,0.0
1.2,10,NOMINAL_SRM,60.001112390708464,65.73575190753353,9.674603387160875,23.16263784988525,9.715280695673735
1.2,10,CAL_CURRENT_SRM,95.72080170791195,115.3929809350833,15.608106595998663,0.45521961751938766,0.16044242291650126
1.2,10,ORACLE_SRM,97.11973072485054,119.69601657099899,15.840486831370521,2.5820542391630293e-11,0.0
1.2,11,NOMINAL_SRM,59.171084213696574,65.07087988096323,9.536724952441292,25.483847170704895,12.454332456445469
1.2,11,CAL_CURRENT_SRM,94.41941023820347,110.96898467207473,15.391928610997255,0.5020740158301353,0.22953598265476075
1.2,11,ORACLE_SRM,97.13367805296528,120.89041781205431,15.84280366328327,5.359954967347451e-12,0.0
1.2,12,NOMINAL_SRM,59.92144098972014,62.758478907820376,9.66136893516946,23.379340594036297,10.615491603751488
1.2,12,CAL_CURRENT_SRM,95.12316801967569,111.19141382639964,15.508831896956094,0.48214060549135324,0.1992407538622084
1.2,12,ORACLE_SRM,97.29151927543532,120.63222863032118,15.869023135454372,1.0441452241451581e-11,0.0
1.2,13,NOMINAL_SRM,56.558153396340586,59.441095500480984,9.10268328842867,34.44129179445592,16.989020739496812
1.2,13,CAL_CURRENT_SRM,95.09246934893665,111.12213856819118,15.503732449989476,0.48239137722330705,0.22130031495617525
1.2,13,ORACLE_SRM,97.03767109300563,120.63049686016438,15.826855663289972,5.360065299209869e-12,0.0
1.2,14,NOMINAL_SRM,58.67512378127947,62.93929174011982,9.454339498551407,26.99778077265038,13.861977253505401
1.2,14,CAL_CURRENT_SRM,65.85450673402556,76.79961296753993,10.646928028907901,11.800516627815085,0.17035025101034765
1.2,14,ORACLE_SRM,97.17423307582811,119.44055400819379,15.849540378044537,5.35996046333373e-12,0.0
1.2,15,NOMINAL_SRM,60.26086338290722,65.08414711910046,9.717751392509506,22.484786745309748,11.290005688056864
1.2,15,CAL_CURRENT_SRM,95.45379285700106,110.94530793946961,15.563752966279246,0.4639776923859605,0.19885595824901067
1.2,15,ORACLE_SRM,97.14902999265279,120.56621772034227,15.84535381937754,1.0441765902431866e-11,0.0
1.2,16,NOMINAL_SRM,64.45977864748075,68.44741513130676,10.41524562250511,13.861383436409835,7.687304323788657
1.2,16,CAL_CURRENT_SRM,95.81307974814594,116.9009670958445,15.623435174110622,0.4552401544916274,0.18273596351860188
1.2,16,ORACLE_SRM,97.03586540816642,121.13259711315703,15.826555715642263,5.375739838899431e-16,0.0
1.2,17,NOMINAL_SRM,61.52374944676819,66.30291364249791,9.927533130692392,19.447594919655547,9.286434834197099
1.2,17,CAL_CURRENT_SRM,95.18317561651911,110.4979638289966,15.518799936298855,0.47696802805402727,0.2285551104139296
1.2,17,ORACLE_SRM,97.33676038611259,119.83195008944213,15.87653827011837,5.359483361587524e-12,0.0
1.2,18,NOMINAL_SRM,55.678532030625554,59.71313191768828,8.95656678249594,38.10451202075016,18.072733251272435
1.2,18,CAL_CURRENT_SRM,95.43607823534919,106.99470622035349,15.560810338097872,0.4679673341473693,0.20061720263871669
1.2,18,ORACLE_SRM,97.12568115697975,119.61806078654408,15.841475275245806,6.855121490028353e-16,0.0
1.2,19,NOMINAL_SRM,62.833168913713294,65.8196605206483,10.145044670052043,16.733277232927648,10.722622341350315
1.2,19,CAL_CURRENT_SRM,95.28848394842989,113.06175067288534,15.53629301468935,0.47160677667190554,0.20092313365035674
1.2,19,ORACLE_SRM,97.15519549273033,119.91355487974639,15.846377988825637,5.3594954846028845e-12,0.0
1.2,20,NOMINAL_SRM,56.95412404214048,60.85989893478346,9.168459143212704,32.900751670903965,16.564677990982467
1.2,20,CAL_CURRENT_SRM,95.57228636639296,114.18671170632135,15.583436273487203,0.4548114498348072,0.22152573663680042
1.2,20,ORACLE_SRM,97.2243863023991,119.74974632167232,15.857871478803837,2.0689731102334754e-11,0.0
1.2,21,NOMINAL_SRM,61.70263742218046,70.76823366998272,9.95724874122599,19.046205297031992,10.270802664928407
1.2,21,CAL_CURRENT_SRM,95.49054467853195,111.90361893752922,15.569857920021919,0.4591917166126708,0.17207355485101056
1.2,21,ORACLE_SRM,97.15239271265227,118.42996642042667,15.845912410739581,1.0441685156591061e-11,0.0
1.2,22,NOMINAL_SRM,55.96825285192638,59.88817963041268,9.004693164771824,36.869822018094496,17.178583374052323
1.2,22,CAL_CURRENT_SRM,95.6222611154128,113.57597596115372,15.591737726812758,0.4513577590399962,0.18384460693605703
1.2,22,ORACLE_SRM,97.19621798151708,118.99763165305188,15.853192355733734,1.0443538299772267e-11,0.0
1.2,23,NOMINAL_SRM,59.21341153167185,66.35096180857717,9.54375606838403,25.370190913479604,13.623676214123764
1.2,23,CAL_CURRENT_SRM,95.71243279796418,118.50494685230414,15.606716411621958,0.4566348736512334,0.16511138376224707
1.2,23,ORACLE_SRM,97.09417803203459,120.54222286046779,15.83624219801239,1.9389211565826713e-15,0.0
1.2,24,NOMINAL_SRM,59.67808782095639,66.04635389419062,9.620944820756877,24.049043512942564,11.247352698652756
1.2,24,CAL_CURRENT_SRM,94.64182388178683,108.92716469998274,15.428874398967913,0.49681279353611085,0.219609220051308
1.2,24,ORACLE_SRM,97.16415303793816,119.65260382138993,15.847865953145874,1.0441450300618277e-11,0.0
1.2,25,NOMINAL_SRM,56.11388400298604,59.928907730142136,9.028884385878081,36.24162557581121,17.033817216180815
1.2,25,CAL_CURRENT_SRM,94.58870523003372,110.61206814015533,15.42005070266341,0.5027689788816114,0.2304975210804449
1.2,25,ORACLE_SRM,97.2265857183453,119.13689806038695,15.858236830289918,1.0443820358696927e-11,0.0
1.2,26,NOMINAL_SRM,52.62999413967381,55.129097872158766,8.450165139480701,54.14072071350628,24.99492309996382
1.2,26,CAL_CURRENT_SRM,95.06373632261895,107.94239021793479,15.498959522029727,0.48602033558393315,0.1948363678750296
1.2,26,ORACLE_SRM,97.11505701724134,119.78840368728571,15.83971046798029,5.359489524578935e-12,0.0
1.2,27,NOMINAL_SRM,61.89500875897957,65.90429430196468,9.989204112787306,18.63897366916411,11.391356044180025
1.2,27,CAL_CURRENT_SRM,95.51491077525675,111.97326108419462,15.573905444394809,0.4670236645938601,0.17779880263889908
1.2,27,ORACLE_SRM,96.98020064192991,120.14219369303005,15.817309076732544,5.359495214947304e-12,0.0
1.2,28,NOMINAL_SRM,60.7134102815285,70.15014352157533,9.792925295934968,21.331377953805223,9.668791837844726
1.2,28,CAL_CURRENT_SRM,95.19530546875954,111.8721704785152,15.52081486192019,0.4773229947020286,0.1945246595094517
1.2,28,ORACLE_SRM,97.29139687012139,120.63675455202295,15.869002802345745,3.0772595820845272e-12,0.0
1.2,29,NOMINAL_SRM,57.2982062033137,62.18424562777861,9.225615648390981,31.624424834361047,15.697657695570504
1.2,29,CAL_CURRENT_SRM,95.32976784826367,116.310007230758,15.543150805359414,0.45867178302221756,0.2074554925433514
1.2,29,ORACLE_SRM,97.20460894425784,120.57249475159715,15.85458620336509,1.962615573354719e-16,0.0
1.2,30,NOMINAL_SRM,54.408512849320864,57.897560937149365,8.745600141083202,44.10999347109266,20.62073927178208
1.2,30,CAL_CURRENT_SRM,94.63996150292854,115.12165275933981,15.428565033709061,0.4956095881139825,0.22059940251894067
1.2,30,ORACLE_SRM,97.15866427677419,120.78399613813107,15.846954198799699,5.359939979297547e-12,0.0
1.2,31,NOMINAL_SRM,56.90571059543529,61.21827031820534,9.160417042431112,33.080982017717695,17.095312510104442
1.2,31,CAL_CURRENT_SRM,94.82366928283113,110.65613098973944,15.459081276217796,0.4865651311994496,0.20184175449683492
1.2,31,ORACLE_SRM,97.06843513281704,121.7446320494669,15.831965968906486,1.2576920825403051e-14,0.0
1.2,32,NOMINAL_SRM,58.46260880859734,67.90288457004417,9.419038008072649,27.659034544883596,11.05753209425648
1.2,32,CAL_CURRENT_SRM,94.69069316584068,111.50822910563976,15.436992220239317,0.4960619630552454,0.21826299330938376
1.2,32,ORACLE_SRM,97.0319393827707,119.94523923541243,15.825903551955266,1.5558621471258687e-11,0.0
1.2,33,NOMINAL_SRM,51.87625842835161,56.247460188759135,8.324959871819205,59.032809028867064,27.160216434205317
1.2,33,CAL_CURRENT_SRM,94.06813164068211,108.7106166932292,15.33357668449869,0.5264395975152046,0.27284987893912654
1.2,33,ORACLE_SRM,97.13908968728114,120.07886231417964,15.843702605860654,7.978306893330854e-12,0.0
1.2,34,NOMINAL_SRM,60.18282968170163,63.94237089954912,9.704788983671367,22.68890191179765,9.758585883979357
1.2,34,CAL_CURRENT_SRM,94.66452560710836,110.34727883685616,15.432645449685774,0.49889361292898304,0.23148857377262783
1.2,34,ORACLE_SRM,97.1698049460808,119.77530728503146,15.84880480831907,1.6011864169946884e-15,0.0
1.2,35,NOMINAL_SRM,64.89564540506646,70.10379384265897,10.487648738383134,13.182552223089509,6.333823712883486
1.2,35,CAL_CURRENT_SRM,95.05962398382334,111.18327397229868,15.49827640927298,0.46371012730294026,0.20129320952876506
1.2,35,ORACLE_SRM,97.16242257942058,120.38802790460522,15.84757850156488,5.359943013676413e-12,0.0
1.2,36,NOMINAL_SRM,65.34884336769242,71.39186448765028,10.562930791975488,12.521317698983914,6.579310541915198
1.2,36,CAL_CURRENT_SRM,94.75767010177637,109.99053986749173,15.44811795710571,0.5039946035363596,0.18653513320538773
1.2,36,ORACLE_SRM,97.017368685651,120.71586394984861,15.823483170373919,2.068393562815699e-11,0.0
1.2,37,NOMINAL_SRM,62.19350349575295,66.84780912421837,10.038787956105143,18.004946321328315,9.061135721756504
1.2,37,CAL_CURRENT_SRM,96.00373931684078,118.7109111933661,15.655106198810762,0.4569235347467006,0.1708461284528271
1.2,37,ORACLE_SRM,97.0944101360697,120.9233730079579,15.83628075349995,5.359495172975325e-12,0.0
1.2,38,NOMINAL_SRM,58.38999803570154,67.5595329823501,9.406976417890622,27.889028105552697,11.49015529547827
1.2,38,CAL_CURRENT_SRM,95.37649678713366,108.33475975096148,15.550913087563732,0.4612539827962764,0.19886558569819854
1.2,38,ORACLE_SRM,97.2133652183579,121.21885650984852,15.856040733946495,1.0441479392112598e-11,0.0
1.2,39,NOMINAL_SRM,63.65136384643962,72.98431042149426,10.28095744957469,15.218268962558597,5.031160212507044
1.2,39,CAL_CURRENT_SRM,95.40606429210379,113.82832976086759,15.555824633239833,0.4765580313248702,0.20309333356165363
1.2,39,ORACLE_SRM,97.01140730893542,119.5864518984082,15.822492908461033,3.077815515201505e-12,0.0
1.2,40,NOMINAL_SRM,60.052135421184325,67.20167148622676,9.68307897361866,23.034626464005186,9.574621562843332
1.2,40,CAL_CURRENT_SRM,95.66340022319736,115.53241533937444,15.598571465647401,0.4559661108924581,0.18838587413660143
1.2,40,ORACLE_SRM,96.96816168550885,120.35705855354982,15.815309250084526,5.359942572145074e-12,0.0
1.2,41,NOMINAL_SRM,57.349388095145514,60.22889914743436,9.234117623778326,31.445658363277182,14.781363242068956
1.2,41,CAL_CURRENT_SRM,95.55754314889793,114.76056799464239,15.580987234036202,0.4637838670663896,0.18623391524617489
1.2,41,ORACLE_SRM,96.92732788113338,121.10804847574207,15.80852622610189,4.464422001611701e-15,0.0
1.2,42,NOMINAL_SRM,55.435741841501155,58.84476456887312,8.916236186295874,39.17883679557216,18.67370176207221
1.2,42,CAL_CURRENT_SRM,95.3047951274265,113.688548074701,15.539002512861545,0.46119158419078105,0.19356741805576816
1.2,42,ORACLE_SRM,96.95982186082463,120.54504402695488,15.81392389714695,3.07781491248315e-12,0.0
1.2,43,NOMINAL_SRM,56.07140195955353,62.425592023819476,9.02182756803215,36.420149394499674,18.691001947304876
1.2,43,CAL_CURRENT_SRM,95.65000096252456,109.96877168458462,15.596345674837966,0.4612317315923658,0.19126870043122163
1.2,43,ORACLE_SRM,97.16654308830121,120.62275991654828,15.848262971478606,6.855121490028353e-16,0.0
1.2,44,NOMINAL_SRM,59.097085890113476,62.74689494110007,9.524432872111873,25.711954866925716,10.30277896963451
1.2,44,CAL_CURRENT_SRM,94.7632175128179,110.27111641204634,15.449039453956463,0.49304820404902894,0.22119609564683507
1.2,44,ORACLE_SRM,97.11210761028282,121.60660535011584,15.839220533269572,1.3051197160118179e-11,0.0
1.2,45,NOMINAL_SRM,54.71530641925652,58.636706395577974,8.796562528115702,42.57551856811405,20.45470429813951
1.2,45,CAL_CURRENT_SRM,95.0036503160613,112.33726408557062,15.488978457817492,0.4880036836138373,0.22111886884847123
1.2,45,ORACLE_SRM,97.10758602102771,121.01701460199605,15.838469438708923,7.980812950405955e-12,0.0
1.2,46,NOMINAL_SRM,62.972560388610354,66.33044061108292,10.168199400101388,16.46205503410121,7.79341860764654
1.2,46,CAL_CURRENT_SRM,95.2791170283325,115.27412862513678,15.534737047895764,0.4705680398397757,0.22053535503394767
1.2,46,ORACLE_SRM,97.29954396712802,120.74216573315333,15.87035614071894,5.359964188884549e-12,0.0
1.2,47,NOMINAL_SRM,54.98203432612574,58.7163734967189,8.840869489389659,41.2880053342112,18.75787205829582
1.2,47,CAL_CURRENT_SRM,94.66709252622239,110.79283544701684,15.4330718482097,0.48487064541625574,0.2473676802461544
1.2,47,ORACLE_SRM,97.18144803051689,120.50268692624437,15.850738875501145,7.980322257296377e-12,0.0
1.2,48,NOMINAL_SRM,59.99893854875427,64.47815914869867,9.674242283846224,23.171160815866198,9.739533528476706
1.2,48,CAL_CURRENT_SRM,95.45796257057448,114.55271995380996,15.564445609729981,0.46399791893979847,0.2190054797503216
1.2,48,ORACLE_SRM,97.31665814648858,118.99231498986501,15.873199027655911,1.0441473122619046e-11,0.0
1.2,49,NOMINAL_SRM,57.07874327149922,61.102021764851635,9.189160011876949,32.428896088789294,16.46508738538168
1.2,49,CAL_CURRENT_SRM,94.4449218866393,107.11110827825368,15.396166426352044,0.5056400304545747,0.23260881952915252
1.2,49,ORACLE_SRM,97.0605793562521,120.76287838546443,15.83066102263324,5.359501448644912e-12,0.0
1.2,50,NOMINAL_SRM,72.07698733873738,79.8146559673168,11.680562680853386,5.770161432410405,2.8413629648096976
1.2,50,CAL_CURRENT_SRM,95.22124760639065,113.40907046145094,15.525124187108082,0.46336192545913824,0.17527846370007713
1.2,50,ORACLE_SRM,97.10287064122674,120.38816531536902,15.837686153027699,7.977860802492189e-12,0.0
1.2,51,NOMINAL_SRM,59.28206613182749,68.23589147162863,9.555160487014534,25.16562879934244,10.43720314690301
1.2,51,CAL_CURRENT_SRM,95.08878447109521,116.59947800344972,15.50312034403575,0.4770585901116787,0.24554573185819406
1.2,51,ORACLE_SRM,97.02285428246371,120.59476088309351,15.82439439908035,5.359963533489045e-12,0.0
1.2,52,NOMINAL_SRM,54.80406063383127,57.9245187579192,8.811305753128119,42.14864467109255,17.089399669210955
1.2,52,CAL_CURRENT_SRM,95.22670044958859,113.65745729134747,15.526029975014717,0.4728443278154043,0.2028780479094144
1.2,52,ORACLE_SRM,97.21144019268243,121.53803288962831,15.855720962239607,7.977902850388341e-12,0.0
1.2,53,NOMINAL_SRM,66.43783886196802,71.26925071146769,10.74382705348306,11.04833157381974,8.061948806947854
1.2,53,CAL_CURRENT_SRM,95.43827777385101,119.22095356404382,15.56117570994203,0.4663797051278503,0.204907765467722
1.2,53,ORACLE_SRM,97.01659788076961,120.39959815472227,15.82335512969595,1.044378336745313e-11,0.0
1.2,54,NOMINAL_SRM,54.900384003190226,59.23289214342104,8.827306312822298,41.68049724271706,17.727845282884378
1.2,54,CAL_CURRENT_SRM,96.04371076075262,114.94525332932295,15.661745973546946,0.4395936728707525,0.18303147926400365
1.2,54,ORACLE_SRM,97.26200048079798,120.64510098393848,15.864119681195678,1.555834320536522e-11,0.0
1.2,55,NOMINAL_SRM,56.00395284676809,62.104607800449756,9.010623396473106,36.70828356027593,19.52296787167497
1.2,55,CAL_CURRENT_SRM,93.91522291539091,109.67041064492547,15.308176564018424,0.5202099054155335,0.25637215249177353
1.2,55,ORACLE_SRM,97.11521417014508,119.85646149779582,15.8397365731138,5.361721377132306e-12,0.0
1.2,56,NOMINAL_SRM,57.51257317915985,61.701183001247095,9.261224780591338,30.8371770711059,12.814935671713831
1.2,56,CAL_CURRENT_SRM,94.77560362276405,106.7402158782275,15.451096947302998,0.4947083979499567,0.23378278463152594
1.2,56,ORACLE_SRM,97.12013077892566,120.75744148149423,15.840553285535824,1.0442991057042995e-11,0.0
1.2,57,NOMINAL_SRM,59.098070189273216,65.93219859494513,9.524596376955685,25.700978060307524,12.356515688538927
1.2,57,CAL_CURRENT_SRM,96.0426573610013,110.60379487906916,15.661570990199552,0.4450036529325357,0.1873282602134379
1.2,57,ORACLE_SRM,97.00351706896245,121.0827424672378,15.821182237369179,1.5558448992036763e-11,0.0
1.2,58,NOMINAL_SRM,66.61173358414669,73.55313149159517,10.772713219957922,10.834183340120385,5.810126754542588
1.2,58,CAL_CURRENT_SRM,95.4795657251961,111.67541000774011,15.568034173620614,0.47164915827531406,0.18762489110546493
1.2,58,ORACLE_SRM,97.32634970073981,119.48117802642432,15.874808920388674,1.556064335366945e-11,0.0
1.2,59,NOMINAL_SRM,54.85789154267806,61.876106531779264,8.820247764564463,41.88917094973964,22.297071755232484
1.2,59,CAL_CURRENT_SRM,95.4563011978448,114.46248290206216,15.564169634193489,0.4639721235057384,0.19635770212607315
1.2,59,ORACLE_SRM,97.06949771502485,121.65895756449116,15.832142477578879,1.5762747924311843e-15,0.0
1.2,60,NOMINAL_SRM,52.02931625109891,55.868945616962414,8.350384759318757,58.00077085051306,28.22512098009058
1.2,60,CAL_CURRENT_SRM,95.10180276964337,110.03720726733019,15.505282852100228,0.4795966569707368,0.23409291475607874
1.2,60,ORACLE_SRM,97.09994715557895,120.24569221059458,15.837200524182549,2.0684259643715978e-11,0.0
1.2,61,NOMINAL_SRM,53.451652600802795,58.0023570566538,8.58665325594731,49.240251986660745,26.383055590508302
1.2,61,CAL_CURRENT_SRM,95.01716410539403,109.77676088309403,15.491223273321268,0.476776105400664,0.1774250940482711
1.2,61,ORACLE_SRM,97.17472851434066,120.0277563352242,15.849622676800774,3.0772450951015403e-12,0.0
1.2,62,NOMINAL_SRM,57.07689319127424,60.909513172574314,9.18885268958044,32.443314969154905,13.22883920871865
1.2,62,CAL_CURRENT_SRM,95.78647839711783,115.51877759049935,15.619016345036185,0.4509988693634082,0.16213601575049089
1.2,62,ORACLE_SRM,97.06521919636806,120.44761422060128,15.83143176019403,1.0441446161743596e-11,0.0
1.2,63,NOMINAL_SRM,55.16802001745201,58.715553076781184,8.871764122500334,40.41635226837717,19.17165704894431
1.2,63,CAL_CURRENT_SRM,95.41336694059454,111.28485515388786,15.55703769777318,0.4635094371441916,0.20928148071562497
1.2,63,ORACLE_SRM,97.045528929642,119.76127641174148,15.828160951767774,5.361742363490836e-12,0.0
1.2,64,NOMINAL_SRM,57.602350928444594,62.63070387525181,9.27613802798083,30.535411066501005,14.07629236389499
1.2,64,CAL_CURRENT_SRM,95.76395784516066,113.23997942542067,15.615275389561571,0.45097632717858405,0.1810009566881761
1.2,64,ORACLE_SRM,97.25709446550441,120.66869119616965,15.863304728489105,1.0443877690425353e-11,0.0
1.2,65,NOMINAL_SRM,60.592217061892086,65.24533561001485,9.772793531875763,21.644073571155527,9.702280743596289
1.2,65,CAL_CURRENT_SRM,95.47317460140917,113.20235253035575,15.566972525151025,0.46371809167467887,0.187143932651077
1.2,65,ORACLE_SRM,97.18940652942945,118.989718382382,15.852060885287283,3.077274508209263e-12,0.0
1.2,66,NOMINAL_SRM,54.86185293384899,60.730213708960804,8.82090580296495,41.86667409359757,18.388785376053704
1.2,66,CAL_CURRENT_SRM,95.59344749181261,117.70872809225298,15.586951410600102,0.4561687942592501,0.18445914416642123
1.2,66,ORACLE_SRM,97.283461226518,119.97795594218536,15.867684589122591,2.0690907438841492e-11,0.0
1.2,67,NOMINAL_SRM,59.78275637426418,68.1063622769735,9.638331623631926,23.759151192943083,11.277049775412662
1.2,67,CAL_CURRENT_SRM,95.86758823022754,112.46009017943776,15.632489739240455,0.45266379956011144,0.17397393859285717
1.2,67,ORACLE_SRM,97.09206496102018,120.17084765519093,15.835891189538238,5.35995712325686e-12,0.0
1.2,68,NOMINAL_SRM,59.74974213136937,66.9088528944823,9.632847530127805,23.850098534433183,12.836164839321127
1.2,68,CAL_CURRENT_SRM,95.82310893658445,111.85270722701472,15.625101152256553,0.46017805577609083,0.18029257967141304
1.2,68,ORACLE_SRM,97.28694176540905,120.1646654459459,15.868262751729079,1.897149936107019e-15,0.0
1.2,69,NOMINAL_SRM,53.92918578152856,57.60843870409788,8.665977704572851,46.60611385311102,20.457919276796105
1.2,69,CAL_CURRENT_SRM,95.80529466104728,116.48753897606395,15.622141970273635,0.4558385360113851,0.1839795476581464
1.2,69,ORACLE_SRM,97.19573288824272,120.35109380355189,15.8531117754556,1.6731801358972937e-15,0.0
1.2,70,NOMINAL_SRM,56.414432774569796,60.91009913916938,9.078809430991662,35.01183970615157,14.565883633828971
1.2,70,CAL_CURRENT_SRM,95.23571058728686,109.57637350108256,15.527526675629046,0.4741247379927342,0.22471097874980736
1.2,70,ORACLE_SRM,97.10427867247846,121.00559428967907,15.837920045262203,3.0777923835472905e-12,0.0
1.2,71,NOMINAL_SRM,58.192601194791095,64.8838820698349,9.37418624498191,28.53702491233972,15.645556673678243
1.2,71,CAL_CURRENT_SRM,95.58056719842386,114.72400392740337,15.584811826980708,0.46047064352286743,0.18459531728896958
1.2,71,ORACLE_SRM,97.15557438356046,120.24747657107186,15.846440927501739,1.0441752568093597e-11,0.0
1.2,72,NOMINAL_SRM,59.19819146917658,66.88938139030503,9.541227818800097,25.411898452523342,13.77240796578856
1.2,72,CAL_CURRENT_SRM,94.89344677874544,111.36778242705383,15.470672222382964,0.4860866250029861,0.20494288189493146
1.2,72,ORACLE_SRM,97.15493792775999,119.81361804234973,15.846335203946841,1.0443947311421425e-11,0.0
1.2,73,NOMINAL_SRM,60.94312591787314,67.09834012792273,9.831084039513811,20.78730874887156,11.360074036796712
1.2,73,CAL_CURRENT_SRM,95.03810128760308,112.27922298077415,15.494701210565296,0.480623716134117,0.19776413512073784
1.2,73,ORACLE_SRM,96.92322561233894,118.44507088990937,15.807844786102814,5.3619616084107575e-12,0.0
1.2,74,NOMINAL_SRM,56.9380698874157,63.334238979472744,9.165792340102277,32.958481557179915,15.79105092520815
1.2,74,CAL_CURRENT_SRM,95.79682015733383,115.70984015220108,15.62073424540429,0.452888569051338,0.19612752228304534
1.2,74,ORACLE_SRM,97.12090663059469,118.78871811724862,15.840682164550612,5.359941007381864e-12,0.0
1.2,75,NOMINAL_SRM,58.39016386931451,64.55518665878921,9.407003965002412,27.897562766892086,14.076745404149685
1.2,75,CAL_CURRENT_SRM,94.8912972959374,116.41983112524065,15.470315165438107,0.4912033330312053,0.19541183401413764
1.2,75,ORACLE_SRM,97.05406238404194,119.1954300788059,15.829578469109958,1.897149936107019e-15,0.0
1.2,76,NOMINAL_SRM,62.54112937867993,69.29803464144959,10.09653311938205,17.292402877149268,9.301219589314012
1.2,76,CAL_CURRENT_SRM,95.22628497183901,112.1552177905646,15.525960958777244,0.4728933080869195,0.19302609727687756
1.2,76,ORACLE_SRM,97.2359512664992,120.59927383017924,15.859792569185913,5.3617405023751995e-12,0.0
1.2,77,NOMINAL_SRM,55.575099509742,63.36468281727021,8.939385300621597,38.560319073636,17.966854448393715
1.2,77,CAL_CURRENT_SRM,95.1486795328899,113.72507748879885,15.513069689848821,0.48512880821299675,0.21322865129130003
1.2,77,ORACLE_SRM,97.10471387844193,121.26294788050271,15.837992338611617,5.359502238062105e-12,0.0
1.2,78,NOMINAL_SRM,55.82419776246685,61.46276991745738,8.980763747918083,37.47495374719149,16.936973799844488
1.2,78,CAL_CURRENT_SRM,95.72705482733171,113.4380731888221,15.60914532015477,0.4541854772140064,0.1794281176585443
1.2,78,ORACLE_SRM,97.14170276529742,121.04863570512387,15.844136671976317,1.0443907120391206e-11,0.0
1.2,79,NOMINAL_SRM,58.32652733048061,64.83604722430736,9.396433111375517,28.090520708514422,14.247202671975375
1.2,79,CAL_CURRENT_SRM,96.00073033661856,113.59011393429606,15.654606368209063,0.44573395490612583,0.18650854622905133
1.2,79,ORACLE_SRM,97.09154866552157,121.77242583394906,15.835805426166374,5.359490355969901e-12,0.0
1.2,80,NOMINAL_SRM,56.654374252624365,60.30851126574297,9.11866681937282,34.061752448047486,13.795104954751723
1.2,80,CAL_CURRENT_SRM,95.57457316533535,112.03204029795637,15.583816140421154,0.46438659673336713,0.17483970573613025
1.2,80,ORACLE_SRM,97.27326188459729,119.89594771560891,15.86599034627862,7.108895957933346e-16,0.0
1.2,81,NOMINAL_SRM,56.19683138597401,62.800342475493295,9.042663020925916,35.90030511300545,17.727416386626754
1.2,81,CAL_CURRENT_SRM,94.8387151258465,108.56057112384589,15.461580585688788,0.486803129109021,0.2080520752656032
1.2,81,ORACLE_SRM,97.07014256146596,119.93906664910882,15.8322495949279,1.0441452754732045e-11,0.0
1.2,82,NOMINAL_SRM,59.53166644392641,64.43124780685609,9.596622332878143,24.459994042001526,13.65275857174707
1.2,82,CAL_CURRENT_SRM,95.57652814975614,114.2277491424106,15.58414088866381,0.45536908443562757,0.19667407164383718
1.2,82,ORACLE_SRM,97.24719841200987,120.65281092327231,15.86166086578237,1.5558609669308062e-11,0.0
1.2,83,NOMINAL_SRM,64.42594062637674,72.64701919293749,10.409624688766902,13.913409177969108,6.013362190573267
1.2,83,CAL_CURRENT_SRM,94.78427233613101,112.27318036327475,15.452536932912128,0.4936749934761007,0.2424395813258254
1.2,83,ORACLE_SRM,97.32852721322305,121.82100612405986,15.875170633425757,5.359482299061559e-12,0.0
1.2,84,NOMINAL_SRM,55.76736238539829,60.136514343553515,8.971322655381778,37.72039460926196,19.369647529165178
1.2,84,CAL_CURRENT_SRM,66.21762338952698,77.30925775968933,10.707246410220428,11.326272730588427,0.20393984698152212
1.2,84,ORACLE_SRM,97.22076530155427,120.40153200563559,15.857269983646889,5.359940143290879e-12,0.0
1.2,85,NOMINAL_SRM,56.006891532838274,59.655590145179474,9.011111550305362,36.68306794382591,16.424167866781904
1.2,85,CAL_CURRENT_SRM,94.81866119294396,109.44910342604139,15.458249367598665,0.489102923596436,0.20276418563382373
1.2,85,ORACLE_SRM,97.00871418857594,121.75972692799219,15.822045546275072,2.5818583843471644e-11,0.0
1.2,86,NOMINAL_SRM,65.69430988882503,72.32884322786438,10.620317257279906,12.031665624684276,5.931297332470754
1.2,86,CAL_CURRENT_SRM,95.99691578672207,116.85514839398195,15.653972722046856,0.44465018384816707,0.18612211614711296
1.2,86,ORACLE_SRM,97.35314206765578,120.98816825565493,15.87925947967704,1.7854038300244782e-15,0.0
1.2,87,NOMINAL_SRM,53.74047880534374,57.48037001099243,8.634631030787999,47.62415372989463,20.644554328112427
1.2,87,CAL_CURRENT_SRM,95.92871386050811,113.0426623018349,15.642643498423274,0.4432735453158908,0.1816897524034208
1.2,87,ORACLE_SRM,97.24072968495891,120.69484594904162,15.860586326405134,5.360056651307893e-12,0.0
1.2,88,NOMINAL_SRM,55.36274603495987,59.624482846807254,8.904110637036524,39.51927142783399,14.399305303297625
1.2,88,CAL_CURRENT_SRM,94.455059995348,109.47354003369723,15.397850497566113,0.4994460881160175,0.19735702027492313
1.2,88,ORACLE_SRM,97.1888669356649,121.47435460269821,15.851971251771579,5.359489321043367e-12,0.0
1.2,89,NOMINAL_SRM,54.167022036191014,58.01704075875519,8.705485388071597,45.34260878541586,22.777942173721648
1.2,89,CAL_CURRENT_SRM,95.21719018288111,108.37596303102444,15.524450196491879,0.47149312349307254,0.16120923775888138
1.2,89,ORACLE_SRM,97.09882072378218,118.82145733345858,15.837013409266143,1.0443869047903565e-11,0.0
1.2,90,NOMINAL_SRM,63.39109421697806,67.96365359613803,10.237723291856822,15.677520169162241,7.454490000415762
1.2,90,CAL_CURRENT_SRM,95.1249917973314,111.26101976672095,15.50913485005505,0.48104185934405513,0.18850305896268724
1.2,90,ORACLE_SRM,96.99185750420241,120.00259473374476,15.819245432591764,5.359939979297547e-12,0.0
1.2,91,NOMINAL_SRM,60.306746979815145,65.27004824627114,9.725373252460988,22.36255559719363,11.187269898697554
1.2,91,CAL_CURRENT_SRM,94.61941525427054,110.33737042393597,15.425152035593113,0.49571080818083235,0.18927101022993795
1.2,91,ORACLE_SRM,97.067033078245,121.65870937179082,15.831733069475915,5.361852854544134e-12,0.0
1.2,92,NOMINAL_SRM,53.39967966143881,56.49625005604767,8.578019877315418,49.52622630432504,22.787730153589575
1.2,92,CAL_CURRENT_SRM,95.08964395067879,112.81679287557147,15.503263114730697,0.47850257988385225,0.18349282943272432
1.2,92,ORACLE_SRM,97.12226630772902,121.6876355085137,15.840908024539704,3.077792421592917e-12,0.0
1.2,93,NOMINAL_SRM,59.821699319355865,63.295178223985644,9.644800551388018,23.66228308071078,10.474936105492576
1.2,93,CAL_CURRENT_SRM,95.91256128564689,119.09967397891202,15.639960346452972,0.44265960459028636,0.18699203369870124
1.2,93,ORACLE_SRM,97.07791955185769,121.52692685044849,15.83354145379696,3.077790883748266e-12,0.0
1.2,94,NOMINAL_SRM,62.167037083821846,71.52021242314574,10.034391542163098,18.04755637478802,8.666153116997656
1.2,94,CAL_CURRENT_SRM,93.96458388050894,106.71924424199865,15.316376059885206,0.5287511988987947,0.23406285572521618
1.2,94,ORACLE_SRM,97.03010036848696,120.23383786260689,15.825598067854976,1.304864411871286e-11,0.0
1.2,95,NOMINAL_SRM,57.73380672176905,68.45319912243473,9.297974538499844,30.089414588800725,15.29564622302087
1.2,95,CAL_CURRENT_SRM,95.02249612161808,106.76662747933261,15.492108990302006,0.4920254031062734,0.2246552030315891
1.2,95,ORACLE_SRM,97.07745454805193,119.60424914785584,15.833464210639857,1.3051195995885903e-11,0.0
1.2,96,NOMINAL_SRM,60.0869674069662,62.79276559267349,9.688865017768473,22.934789771388605,9.991452001845209
1.2,96,CAL_CURRENT_SRM,95.30710428269607,109.87683481774911,15.539386093471109,0.4717584774015378,0.2131700026016531
1.2,96,ORACLE_SRM,97.24961323656385,121.31916284620273,15.86206199942921,2.582048030018114e-11,0.0
1.2,97,NOMINAL_SRM,59.767453752773214,66.62902491272493,9.635789659929106,23.80031225022874,12.688130547088116
1.2,97,CAL_CURRENT_SRM,94.65283446413883,110.6227185220989,15.430703399358611,0.49189692064642343,0.23862206857535737
1.2,97,ORACLE_SRM,97.22233530244687,120.00037874973518,15.857530781137353,1.1102230246251565e-16,0.0
1.2,98,NOMINAL_SRM,54.48772751806991,60.021508886429444,8.75875872393188,43.70002844462353,20.100309839765927
1.2,98,CAL_CURRENT_SRM,95.06321041938803,108.83169581621655,15.498872162689041,0.48815176892713275,0.20238579642712604
1.2,98,ORACLE_SRM,97.03338707020536,122.0552663649766,15.826144031595575,5.359926483983813e-12,0.0
1.2,99,NOMINAL_SRM,64.23380250526043,68.53358438594088,10.377708057352232,14.231118034107713,9.28306847454544
1.2,99,CAL_CURRENT_SRM,95.82694834787127,110.24676370290481,15.62573892821782,0.44534647481025763,0.14942029730169307
1.2,99,ORACLE_SRM,97.29961434541437,119.38008896850624,15.870367831464181,5.359942691726482e-12,0.0
1.2,100,NOMINAL_SRM,56.767405790434466,59.48990409688999,9.137442822331307,33.60779473644863,16.03803067640347
1.2,100,CAL_CURRENT_SRM,94.79696229393974,108.67278153549657,15.454644899325539,0.4925969639241035,0.21272331326130076
1.2,100,ORACLE_SRM,97.13548499670722,120.46630083052675,15.843103820051034,3.077285079019891e-12,0.0
1.2,101,NOMINAL_SRM,64.86953518123494,70.2204424081005,10.483311491899492,13.2345435601551,6.617107493412698
1.2,101,CAL_CURRENT_SRM,94.77252232978051,109.35731548525844,15.450585104614703,0.49354087510041467,0.22808914095521227
1.2,101,ORACLE_SRM,97.31154936581206,120.9889597736141,15.872350392992036,3.925231146709438e-17,0.0
1.2,102,NOMINAL_SRM,54.83932725078661,58.84999311157941,8.817163995147279,41.97014028229563,20.150583805938048
1.2,102,CAL_CURRENT_SRM,95.25524114679362,112.9314217097882,15.53077095461688,0.4640501662507401,0.1945871630587539
1.2,102,ORACLE_SRM,97.11585455200262,121.75269748737476,15.839842948837644,1.0443017704245002e-11,0.0
1.2,103,NOMINAL_SRM,58.48673357250252,65.07769229519346,9.423045443937298,27.584337922654036,11.980253052529616
1.2,103,CAL_CURRENT_SRM,94.92274775268629,107.51397253289528,15.47553949380171,0.49318166868692626,0.22513516878030254
1.2,103,ORACLE_SRM,97.15993428419691,120.71485376824003,15.847165163487858,5.359940429452763e-12,0.0
1.2,104,NOMINAL_SRM,56.318899906942505,59.93724854724434,9.062940183877494,35.41173714715968,19.212160241730835
1.2,104,CAL_CURRENT_SRM,96.05855599089921,116.15507175136497,15.66421195862113,0.4370721815508767,0.15729117762753894
1.2,104,ORACLE_SRM,97.23849944418191,120.13141800004149,15.860215854515268,1.3050868363692476e-11,0.0
1.2,105,NOMINAL_SRM,60.042993267584144,68.01465316529084,9.681560343452517,23.058368210780905,12.852778142680187
1.2,105,CAL_CURRENT_SRM,95.6061354495447,111.77518509763078,15.589059044774867,0.4637321808402318,0.1835330387798929
1.2,105,ORACLE_SRM,96.97700554362359,119.20845684433736,15.81677832950558,3.0772496661418895e-12,0.0
1.2,106,NOMINAL_SRM,59.751404752287144,62.13009516764524,9.63312371300451,23.843560897845357,11.07437635290273
1.2,106,CAL_CURRENT_SRM,95.9021143045371,116.55389261155892,15.638224967531078,0.44620616212546355,0.17889052511888492
1.2,106,ORACLE_SRM,97.02194956126115,119.91611173113267,15.824244113166305,5.361834175899477e-12,0.0
1.2,107,NOMINAL_SRM,57.74310505190449,60.847370242103686,9.299519111612042,30.041103384111235,14.916678642665016
1.2,107,CAL_CURRENT_SRM,94.76658781788069,112.8373470628649,15.449599305295797,0.494227109904986,0.21679504821138657
1.2,107,ORACLE_SRM,97.18208427849865,120.96588673626943,15.85084456453466,5.361733253130926e-12,0.0
1.2,108,NOMINAL_SRM,59.67734358760674,67.49660758298079,9.62082119395461,24.03969131174775,11.391335026621004
1.2,108,CAL_CURRENT_SRM,96.16077770450146,110.4669897630219,15.68119230971785,0.44025161997484746,0.17592591385666645
1.2,108,ORACLE_SRM,97.11396160483676,120.73019302768213,15.839528505786838,1.3051774754913945e-11,0.0
1.2,109,NOMINAL_SRM,58.89356963176602,61.912834906302486,9.490626184678742,26.309433613598856,10.540494751867794
1.2,109,CAL_CURRENT_SRM,95.24836944600962,114.27160279274531,15.529629476081332,0.47977824064351166,0.19895241096623031
1.2,109,ORACLE_SRM,97.05894327259583,120.78633072062777,15.830389247939506,1.3051183415279305e-11,0.0
1.2,110,NOMINAL_SRM,59.41530718246514,67.4719302383615,9.577293551904509,24.792770738168095,13.208143975239654
1.2,110,CAL_CURRENT_SRM,94.66755199391079,112.86078945741822,15.433148171745978,0.4910536434691434,0.21821625428390612
1.2,110,ORACLE_SRM,97.27173519383268,120.01443027348786,15.865736743161575,5.359495136752933e-12,0.0
1.2,111,NOMINAL_SRM,58.7146866359533,62.98292637773726,9.460911401321146,26.866423594694204,13.632982393360239
1.2,111,CAL_CURRENT_SRM,94.75057288960465,112.44431355605924,15.446939018206754,0.49531990441456913,0.2572016610303307
1.2,111,ORACLE_SRM,97.21848755234483,121.65005839429139,15.856891619990835,3.077261391184066e-12,0.0
1.2,112,NOMINAL_SRM,56.818950880661646,60.454483558959325,9.146005129678015,33.411205096232685,17.01522916105187
1.2,112,CAL_CURRENT_SRM,95.83545339778345,116.67588125403657,15.627151727206554,0.44930400842105317,0.1681428642254232
1.2,112,ORACLE_SRM,97.0530334321286,119.88429598356112,15.829407546865216,3.077271555170077e-12,0.0
1.2,113,NOMINAL_SRM,64.36749301293915,69.5050201233063,10.399915782880258,14.02317053265032,7.280501801122993
1.2,113,CAL_CURRENT_SRM,95.99247221799877,113.31363826721555,15.653234587707436,0.44044157855907917,0.16598973727392569
1.2,113,ORACLE_SRM,97.28727086626664,120.02938335342367,15.86831741964562,1.8162348582705528e-11,0.0
1.2,114,NOMINAL_SRM,63.65874614256662,68.02592869929532,10.282183744612396,15.204558560614755,6.6542537464628175
1.2,114,CAL_CURRENT_SRM,94.60692896533155,110.2412869477916,15.423077901217866,0.5026905778210066,0.22367031035182203
1.2,114,ORACLE_SRM,97.08799520149996,121.83431375182218,15.835215149750825,2.677774808343063e-16,0.0
1.2,115,NOMINAL_SRM,57.215524430551156,59.59440398801231,9.21188113464305,31.931791015466512,14.81077346472764
1.2,115,CAL_CURRENT_SRM,95.39044171396361,111.66729439466637,15.553229520591962,0.46893854626706866,0.21262452089167586
1.2,115,ORACLE_SRM,97.11349294204837,120.38978132344475,15.83945065482531,1.2629790095209753e-14,0.0
1.2,116,NOMINAL_SRM,57.67815294218116,64.62230478752461,9.28872972461481,30.269829754599034,16.51894782608255
1.2,116,CAL_CURRENT_SRM,94.72399389327333,107.02426426853465,15.442523902537099,0.48669469341297944,0.23460561148177128
1.2,116,ORACLE_SRM,97.04874738377477,120.87749034388601,15.828695578700128,3.077261002118667e-12,0.0
1.2,117,NOMINAL_SRM,63.943012046459735,70.14487287887515,10.329403994428528,14.725366672376275,6.550473126405709
1.2,117,CAL_CURRENT_SRM,94.71046571341965,109.50128680411014,15.440276696581337,0.4914744041264599,0.23211097490362959
1.2,117,ORACLE_SRM,97.09471668922914,120.58752280572428,15.836331675951685,5.20740757162067e-16,0.0
1.2,118,NOMINAL_SRM,54.72777242903406,57.7936471668664,8.79863329385948,42.52064533636452,20.07509665855463
1.2,118,CAL_CURRENT_SRM,95.26830892410317,115.92701518250443,15.532941681744711,0.4685106020036726,0.23956974351245242
1.2,118,ORACLE_SRM,97.1755452028743,121.68859082190383,15.849758339347892,5.3618477828734364e-12,0.0
1.2,119,NOMINAL_SRM,57.586334267110466,61.78876351390696,9.273477453008384,30.589094273188266,18.663384825315635
1.2,119,CAL_CURRENT_SRM,94.3465040661912,109.00696141103941,15.379817951194552,0.5069399071013637,0.19534929923383398
1.2,119,ORACLE_SRM,97.20396838982424,120.78577479334895,15.854479798974127,5.361854872968358e-12,0.0
1.2,120,NOMINAL_SRM,58.316891638954395,61.0688725000272,9.394832498165183,28.117176790799373,13.038718073029331
1.2,120,CAL_CURRENT_SRM,95.48232187041131,111.27919089551084,15.568492005051713,0.45265917892192586,0.18310273408406283
1.2,120,ORACLE_SRM,97.1658027494275,120.91531138629807,15.848139991599252,1.0443944284206751e-11,0.0
1.2,121,NOMINAL_SRM,54.06659349124045,58.05977142523554,8.68880290552167,45.88204058463148,21.42076111080334
1.2,121,CAL_CURRENT_SRM,94.94643887121484,109.47055874309194,15.479474895550638,0.492223860260024,0.2172490106835528
1.2,121,ORACLE_SRM,97.0525491238626,120.444760727205,15.829327096987145,1.0443897742736052e-11,0.0
1.2,122,NOMINAL_SRM,55.2966416149195,58.66843422943178,8.893129836365366,39.82570613473026,19.48871312611128
1.2,122,CAL_CURRENT_SRM,94.63327005937758,108.41622164140392,15.42745349823548,0.5079261286521776,0.23994362292826568
1.2,122,ORACLE_SRM,97.12698183591142,121.06279319192551,15.841691334869008,1.1102230246251565e-16,0.0
1.2,123,NOMINAL_SRM,59.39144074922942,62.87872564706418,9.5733290281112,24.853311867357156,12.896983697208396
1.2,123,CAL_CURRENT_SRM,95.0863044135458,110.94333370072013,15.502708374343158,0.47597497636773967,0.18792082319911865
1.2,123,ORACLE_SRM,97.35000254851145,120.21377931596696,15.878737964869012,1.5558791294769087e-11,0.0
1.2,124,NOMINAL_SRM,56.51284968241751,59.946092077037974,9.095157754554405,34.61459711132741,15.05440772384801
1.2,124,CAL_CURRENT_SRM,94.82642684641101,109.62361645051993,15.459539343257644,0.48858412323211153,0.1943438261148123
1.2,124,ORACLE_SRM,97.13074980874242,119.77251870672862,15.842317243977147,1.0441445127412015e-11,0.0
1.2,125,NOMINAL_SRM,65.96127117328719,75.60810558295807,10.664662985595879,11.665048908850183,4.964977063909872
1.2,125,CAL_CURRENT_SRM,95.91928793662655,116.12468826305034,15.641077730336637,0.4424230052510142,0.18333703778149255
1.2,125,ORACLE_SRM,97.17968539816579,120.20969807771577,15.850446079429533,3.0777895641648077e-12,0.0
1.2,126,NOMINAL_SRM,61.4365650919959,66.21617550264676,9.913050679733539,19.64659493941395,9.29788445210021
1.2,126,CAL_CURRENT_SRM,94.50189929038646,108.43191392150536,15.405631111359877,0.5048361409977624,0.22308636183131766
1.2,126,ORACLE_SRM,97.06015343750933,121.62196042468892,15.830590272011516,1.3052102585026848e-11,0.0
1.2,127,NOMINAL_SRM,54.405783908112404,57.397791470861065,8.745146828590102,44.113925702625195,20.408175169496523
1.2,127,CAL_CURRENT_SRM,95.05014910688116,114.68181651232442,15.4967025094487,0.4793435053060364,0.20999077836145869
1.2,127,ORACLE_SRM,97.22874835741678,118.88111021127214,15.858596072660594,5.3599403004571385e-12,0.0
1.5,0,NOMINAL_SRM,60.32016978365992,64.47126348338615,9.727602954096334,22.32348233538875,10.353949078792605
1.5,0,CAL_CURRENT_SRM,95.88970809517355,116.62206065579878,15.636164135410889,0.44660051681878143,0.18848819253397336
1.5,0,ORACLE_SRM,97.26630093572972,120.38037506334678,15.86483404248002,5.361839142840747e-12,0.0
1.5,1,NOMINAL_SRM,53.525227894545324,56.568560312359324,8.598875065539092,48.82538046966152,23.5934042754136
1.5,1,CAL_CURRENT_SRM,95.42679721365818,115.42546882439098,15.559268640142555,0.4631003171173796,0.1789032706982903
1.5,1,ORACLE_SRM,97.31853469960467,120.72484632021322,15.873510747442637,1.5558786130993485e-11,0.0
1.5,2,NOMINAL_SRM,57.363838590463565,60.99783228220139,9.236518038282986,31.384027113949294,14.28601860948523
1.5,2,CAL_CURRENT_SRM,95.94947209613116,115.2170896639612,15.64609171032079,0.46024951025846,0.23628390246540248
1.5,2,ORACLE_SRM,97.12192258140337,120.66314332413182,15.840850927143418,5.35972864708351e-12,0.0
1.5,3,NOMINAL_SRM,53.88694348813288,56.204007738712676,8.658960712314432,46.84585942150354,21.560880262854184
1.5,3,CAL_CURRENT_SRM,95.49793736340804,114.25803969531631,15.571085940765455,0.4604516709763232,0.1854312376355779
1.5,3,ORACLE_SRM,97.18949026387108,120.25789274303271,15.85207479466297,5.361834475408662e-12,0.0
1.5,4,NOMINAL_SRM,52.40790406603023,55.2122197099348,8.413273100669473,55.529896829045995,26.998101020926637
1.5,4,CAL_CURRENT_SRM,94.80078327235194,113.7040168244036,15.455279613347498,0.5000162124160294,0.2365871072943138
1.5,4,ORACLE_SRM,97.19740782059364,120.31929193666004,15.85339000342087,2.220446049250313e-16,0.0
1.5,5,NOMINAL_SRM,55.25791652468233,62.20481895178209,8.886697097123312,39.995624090539785,14.628967386154718
1.5,5,CAL_CURRENT_SRM,95.56152351853365,112.1816694150131,15.58164842500559,0.45661465672863244,0.17753650318485398
1.5,5,ORACLE_SRM,97.12814795581605,120.6621166768588,15.84188504249436,2.0689615855548952e-11,0.0
1.5,6,NOMINAL_SRM,56.011014471760376,59.42554842471782,9.011796423880462,36.66886273885074,16.59609622482896
1.5,6,CAL_CURRENT_SRM,95.94373182606473,114.3247377358064,15.645138177087166,0.43957626692639024,0.14519062850385572
1.5,6,ORACLE_SRM,97.19121229518747,121.33200677833446,15.852360846376657,1.0441452750790715e-11,0.0
1.5,7,NOMINAL_SRM,57.56007005186133,65.92332898288652,9.269114626555039,30.678287404938374,13.898941627811572
1.5,7,CAL_CURRENT_SRM,96.10076385542325,112.96765131814767,15.671223231797883,0.43548481133325595,0.1763964066562749
1.5,7,ORACLE_SRM,97.17715222354252,120.55216008927628,15.850025286302744,1.5558725377452963e-11,0.0
1.5,8,NOMINAL_SRM,49.69895930084431,52.74233652732998,7.963282275887759,75.85070383046823,36.680594843300824
1.5,8,CAL_CURRENT_SRM,95.71532993729905,109.27402032257166,15.607197664003165,0.45929342918908345,0.19585746424278316
1.5,8,ORACLE_SRM,97.24136870686279,120.43977296418211,15.860692476223054,1.0441452095588211e-11,0.0
1.5,9,NOMINAL_SRM,59.40122633861053,63.48848366421882,9.57495454129743,24.819809586326723,12.676609356712667
1.5,9,CAL_CURRENT_SRM,94.41044314486732,112.71118650251283,15.39043906060919,0.49484730227935275,0.2078051020495253
1.5,9,ORACLE_SRM,97.15477861912349,121.96205237395537,15.846308740718188,1.0441450176704481e-11,0.0
1.5,10,NOMINAL_SRM,58.073479373905386,63.812231119924235,9.354398567093918,28.91964192080579,12.142678709457906
1.5,10,CAL_CURRENT_SRM,95.54355023091851,115.02747528816839,15.578662829056231,0.4521109621177173,0.14694949434319837
1.5,10,ORACLE_SRM,97.0238134159196,121.12024676203448,15.824553723574686,1.9751363738615075e-15,0.0
1.5,11,NOMINAL_SRM,57.235121433489915,63.050577929433764,9.215136450745835,31.84798424546392,15.56497096861341
1.5,11,CAL_CURRENT_SRM,94.47132087498667,111.02749938772332,15.400551640363235,0.49499469558358816,0.21635136811270259
1.5,11,ORACLE_SRM,97.14965288904894,120.66638237523145,15.845457290539692,1.0443267702949203e-11,0.0
1.5,12,NOMINAL_SRM,57.98529251741976,60.81559729626346,9.339749587611257,29.221343298239002,13.264164074494886
1.5,12,CAL_CURRENT_SRM,95.13050560134218,111.302895041617,15.510050764342555,0.4647744215899611,0.19772436151165396
1.5,12,ORACLE_SRM,97.22821622206342,120.30481042778857,15.858507678083626,1.815574682047005e-11,0.0
1.5,13,NOMINAL_SRM,54.61899399888961,57.49420372123339,8.780563787190966,43.04909507498316,21.248432660496977
1.5,13,CAL_CURRENT_SRM,94.97207197467431,114.65029213559232,15.483732886158522,0.4883797204756718,0.21246177049738513
1.5,13,ORACLE_SRM,97.02280155593925,121.84899222225937,15.82438564052147,5.3599415097101415e-12,0.0
1.5,14,NOMINAL_SRM,56.74012206378437,61.00960096330638,9.132910641824648,33.727598032375774,17.326262568961386
1.5,14,CAL_CURRENT_SRM,54.216759107392534,62.667681604634105,8.713747360031983,45.084514830499025,0.17275812364831203
1.5,14,ORACLE_SRM,97.16772568641878,120.8853904838905,15.848459416348634,1.0443944709300327e-11,0.0
1.5,15,NOMINAL_SRM,58.32124559077425,63.28177647609685,9.39555574597579,28.11359884215965,14.11778534032042
1.5,15,CAL_CURRENT_SRM,95.00697357954755,109.91022607850644,15.489530494941453,0.48477206651399046,0.17703004397613784
1.5,15,ORACLE_SRM,97.15669774587843,120.44926724000986,15.846627532537946,3.0777927820251463e-12,0.0
1.5,16,NOMINAL_SRM,62.507245067268315,66.48945792203237,10.090904496223974,17.36326856521123,9.615751183956965
1.5,16,CAL_CURRENT_SRM,95.66342008265346,111.72281747470066,15.598574764560375,0.4538326073657016,0.16924800968803536
1.5,16,ORACLE_SRM,97.07070993511888,120.68455933833391,15.832343843043004,2.068452580254625e-11,0.0
1.5,17,NOMINAL_SRM,59.5885196306254,64.374310686041,9.606066383824817,24.301583386000935,11.608587175747472
1.5,17,CAL_CURRENT_SRM,94.81724157925241,110.69083425533444,15.458013551370833,0.4864201781241503,0.22972854644663887
1.5,17,ORACLE_SRM,97.30993208568201,119.21074036848309,15.872081741807643,5.359496976620191e-12,0.0
1.5,18,NOMINAL_SRM,53.764390937599835,57.81704364579619,8.638603145780705,47.49662993686684,22.598239107816116
1.5,18,CAL_CURRENT_SRM,95.23763668657494,108.97225683401258,15.5278466256769,0.48090681498089644,0.18523592004965675
1.5,18,ORACLE_SRM,97.13891579702218,119.39010642359821,15.843673720435579,1.044395250489235e-11,0.0
1.5,19,NOMINAL_SRM,60.86456405480462,63.864158290812384,9.818033896146947,20.985074496046607,13.405801808769848
1.5,19,CAL_CURRENT_SRM,95.05091593146943,110.75706874658226,15.496829888948412,0.4823235686983476,0.20849345636977207
1.5,19,ORACLE_SRM,97.04775575368957,120.20274947191871,15.828530856094613,1.044176715311543e-11,0.0
1.5,20,NOMINAL_SRM,55.01216271043522,58.92756468134625,8.845874204391233,41.136201013858184,20.70684515865933
1.5,20,CAL_CURRENT_SRM,95.45126961137231,117.06982948859894,15.563333822487095,0.4698561890556013,0.18956137436681017
1.5,20,ORACLE_SRM,97.28033319310987,120.58926759235976,15.867164982244164,7.980807353323966e-12,0.0
1.5,21,NOMINAL_SRM,59.75599887740063,68.7238450190483,9.633886856711069,23.829463599804548,12.830640210523116
1.5,21,CAL_CURRENT_SRM,95.27108061470231,113.14469773122603,15.533402095465501,0.4748800644717402,0.1678219015336793
1.5,21,ORACLE_SRM,97.17376797782,120.7752840196965,15.849463119239203,1.9389211565826713e-15,0.0
1.5,22,NOMINAL_SRM,54.03769702621912,57.98022793514052,8.684002828275602,46.02814417428977,21.470003971628074
1.5,22,CAL_CURRENT_SRM,96.08297327492919,112.75623983631513,15.668267985868637,0.4433280614512217,0.16663939159742042
1.5,22,ORACLE_SRM,97.18468793671947,121.36573261447845,15.851277065900245,1.5558729874198708e-11,0.0
1.5,23,NOMINAL_SRM,57.263729531318795,64.49533803547632,9.219888626464916,31.74452196817567,17.028720980798056
1.5,23,CAL_CURRENT_SRM,95.53344073508285,114.87953473125955,15.576983510811104,0.45966420139548547,0.1686684725509816
1.5,23,ORACLE_SRM,97.08611738765889,121.49802386560603,15.834903220541344,5.359503140170904e-12,0.0
1.5,24,NOMINAL_SRM,57.73580967963797,64.10976681842784,9.298307255753816,30.080029453288063,14.060676721859215
1.5,24,CAL_CURRENT_SRM,95.0054838642802,109.34359327089541,15.489283033933587,0.47871140902933895,0.2182249611635073
1.5,24,ORACLE_SRM,97.07634864056158,120.93863394706354,15.833280505076674,3.0772568590890957e-12,0.0
1.5,25,NOMINAL_SRM,54.18604224900371,57.982996694781264,8.708644891861082,45.2427127957689,21.298873807903213
1.5,25,CAL_CURRENT_SRM,94.10228029703165,109.9360976892506,15.339249218776022,0.5160383364263574,0.1968954626719193
1.5,25,ORACLE_SRM,97.3252848023175,119.50989324953584,15.87463202696304,1.0443819133043756e-11,0.0
1.5,26,NOMINAL_SRM,50.68036677888793,53.17927715564266,8.12630677390165,67.74794116032571,31.245777978661806
1.5,26,CAL_CURRENT_SRM,95.69765942277654,115.95643136410894,15.604262362587464,0.46331449978207845,0.1803033152425391
1.5,26,ORACLE_SRM,97.09988314348557,120.39791170623607,15.837189890944448,1.0441731869202926e-11,0.0
1.5,27,NOMINAL_SRM,59.96134225973178,64.04301961720341,9.667997053111593,23.283685194317638,14.241425042773283
1.5,27,CAL_CURRENT_SRM,95.57775185465414,116.54695354640259,15.584344161902681,0.4625929002983587,0.1636198129141135
1.5,27,ORACLE_SRM,97.06504057496406,120.90851954642189,15.831402088864461,1.1102230246251565e-16,0.0
1.5,28,NOMINAL_SRM,58.77195006752102,68.41024387167565,9.470423599255984,26.67890284641615,12.084737744610518
1.5,28,CAL_CURRENT_SRM,95.31989838594956,112.72155708825858,15.541511359792285,0.46976126256570094,0.22148758983339947
1.5,28,ORACLE_SRM,97.28780110768835,119.31898483639286,15.868405499616006,5.3618555258700144e-12,0.0
1.5,29,NOMINAL_SRM,55.36896307702921,60.25694406761629,8.905143368277278,39.486269578142526,19.626541819675634
1.5,29,CAL_CURRENT_SRM,95.1846452620247,113.25892211950558,15.519044063459253,0.47556512496993103,0.18607311526637846
1.5,29,ORACLE_SRM,97.16650303964772,120.12691208903394,15.84825631887836,1.0443825359856062e-11,0.0
1.5,30,NOMINAL_SRM,52.476733460195575,55.99452683375674,8.424706554849765,55.08737896349299,25.761704738451296
1.5,30,CAL_CURRENT_SRM,94.02880571208188,107.70757709019192,15.32704413821958,0.5264416859789821,0.2438376315492723
1.5,30,ORACLE_SRM,97.17598834567056,121.10858451670951,15.849831951108067,1.5558621471258687e-11,0.0
1.5,31,NOMINAL_SRM,54.966043013260446,59.357292214081724,8.838213125126321,41.361359875584476,21.365686814947324
1.5,31,CAL_CURRENT_SRM,94.49487027843867,109.15273219350945,15.404463501401773,0.5055412608971693,0.1892311829790336
1.5,31,ORACLE_SRM,97.09776893982635,119.84179416166887,15.836838694323314,7.98081348092387e-12,0.0
1.5,32,NOMINAL_SRM,56.529695568575356,65.98013428661989,9.09795607451418,34.549993540709494,13.826157681634838
1.5,32,CAL_CURRENT_SRM,95.03097720110107,110.48072707835708,15.493517807491871,0.4825693512545159,0.2088936721589801
1.5,32,ORACLE_SRM,97.0604492759692,120.80374267006917,15.830639414612826,5.359942278940649e-12,0.0
1.5,33,NOMINAL_SRM,49.951659890921,54.285522956715795,8.005259118093191,73.67361852489542,33.94612979409434
1.5,33,CAL_CURRENT_SRM,94.55638023981969,112.15813916736407,15.414681102960081,0.5022001055384586,0.23511102295085368
1.5,33,ORACLE_SRM,97.23156779395688,119.65392631466412,15.85906441760081,5.360059921328908e-12,0.0
1.5,34,NOMINAL_SRM,58.22985910017722,61.98038624498562,9.380375265810171,28.407812736417917,12.194576709481613
1.5,34,CAL_CURRENT_SRM,94.87130679776959,111.63955412372523,15.466994484679335,0.48796429306890626,0.22673227444102015
1.5,34,ORACLE_SRM,97.09005878637763,120.12245365301771,15.835557937936484,3.0778169569193502e-12,0.0
1.5,35,NOMINAL_SRM,62.963059643112246,68.20412221792321,10.166621203174792,16.469088412587684,7.916810196412817
1.5,35,CAL_CURRENT_SRM,94.59790122185936,110.1460483574971,15.421578276056373,0.5017124784427789,0.22147591546655077
1.5,35,ORACLE_SRM,97.1293310617095,120.63788353407074,15.84208157171254,5.359955395511129e-12,0.0
1.5,36,NOMINAL_SRM,63.42830368712736,69.50539111017605,10.243904266964678,15.612630285047478,8.224274290219956
1.5,36,CAL_CURRENT_SRM,93.89131523955962,109.10680884304881,15.304205189295617,0.5366902978593582,0.1976536794216428
1.5,36,ORACLE_SRM,96.9805288136876,121.24972722909607,15.817363590313555,3.07728195495467e-12,0.0
1.5,37,NOMINAL_SRM,60.25126701794203,65.00647128322831,9.716157311950504,22.502553369413942,11.32674443772516
1.5,37,CAL_CURRENT_SRM,96.12912738189847,112.12679936257172,15.675934781046259,0.4443843302531101,0.15025471851205088
1.5,37,ORACLE_SRM,97.12988476262612,120.95497870710176,15.84217354860899,1.0441745106623223e-11,0.0
1.5,38,NOMINAL_SRM,56.48035941051531,65.6396929609093,9.089760699421149,34.74693796442921,14.363672292373966
1.5,38,CAL_CURRENT_SRM,96.07184646942805,118.49439626978665,15.666419679306985,0.4420304126870358,0.19447075988204163
1.5,38,ORACLE_SRM,97.18147715960328,120.92332628537662,15.850743714219814,5.361742503434579e-12,0.0
1.5,39,NOMINAL_SRM,61.727958945762744,71.09849128015131,9.961454974379194,18.98527272603806,6.288239998958605
1.5,39,CAL_CURRENT_SRM,94.39967825532747,110.8437001087036,15.388650872977985,0.5007564351186505,0.2339371467168975
1.5,39,ORACLE_SRM,97.12344432360021,120.1821400529104,15.841103708239238,3.077794103609625e-12,0.0
1.5,40,NOMINAL_SRM,58.128265391732185,65.22677462733478,9.363499234507008,28.749219013379758,11.97144191987887
1.5,40,CAL_CURRENT_SRM,96.23956067041846,115.86725636215986,15.694279181132634,0.43767752202853555,0.17325470038927268
1.5,40,ORACLE_SRM,96.94547412269645,120.97984625434542,15.811540551942933,1.0442795693126135e-11,0.0
1.5,41,NOMINAL_SRM,55.41684458200105,58.29565715327591,8.913097106644694,39.270510509482534,18.479193546442126
1.5,41,CAL_CURRENT_SRM,95.31646646065087,113.97905282408375,15.540941272533368,0.46789650768086705,0.17322439306026077
1.5,41,ORACLE_SRM,96.98663241340618,120.37731002613856,15.818377477309998,5.359603816628625e-12,0.0
1.5,42,NOMINAL_SRM,53.5194990574348,56.918002096951604,8.597923431467576,48.85597592121318,23.351080267336542
1.5,42,CAL_CURRENT_SRM,95.09574846422896,109.03379865979605,15.504277153526406,0.47053297764258367,0.2088739542721695
1.5,42,ORACLE_SRM,96.99882288537026,120.72524644488753,15.820402472652868,4.440892098500626e-15,0.0
1.5,43,NOMINAL_SRM,54.13671365351321,60.49614975675634,8.700450773008841,45.50188529426787,23.367593312084185
1.5,43,CAL_CURRENT_SRM,95.70413389176494,113.9729878643228,15.605337855774907,0.4512460146285048,0.18835834600602808
1.5,43,ORACLE_SRM,97.14064851982033,120.83768029714535,15.843961548142913,5.35994082642869e-12,0.0
1.5,44,NOMINAL_SRM,57.15188532747737,60.78101989853933,9.201309855062688,32.165580567565094,12.886485500756027
1.5,44,CAL_CURRENT_SRM,95.22046266972141,114.18086424792223,15.524993798957047,0.4730853164838086,0.20634703555631556
1.5,44,ORACLE_SRM,97.23200359731135,120.30041881001927,15.859136810184609,7.978314509461937e-12,0.0
1.5,45,NOMINAL_SRM,52.82242687435003,56.78692425549821,8.482130710024922,52.95076120237624,25.57368661085266
1.5,45,CAL_CURRENT_SRM,93.92933859263039,108.83299945616328,15.310521360902058,0.5348358013580243,0.22082602586513514
1.5,45,ORACLE_SRM,97.10143534666233,119.54581962437675,15.837447732003708,5.359510959015755e-12,0.0
1.5,46,NOMINAL_SRM,61.02289678284955,64.37448496632997,9.844335013762384,20.59528407151731,9.741949581832833
1.5,46,CAL_CURRENT_SRM,95.63157798263505,117.36264998944998,15.593285379175258,0.4587011182515915,0.1885266084533822
1.5,46,ORACLE_SRM,97.26155803991173,119.64447879023407,15.86404618603185,0.0,0.0
1.5,47,NOMINAL_SRM,53.0655883861822,56.84400543458797,8.522522987737908,51.48426978312761,23.452063538457814
1.5,47,CAL_CURRENT_SRM,95.19213994484497,114.72273532198905,15.520289027382885,0.47879271036255105,0.21623058185906174
1.5,47,ORACLE_SRM,97.15985058549234,120.165428845854,15.84715126004856,1.044381211209009e-11,0.0
1.5,48,NOMINAL_SRM,58.052848315521615,62.498737025089355,9.350971480983658,28.985855780979353,12.174703874688735
1.5,48,CAL_CURRENT_SRM,95.50697020619882,113.98877186783847,15.572586412989837,0.46271887112700233,0.22381349702408512
1.5,48,ORACLE_SRM,97.31015132164691,121.42654905559176,15.872118159742012,1.0441452622968762e-11,0.0
1.5,49,NOMINAL_SRM,55.147642933168186,59.26927025628117,8.868379224778769,40.50701487339883,20.58670785820526
1.5,49,CAL_CURRENT_SRM,94.46405138194751,105.72784863735504,15.399344083379987,0.5046928886164782,0.24360576950359364
1.5,49,ORACLE_SRM,97.08820790978788,120.37935726246778,15.83525048335347,3.077814794342329e-12,0.0
1.5,50,NOMINAL_SRM,70.15919530333123,77.93273619637185,11.36199257530419,7.192839424340902,3.5499870396554862
1.5,50,CAL_CURRENT_SRM,94.49282523720662,109.85345745341172,15.404123793555916,0.5031112069126007,0.18310788097517178
1.5,50,ORACLE_SRM,97.02898286949262,121.38885878992504,15.825412436792794,5.3599268571737775e-12,0.0
1.5,51,NOMINAL_SRM,57.33583751882294,66.4087197908597,9.231866697478894,31.48464846400887,13.043347033071123
1.5,51,CAL_CURRENT_SRM,95.62785081746168,114.21041263643838,15.592666248747788,0.46040153966725866,0.2289223867734523
1.5,51,ORACLE_SRM,97.06211818768926,120.78977360550226,15.8309166424733,7.980188019637314e-12,0.0
1.5,52,NOMINAL_SRM,52.84378852753917,55.90999497765384,8.485679157398534,52.80737756436867,21.35770519673656
1.5,52,CAL_CURRENT_SRM,95.51166671217702,115.92418212369678,15.573366563484555,0.4520859186200267,0.2141369915514377
1.5,52,ORACLE_SRM,97.1577001013793,121.3806255392094,15.846794036773971,2.7509702818979017e-17,0.0
1.5,53,NOMINAL_SRM,64.4475800450452,69.251441073655,10.413219276585583,13.880028846292932,10.084474881936496
1.5,53,CAL_CURRENT_SRM,95.65298904681306,117.26191171446521,15.59684203435433,0.4605719351632113,0.18728887410801603
1.5,53,ORACLE_SRM,97.02625467807371,119.74945087185704,15.824959248849455,1.0443809172319747e-11,0.0
1.5,54,NOMINAL_SRM,52.97495344725692,57.358473644703814,8.50746735004268,52.01905462161199,22.160893304308107
1.5,54,CAL_CURRENT_SRM,95.5593804804201,110.13078793619033,15.58129243860799,0.45753573942164344,0.18402506103582503
1.5,54,ORACLE_SRM,97.263001889635,121.7283767121245,15.864286028178572,5.360072339974403e-12,0.0
1.5,55,NOMINAL_SRM,54.052872740957525,60.12782214031524,8.686523711122513,45.94452646578617,24.41862209440276
1.5,55,CAL_CURRENT_SRM,94.00976034050257,112.08710971951142,15.323880455232985,0.5380999329282976,0.24332769605128626
1.5,55,ORACLE_SRM,97.1677830241699,120.7417584891839,15.848468940892012,1.8155746486015916e-11,0.0
1.5,56,NOMINAL_SRM,55.56855837184806,59.731613812921054,8.938298732865128,38.588833896732055,16.02436589940387
1.5,56,CAL_CURRENT_SRM,95.40903723860029,113.14715699584296,15.556318478172805,0.4676711813282621,0.21387209348560238
1.5,56,ORACLE_SRM,97.16797198559549,121.08384559050465,15.848500329833138,5.359931717390381e-12,0.0
1.5,57,NOMINAL_SRM,57.168387298324404,64.07315602469987,9.20405104623329,32.09524867890852,15.448941093224589
1.5,57,CAL_CURRENT_SRM,94.9879044379976,109.30783168064558,15.486362863454751,0.46651773761206844,0.21594980305009331
1.5,57,ORACLE_SRM,97.03848852327664,121.16488664908609,15.826991449049276,5.3618481411696494e-12,0.0
1.5,58,NOMINAL_SRM,64.6620469913397,71.56811552515796,10.448845015172708,13.537101373193954,7.263821250365888
1.5,58,CAL_CURRENT_SRM,95.57630259443636,114.17619452075843,15.584103421002718,0.46503038947910663,0.19046421377119896
1.5,58,ORACLE_SRM,97.14739184012313,121.52020876607554,15.845081701017133,2.0684531817169974e-11,0.0
1.5,59,NOMINAL_SRM,52.91354434316936,59.857068571848515,8.497266502187603,52.3896716253235,27.867896355111807
1.5,59,CAL_CURRENT_SRM,95.07654819256324,112.2999987443387,15.501087739628446,0.4690675788058492,0.1940662475638965
1.5,59,ORACLE_SRM,97.05413020609683,120.65601015446705,15.829589735232032,1.5806672378630364e-15,0.0
1.5,60,NOMINAL_SRM,50.09861199580903,53.95416439801579,8.029669766745688,72.43597713584316,35.28045776913176
1.5,60,CAL_CURRENT_SRM,94.53075811548665,107.73876236153745,15.41042493612735,0.5075565870512686,0.2541291648883246
1.5,60,ORACLE_SRM,97.09708015532483,120.52670741956629,15.836724278293161,4.62061565070058e-15,0.0
1.5,61,NOMINAL_SRM,51.51025311203581,56.094187914186556,8.264161646517577,61.57309136012253,32.98332923907204
1.5,61,CAL_CURRENT_SRM,94.77253683933102,111.65199671837186,15.450587514839041,0.49666958328881416,0.2025885067030737
1.5,61,ORACLE_SRM,97.20349559339446,120.60227943115434,15.854401261361208,5.338891568193822e-16,0.0
1.5,62,NOMINAL_SRM,55.12061983732262,58.93532642602686,8.863890338425685,40.62870618008733,16.538032645967604
1.5,62,CAL_CURRENT_SRM,95.71690596412681,114.30366010238961,15.607459462479536,0.44954399751344704,0.16687800409913064
1.5,62,ORACLE_SRM,97.09283060855452,120.86273026637109,15.83601837351404,1.044139463948311e-11,0.0
1.5,63,NOMINAL_SRM,53.20815465302679,56.74356529355168,8.546205091864916,50.65090615802311,23.9596526283337
1.5,63,CAL_CURRENT_SRM,95.62748092117809,107.757289073989,15.592604804182407,0.4556363817425235,0.18420711646290122
1.5,63,ORACLE_SRM,97.12368118795801,120.42495661937126,15.841143054478076,3.077259588804686e-12,0.0
1.5,64,NOMINAL_SRM,55.67083416906901,60.72226878442248,8.955288067951663,38.13878386286168,17.59413410660969
1.5,64,CAL_CURRENT_SRM,95.13561988274026,113.71794579792761,15.510900312747552,0.4670917558456524,0.2307886996325513
1.5,64,ORACLE_SRM,97.24703433361397,121.4828075263575,15.861633610234879,1.0443899160753565e-11,0.0
1.5,65,NOMINAL_SRM,58.64682972991244,63.28399248964092,9.44963949001868,27.077878818542725,12.126205037843437
1.5,65,CAL_CURRENT_SRM,94.88358216639804,108.43733832439183,15.469033582458147,0.48856165887039205,0.1887471079849116
1.5,65,ORACLE_SRM,97.18875717717212,121.46613512547083,15.851953019463808,5.36005969711867e-12,0.0
1.5,66,NOMINAL_SRM,52.93571936832897,58.80392615495062,8.500950061184215,52.25698447321717,22.985259793037986
1.5,66,CAL_CURRENT_SRM,95.82811690328467,111.35190024743979,15.625933040412736,0.455081289348533,0.18002359925187209
1.5,66,ORACLE_SRM,97.33631544353743,121.57230791395031,15.8764643593916,7.980811756161348e-12,0.0
1.5,67,NOMINAL_SRM,57.83543906812899,66.01989718154472,9.314856988061296,29.727304152842866,14.10212292884568
1.5,67,CAL_CURRENT_SRM,95.60657065749754,113.88123051000649,15.589131338454742,0.46702319949277643,0.19741516967991266
1.5,67,ORACLE_SRM,97.09187553252768,121.08549466473754,15.835859723011243,2.068509133847037e-11,0.0
1.5,68,NOMINAL_SRM,57.81174698740998,65.00860278385412,9.310921426480064,29.80814377085618,16.0429392624002
1.5,68,CAL_CURRENT_SRM,58.3907507384922,67.70190143819268,9.407101451576779,27.894423005195584,0.1569373563151883
1.5,68,ORACLE_SRM,97.21161254719917,120.96900134447006,15.855749592558002,1.555861984382739e-11,0.0
1.5,69,NOMINAL_SRM,52.00527755093498,55.70519783308923,8.346391619756641,58.16173528412091,25.576099901083687
1.5,69,CAL_CURRENT_SRM,95.35259665154629,112.41998970326878,15.54694296537314,0.4756407051192139,0.1916183901716096
1.5,69,ORACLE_SRM,97.2213668772249,120.30773055887438,15.857369913160282,3.925231146709438e-17,0.0
1.5,70,NOMINAL_SRM,54.444029122895756,58.90772116544967,8.751499854301622,43.913597167375976,18.201410305866833
1.5,70,CAL_CURRENT_SRM,95.22910704406657,109.00003493166764,15.526429741539298,0.4748465144406163,0.24057914447334694
1.5,70,ORACLE_SRM,97.18936097909868,120.59890047298629,15.852053318787156,5.359483037885101e-12,0.0
1.5,71,NOMINAL_SRM,56.25498110735628,62.90803195812142,9.05232244308244,35.65601208225014,19.552640369115654
1.5,71,CAL_CURRENT_SRM,95.34472249833824,111.43804207933677,15.54563496650137,0.46900089784044585,0.1922780255763288
1.5,71,ORACLE_SRM,97.20379337931251,120.42620682831469,15.85445072746055,5.3596060991675625e-12,0.0
1.5,72,NOMINAL_SRM,57.264945196532096,64.87662269714345,9.22009056420799,31.753663272261182,17.217742555217274
1.5,72,CAL_CURRENT_SRM,95.10327297363006,116.41272896562505,15.50552707203157,0.4742391486350152,0.20347091841976878
1.5,72,ORACLE_SRM,97.13738907815376,119.80111442382352,15.843420112650126,5.359955316892289e-12,0.0
1.5,73,NOMINAL_SRM,59.01488137892013,65.11984082243218,9.510777637694375,25.95757653960617,14.198094734458234
1.5,73,CAL_CURRENT_SRM,95.48083725795168,113.39072850310417,15.568245391686325,0.4592020052939016,0.19600079324655212
1.5,73,ORACLE_SRM,97.03681166507249,120.57805652468147,15.826712901174833,1.5557106782475338e-11,0.0
1.5,74,NOMINAL_SRM,54.993443558811926,61.3281792525642,8.842764710766101,41.228499721549284,19.736404377763815
1.5,74,CAL_CURRENT_SRM,95.67975058424065,113.551626156125,15.601287472465225,0.4517196181349758,0.19770979470487804
1.5,74,ORACLE_SRM,97.07482348367378,121.37190176614561,15.833027156756442,5.359961767370234e-12,0.0
1.5,75,NOMINAL_SRM,56.45855847505171,62.53396639445431,9.086139281570052,34.845697210936144,17.60173798862473
1.5,75,CAL_CURRENT_SRM,94.8090716700711,115.05785395395668,15.456656423599851,0.4906896144914893,0.19435810559380298
1.5,75,ORACLE_SRM,97.04367160729454,120.6911083427528,15.827852426460888,7.980844893776607e-12,0.0
1.5,76,NOMINAL_SRM,60.600435227061816,67.35239487764122,9.774158675591664,21.619326711780356,11.622541925776657
1.5,76,CAL_CURRENT_SRM,94.88843359118508,110.65565868988621,15.469839466974266,0.47693373743928474,0.2142576413944712
1.5,76,ORACLE_SRM,97.25295726704887,119.95196362902549,15.862617486220742,1.5558497562399792e-11,0.0
1.5,77,NOMINAL_SRM,53.63953418947116,61.14521563338027,8.61786282217129,48.18729998406325,22.453594258849037
1.5,77,CAL_CURRENT_SRM,94.52098556712588,112.90181127551962,15.408801589223568,0.5019510354408792,0.21005567105715908
1.5,77,ORACLE_SRM,97.15235800307092,119.49778667508158,15.845906645028391,5.3596100933208914e-12,0.0
1.5,78,NOMINAL_SRM,53.90391221622692,59.58042874931357,8.66177943791145,46.739914128097475,21.174009317257102
1.5,78,CAL_CURRENT_SRM,95.15825262976375,107.65029732038482,15.514659905276371,0.47131149978241393,0.1833495112254184
1.5,78,ORACLE_SRM,97.12316613279484,120.61573701125839,15.841057497142,1.0443884202112243e-11,0.0
1.5,79,NOMINAL_SRM,56.386672455552386,62.827302528268945,9.074198082317674,35.12502044941727,17.813539609041086
1.5,79,CAL_CURRENT_SRM,96.4346507583597,116.3083659156682,15.726686172485,0.43482313924796706,0.15395398902872706
1.5,79,ORACLE_SRM,97.17220763633732,120.94610164563457,15.84920392630188,3.0778154971800275e-12,0.0
1.5,80,NOMINAL_SRM,54.724902112508815,58.389025772859796,8.798156497094489,42.533942868950106,17.248775765405536
1.5,80,CAL_CURRENT_SRM,95.49882833189685,108.91884409003274,15.571233942175557,0.47060201828007403,0.15259950423347562
1.5,80,ORACLE_SRM,97.31133900305258,121.68659441313311,15.872315449012056,1.305176756102926e-11,0.0
1.5,81,NOMINAL_SRM,54.25196658948914,60.862713372244876,8.719595778984909,44.90744971621093,22.15398338852981
1.5,81,CAL_CURRENT_SRM,95.06716295037081,111.56712265678664,15.499528729297477,0.47751994228462025,0.19442256669334881
1.5,81,ORACLE_SRM,97.13534731745342,121.4151404978297,15.843080949743094,1.8155861516000297e-11,0.0
1.5,82,NOMINAL_SRM,57.570734025089514,62.4207372149277,9.270886050679323,30.645352789698926,17.066485995128797
1.5,82,CAL_CURRENT_SRM,95.95397719550861,114.5198546730106,15.646840065699106,0.4450758710013959,0.18885532080750542
1.5,82,ORACLE_SRM,97.36055620331057,120.9898524519104,15.880491063672851,5.359964099630035e-12,0.0
1.5,83,NOMINAL_SRM,62.4940769861083,70.77764395840015,10.08871710732696,17.381576243124194,7.517985257686953
1.5,83,CAL_CURRENT_SRM,95.2128267620575,114.35299261240081,15.52372537575706,0.47191822703775926,0.22916643243190826
1.5,83,ORACLE_SRM,97.4089889389962,120.62468233349792,15.88853636860402,1.472877282518059e-15,0.0
1.5,84,NOMINAL_SRM,53.83229674466805,58.244773616400906,8.649883180177417,47.13176768475027,24.210836955991795
1.5,84,CAL_CURRENT_SRM,54.137299438064474,62.59948573653457,8.700548079412703,45.5142397605077,0.20656134440975404
1.5,84,ORACLE_SRM,97.23899907508405,120.11979442490089,15.860298849681737,5.359941143635719e-12,0.0
1.5,85,NOMINAL_SRM,54.063465173991204,57.68953599770598,8.688283251493557,45.882560526160404,20.526281214559642
1.5,85,CAL_CURRENT_SRM,95.70489831063901,116.79089733992745,15.60546483565432,0.449126191336132,0.1941753051182469
1.5,85,ORACLE_SRM,97.09990810866486,120.41217410846001,15.837194037984197,1.0441472827865602e-11,0.0
1.5,86,NOMINAL_SRM,63.7491100317647,70.28433747902896,10.297194357435998,15.051811325653535,7.4138640633731
1.5,86,CAL_CURRENT_SRM,67.1496713401167,78.23240969715232,10.862071651182175,10.171210641163206,0.1844971454191276
1.5,86,ORACLE_SRM,97.27688135567601,120.98075808915809,15.866591587321597,1.044147298671454e-11,0.0
1.5,87,NOMINAL_SRM,51.80530641311506,55.54630164377201,8.313173822776589,59.5160222455744,25.80985057298782
1.5,87,CAL_CURRENT_SRM,86.27880909761457,101.09320090800782,14.039669285318036,1.159782239063504,0.1787013765319358
1.5,87,ORACLE_SRM,97.13671096972655,120.85019736403659,15.843307470054244,3.0772615937739402e-12,0.0
1.5,88,NOMINAL_SRM,53.42563394072294,57.66647250190345,8.582331219389193,49.39063377137334,18.004883153751372
1.5,88,CAL_CURRENT_SRM,94.96257918855494,117.17471582767338,15.482156011387865,0.4864658847481707,0.18547994028953924
1.5,88,ORACLE_SRM,97.30406854206606,121.73399913004586,15.87110773124021,1.0441711069637587e-11,0.0
1.5,89,NOMINAL_SRM,52.227804171096196,56.06217892910828,8.383356174600697,56.68980837105492,28.46291960809785
1.5,89,CAL_CURRENT_SRM,95.26683112672902,110.81655326268788,15.532696200453325,0.4600602460747106,0.15635239122782438
1.5,89,ORACLE_SRM,97.12295127998104,121.04148142348606,15.84102180730582,1.0443924629713843e-11,0.0
1.5,90,NOMINAL_SRM,61.460983183791825,65.99495409312819,9.917106841161434,19.588901647447372,9.313866511096249
1.5,90,CAL_CURRENT_SRM,94.72715903216177,113.26859727859052,15.443049673116573,0.4972189741241143,0.21118286052762777
1.5,90,ORACLE_SRM,96.89135309966017,121.03532500495577,15.802550348780759,1.044389785308532e-11,0.0
1.5,91,NOMINAL_SRM,58.359320765736584,63.358137241505986,9.401880525869865,27.98025296952201,13.987485865027365
1.5,91,CAL_CURRENT_SRM,94.58026345980271,110.69167439273302,15.418648415249619,0.49675760252700163,0.1910684998634172
1.5,91,ORACLE_SRM,97.05305966206465,119.62420893410518,15.829411903997451,2.0683933572082686e-11,0.0
1.5,92,NOMINAL_SRM,51.46464330543282,54.555278602297776,8.256585266683194,61.89530405568203,28.490063679224615
1.5,92,CAL_CURRENT_SRM,95.20528635474614,113.73909775078471,15.522472816403013,0.471019151926399,0.18415363944539617
1.5,92,ORACLE_SRM,97.13930474363126,119.72610842423082,15.843738329506854,5.359490424964996e-12,0.0
1.5,93,NOMINAL_SRM,57.87172774201153,61.34636297742051,9.32088500697866,29.607104939503067,13.09403008802865
1.5,93,CAL_CURRENT_SRM,95.84965245815417,117.07681302095705,15.629510375108666,0.452926140894541,0.18044026891602857
1.5,93,ORACLE_SRM,97.03426434383286,120.97708605648124,15.826289758111772,5.359955680091198e-12,0.0
1.5,94,NOMINAL_SRM,60.21304096616752,69.57041710307577,9.709807469463044,22.601488920040147,10.830239774104076
1.5,94,CAL_CURRENT_SRM,95.05286940523933,109.87283811491153,15.497154386252381,0.4758453879154258,0.21743340318690438
1.5,94,ORACLE_SRM,97.050178799335,121.93179816859184,15.828933355371262,5.361847906149845e-12,0.0
1.5,95,NOMINAL_SRM,55.82537548299581,66.59874592435342,8.980959382557444,37.477001873241036,19.12401142799339
1.5,95,CAL_CURRENT_SRM,95.81389094448957,112.638101253849,15.623569924333816,0.44307437987256965,0.1947363721115457
1.5,95,ORACLE_SRM,97.06403721925099,120.49867525938696,15.831235418480231,1.0441450170866625e-11,0.0
1.5,96,NOMINAL_SRM,58.14729295108121,60.85954523209031,9.366659958651365,28.676567133992933,12.487523720375158
1.5,96,CAL_CURRENT_SRM,95.58978194144557,114.62410472464205,15.586342515190294,0.4612404626679299,0.19501289375028222
1.5,96,ORACLE_SRM,97.14900896213399,120.53179536622652,15.845350325935879,5.361718701128078e-12,0.0
1.5,97,NOMINAL_SRM,57.81240447359741,64.56315571751753,9.311030643454721,29.808301004757514,15.863202985045225
1.5,97,CAL_CURRENT_SRM,95.03614470717531,113.73603138353377,15.4943761972052,0.48019151296211476,0.23697889032370295
1.5,97,ORACLE_SRM,97.08557189357349,120.63533727077292,15.834812606905896,5.359496989556755e-12,0.0
1.5,98,NOMINAL_SRM,52.55573832425837,58.05880001162678,8.437830286421658,54.59034833197519,25.11643022263046
1.5,98,CAL_CURRENT_SRM,95.0199595809392,109.8309533345755,15.491687638029768,0.47536494042422245,0.20841054095746203
1.5,98,ORACLE_SRM,97.17416183762359,121.73422425818808,15.849528544455746,1.0443019821712926e-11,0.0
1.5,99,NOMINAL_SRM,62.29197143969168,66.5834972787383,10.055144757423868,17.801413967015012,11.60211627202914
1.5,99,CAL_CURRENT_SRM,95.81537835974083,113.9494366838482,15.623817003279209,0.4511381642667338,0.15866491035446573
1.5,99,ORACLE_SRM,97.43664757706172,120.08409712004178,15.893130826754438,3.07702595758523e-12,0.0
1.5,100,NOMINAL_SRM,54.831195757138815,57.55587561569307,8.815813248694155,42.00058653970477,20.04576081143905
1.5,100,CAL_CURRENT_SRM,94.77630252262882,110.00648381290439,15.451213043626051,0.4978441041958505,0.2277152031062797
1.5,100,ORACLE_SRM,97.17484409548865,120.9931249776223,15.849641876327018,1.555872990593706e-11,0.0
1.5,101,NOMINAL_SRM,62.924730432377736,68.32732619033696,10.160254224647465,16.547793448941825,8.269489196625214
1.5,101,CAL_CURRENT_SRM,95.24572592154516,112.17274890949105,15.529190352416139,0.48396984609517085,0.20678522294734678
1.5,101,ORACLE_SRM,97.19547723832554,120.6032193618134,15.85306930869195,1.0443810547123876e-11,0.0
1.5,102,NOMINAL_SRM,52.9080368649927,56.91576175874773,8.496351638703107,52.41880227505895,25.17889884716473
1.5,102,CAL_CURRENT_SRM,95.80707620903978,116.77892630961577,15.62243790847837,0.44618274996373014,0.18627767582548294
1.5,102,ORACLE_SRM,97.139208679358,120.09071899017141,15.843722371986381,5.3600317970995756e-12,0.0
1.5,103,NOMINAL_SRM,56.52065356722736,62.80894297280934,9.096454080934778,34.59027089838247,14.97364791342685
1.5,103,CAL_CURRENT_SRM,95.2559115862912,113.72895359897855,15.530882323304187,0.4712796656343387,0.22483931341812904
1.5,103,ORACLE_SRM,97.07113225016948,120.89805677847286,15.832413995044766,1.5700924586837751e-15,0.0
1.5,104,NOMINAL_SRM,54.38497588417896,58.003392134909234,8.741690346209129,44.23124482108193,24.011596630346627
1.5,104,CAL_CURRENT_SRM,96.12286273535759,112.45126660459123,15.674894142085979,0.4362229340124147,0.16580420838259524
1.5,104,ORACLE_SRM,97.20048461820055,120.22298702119066,15.853901099368862,2.0685980056492524e-11,0.0
1.5,105,NOMINAL_SRM,58.088594125331234,66.05869993489969,9.356909323144723,28.874702701865992,16.0707453761071
1.5,105,CAL_CURRENT_SRM,95.86111912757826,115.74376311912053,15.631415137471473,0.45254382925069203,0.17529401991788607
1.5,105,ORACLE_SRM,97.00278341527296,120.5841802792125,15.821060367985542,5.359961917277639e-12,0.0
1.5,106,NOMINAL_SRM,57.81547631359131,60.18916517341874,9.311540915878956,29.791319212113766,13.84195085060944
1.5,106,CAL_CURRENT_SRM,95.59603579355972,110.8786545898579,15.587381361056432,0.45184363146694884,0.17167565471056837
1.5,106,ORACLE_SRM,97.00143707075192,119.9578848348588,15.820836722716265,5.36185313783143e-12,0.0
1.5,107,NOMINAL_SRM,55.807256615656335,58.91276793114051,8.977949603929625,37.543990001283994,18.639684486744272
1.5,107,CAL_CURRENT_SRM,94.596621395847,113.2628636406293,15.421365680373254,0.4978254588986231,0.22677155227555038
1.5,107,ORACLE_SRM,97.14574189477997,120.67919178445676,15.844807623717603,7.977859764082007e-12,0.0
1.5,108,NOMINAL_SRM,57.73904923937359,65.39741699933117,9.298845388600265,30.05667647144026,14.233128998194807
1.5,108,CAL_CURRENT_SRM,95.80530669356229,113.84922616417822,15.622143969030281,0.40948201220863617,0.1529330852202871
1.5,108,ORACLE_SRM,97.06205178929012,120.73782405651926,15.83090561283889,5.359605139581412e-12,0.0
1.5,109,NOMINAL_SRM,56.9556212217584,59.952755829792125,9.168707844145914,32.88707017809215,13.173103050157803
1.5,109,CAL_CURRENT_SRM,95.15750404683048,112.0157871604829,15.514535555951907,0.4700036105344541,0.24604216528299297
1.5,109,ORACLE_SRM,96.99512214912376,119.93793425393446,15.819787732412586,1.0443809036447368e-11,0.0
1.5,110,NOMINAL_SRM,57.459301369780384,65.38919490973973,9.252375642820663,31.042143546386914,16.508738866579847
1.5,110,CAL_CURRENT_SRM,93.89538126380742,110.43097422259999,15.304880608605885,0.5221244124845842,0.23356958519538554
1.5,110,ORACLE_SRM,97.24552298852524,120.790300678432,15.861382556233428,5.359603734986156e-12,0.0
1.5,111,NOMINAL_SRM,56.7933697280813,61.052892282942906,9.14175576878427,33.509171481691915,17.04095413339057
1.5,111,CAL_CURRENT_SRM,95.0376788910615,110.23632899908547,15.494631045026829,0.46727154079303007,0.2400353990214052
1.5,111,ORACLE_SRM,97.21600099603747,121.01858145963564,15.856478570770344,2.068405686104533e-11,0.0
1.5,112,NOMINAL_SRM,54.8639333137216,58.47502969050386,8.821251381016879,41.845583298047465,21.270140400503262
1.5,112,CAL_CURRENT_SRM,95.61429299316478,113.39982686940354,15.59041411846591,0.463116499993096,0.15540448544851687
1.5,112,ORACLE_SRM,97.05289299821825,121.16378898170977,15.829384218973132,5.359961751129067e-12,0.0
1.5,113,NOMINAL_SRM,62.43703353950168,67.54156863987016,10.079241451744466,17.508610519094432,9.099335995344576
1.5,113,CAL_CURRENT_SRM,95.73091258677458,111.8459392730589,15.609786143982488,0.45117448461463955,0.16369685054453764
1.5,113,ORACLE_SRM,97.23334492204386,121.69951360828935,15.85935962160197,1.5558511666104933e-11,0.0
1.5,114,NOMINAL_SRM,61.72443647205502,66.0510340657018,9.960869845856317,18.991789955299787,8.320079838882043
1.5,114,CAL_CURRENT_SRM,94.63647327568877,111.48088080076975,15.427985593968234,0.4954252327274099,0.23773034153118713
1.5,114,ORACLE_SRM,97.02751537858916,120.71261618676414,15.825168667539728,5.361853290993601e-12,0.0
1.5,115,NOMINAL_SRM,55.27327247086401,57.65122853322546,8.889247918748175,39.927541685961785,18.507914440867957
1.5,115,CAL_CURRENT_SRM,94.82496795116967,107.79669727179012,15.459297001855427,0.4908500819029292,0.2104096811898469
1.5,115,ORACLE_SRM,97.09011037508395,121.08678019896858,15.835566507489029,1.7883577214231352e-15,0.0
1.5,116,NOMINAL_SRM,55.73066187389365,62.61672721150574,8.96522622489928,37.87015941030364,20.656457156912438
1.5,116,CAL_CURRENT_SRM,94.99067548212415,113.29769588353747,15.486823169788064,0.48467823445074704,0.22233209095248913
1.5,116,ORACLE_SRM,97.06741023866954,120.81252508176578,15.831795720709225,7.977856063903468e-12,0.0
1.5,117,NOMINAL_SRM,61.99856422892812,68.22857567679443,10.006406018094372,18.410177380281333,8.187014614663811
1.5,117,CAL_CURRENT_SRM,95.50238456560251,116.80775106105375,15.571824678671513,0.4641321361087224,0.2199685104176797
1.5,117,ORACLE_SRM,97.16716965999744,120.74840845515024,15.848367053155721,5.361721219874575e-12,0.0
1.5,118,NOMINAL_SRM,52.77981940789893,55.86340002478153,8.47505305779052,53.19661613937444,25.098405669028693
1.5,118,CAL_CURRENT_SRM,95.55664580826951,112.87059287405071,15.580838174131149,0.4564662696444493,0.24045493460143832
1.5,118,ORACLE_SRM,97.32289447093277,121.42605947581254,15.874234961948964,5.302480739337916e-16,0.0
1.5,119,NOMINAL_SRM,55.60530574183889,59.759087394640666,8.94440294714932,38.41989004009167,23.327107786869366
1.5,119,CAL_CURRENT_SRM,95.0100147451999,115.1499694230253,15.490035671960117,0.47598309349397666,0.18108400154506527
1.5,119,ORACLE_SRM,97.19880871279648,121.8899009972619,15.853622709766857,5.361854842308676e-12,0.0
1.5,120,NOMINAL_SRM,56.38884343308527,59.14814059938321,9.07455870981483,35.10314711676559,16.303803741359598
1.5,120,CAL_CURRENT_SRM,95.87886229093803,114.59766478874128,15.634362506800338,0.4476579642521136,0.18125526849026655
1.5,120,ORACLE_SRM,97.13094537997277,120.971840854666,15.842349730892487,1.555848670547718e-11,0.0
1.5,121,NOMINAL_SRM,52.13480970547167,56.1196535421134,8.367908588948783,57.30182736243551,26.77221771991492
1.5,121,CAL_CURRENT_SRM,95.12490477652742,109.03911447140702,15.509120394771996,0.4729353801402162,0.2145211687644318
1.5,121,ORACLE_SRM,96.99394594386014,120.92611026726973,15.819592349478429,1.044387740245451e-11,0.0
1.5,122,NOMINAL_SRM,53.37256333160131,56.7446900616237,8.57351550358826,49.69828647913578,24.351399033193566
1.5,122,CAL_CURRENT_SRM,95.24876665334263,114.91608245839869,15.529695457365886,0.4674766916793181,0.23320066410259402
1.5,122,ORACLE_SRM,97.07939614340918,121.68988166687802,15.83378673478558,1.5558498812926793e-11,0.0
1.5,123,NOMINAL_SRM,57.45538181824084,60.9176757610496,9.251724554525056,31.060712436817255,16.114042658524557
1.5,123,CAL_CURRENT_SRM,94.80820346298621,110.09108027792342,15.456512203153856,0.4799627643953926,0.18992139204430827
1.5,123,ORACLE_SRM,97.33709171199214,120.20005083092941,15.876593307639892,1.5558785093286795e-11,0.0
1.5,124,NOMINAL_SRM,54.57821417717702,58.01641645213039,8.773789730428076,43.25205389169857,18.818222496566968
1.5,124,CAL_CURRENT_SRM,95.21173961391324,118.36897761887103,15.523544786364326,0.4681530922946027,0.19675968394426616
1.5,124,ORACLE_SRM,97.08523979620333,120.51407235522592,15.834757441229788,1.5560638175000155e-11,0.0
1.5,125,NOMINAL_SRM,64.05605660068932,73.64088938086537,10.348182159582944,14.530104284496101,6.204604793674679
1.5,125,CAL_CURRENT_SRM,95.95075176858337,113.18048571628299,15.646304280495578,0.44141548305719674,0.17856869869009137
1.5,125,ORACLE_SRM,97.14858635375732,119.6750703514382,15.845280125208857,1.555867178706439e-11,0.0
1.5,126,NOMINAL_SRM,59.49820254046716,64.2587204360335,9.591063544928101,24.543534690043476,11.621754514689565
1.5,126,CAL_CURRENT_SRM,94.68569096459109,111.00498826132053,15.436161289799184,0.49392826377652516,0.2182278203637502
1.5,126,ORACLE_SRM,97.02151654706742,120.94113311094597,15.824172183898243,3.07781779591873e-12,0.0
1.5,127,NOMINAL_SRM,52.46626666079131,55.463007205441315,8.422967883852378,55.15352684303377,25.51475652729931
1.5,127,CAL_CURRENT_SRM,94.51316785399514,111.0386272993625,15.407502965779925,0.5016731613710063,0.24834842770009277
1.5,127,ORACLE_SRM,97.2021034156781,121.35252190046918,15.854170002604334,1.3050861865843746e-11,0.0
2.0,0,NOMINAL_SRM,57.85384400398453,61.96799547587716,9.317914286376169,29.649454919363016,13.79922146294122
2.0,0,CAL_CURRENT_SRM,95.50612489639596,113.71218201604353,15.572445996079063,0.4567879221310355,0.22070277944705288
2.0,0,ORACLE_SRM,97.26505081114075,120.55874080351032,15.864626380588165,1.5558493636192708e-11,0.0
2.0,1,NOMINAL_SRM,51.0401191701971,54.115234605257044,8.186066307341711,64.99598606687739,31.453509388931902
2.0,1,CAL_CURRENT_SRM,72.51222647343369,84.79946480796261,11.75286154043749,5.4879306755222155,0.19258716246685276
2.0,1,ORACLE_SRM,97.31517196338649,121.6061732389779,15.87295215338646,1.5558784568640328e-11,0.0
2.0,2,NOMINAL_SRM,54.85762401024807,58.48960262195998,8.820203323961474,41.88602771458611,19.038070421631065
2.0,2,CAL_CURRENT_SRM,96.23055091759846,114.04353434356734,15.692782544451573,0.4467455055139081,0.20888714796540034
2.0,2,ORACLE_SRM,97.12940742957024,121.09263095367432,15.842094257403694,1.0443877032459177e-11,0.0
2.0,3,NOMINAL_SRM,51.38984409008743,53.70667781513461,8.244160147855055,62.43848656784847,28.741762342953276
2.0,3,CAL_CURRENT_SRM,94.72000445730214,107.0822552225607,15.441861205531916,0.47878191573340617,0.19242320838470406
2.0,3,ORACLE_SRM,97.16807212771317,120.3137084119044,15.848516964736408,3.0772851818241663e-12,0.0
2.0,4,NOMINAL_SRM,49.897927610045116,52.701948373105964,7.996333490040718,74.13852268120677,35.99635329611563
2.0,4,CAL_CURRENT_SRM,94.85080839413222,112.76830548309329,15.463589434241232,0.48531655645997857,0.2076118896540625
2.0,4,ORACLE_SRM,97.15942416670802,120.6190765300097,15.847080426363458,1.3051091559703731e-11,0.0
2.0,5,NOMINAL_SRM,52.76333215144204,59.81295624848093,8.472314310870772,53.29516501587698,19.491008316429927
2.0,5,CAL_CURRENT_SRM,96.12306104273748,116.11177530085443,15.674927083511209,0.4415873601314525,0.1695829638149345
2.0,5,ORACLE_SRM,97.2185529526908,120.37147842237154,15.85690248383568,7.021666937153402e-16,0.0
2.0,6,NOMINAL_SRM,53.504382206206444,56.888212775244654,8.595412326612367,48.957043572321886,22.12296223187824
2.0,6,CAL_CURRENT_SRM,62.50896540972161,72.8300523149042,10.091190267395618,17.35988697704381,0.18520566129987617
2.0,6,ORACLE_SRM,97.30419383660382,121.19581864300139,15.871128544286348,5.361834398425882e-12,0.0
2.0,7,NOMINAL_SRM,55.03124390861,63.289803355018,8.849043838639536,41.050514947616534,18.538624355943973
2.0,7,CAL_CURRENT_SRM,95.72155995271223,115.42841552232781,15.608232550284423,0.451586209636847,0.19025379067657727
2.0,7,ORACLE_SRM,97.15349511914746,121.06561956325555,15.846095534742105,3.07781779591873e-12,0.0
2.0,8,NOMINAL_SRM,47.192374646305964,50.243356648114954,7.54690608742624,101.2225350895731,48.904291352064845
2.0,8,CAL_CURRENT_SRM,96.06491478781066,119.54086260146694,15.665268237177852,0.4268815453850874,0.1895330282757698
2.0,8,ORACLE_SRM,97.21260974492567,120.3076126921654,15.855915240020876,1.0441445888609294e-11,0.0
2.0,9,NOMINAL_SRM,56.90670871765911,61.00114734294578,9.160582843464969,33.07799334375615,16.910308853100393
2.0,9,CAL_CURRENT_SRM,93.52754936428462,109.48899484247832,15.243778964166882,0.5483303969191347,0.24569124363769848
2.0,9,ORACLE_SRM,97.25741756432097,121.73219098025733,15.863358399388867,5.361734927321911e-12,0.0
2.0,10,NOMINAL_SRM,55.60319087215743,61.350330787336674,8.944051639893262,38.435700409898246,16.18702804918643
2.0,10,CAL_CURRENT_SRM,95.38395562049368,111.83632177924073,15.552152096427521,0.47029568070503036,0.15231846142654262
2.0,10,ORACLE_SRM,97.01930317177691,121.3599095974607,15.823804513584205,5.361742498953578e-12,0.0
2.0,11,NOMINAL_SRM,54.74565986873759,60.417066292011654,8.801604629358405,42.42804636243469,20.74694850308879
2.0,11,CAL_CURRENT_SRM,93.95394059260835,112.22069583624742,15.314608071861851,0.5165480164066878,0.18826600092176862
2.0,11,ORACLE_SRM,97.05920913840149,120.05247455677113,15.8304334116946,1.305085299953338e-11,0.0
2.0,12,NOMINAL_SRM,55.48094880994732,58.2950980230071,8.923745649492911,38.984562681065015,17.673360433640283
2.0,12,CAL_CURRENT_SRM,95.2472167833308,112.27914587062693,15.529438003875548,0.4631454818382304,0.20128080867493994
2.0,12,ORACLE_SRM,97.3090613604111,119.57828708316386,15.871937103058324,5.359926846879254e-12,0.0
2.0,13,NOMINAL_SRM,52.105088863465795,54.95398239025461,8.362971572004286,57.50479213477489,28.358115329757375
2.0,13,CAL_CURRENT_SRM,95.07122839587842,115.15069669229877,15.5002040524715,0.4760867564972913,0.1914503297634742
2.0,13,ORACLE_SRM,97.06529222640145,120.77699704617145,15.831443891428814,1.5558725697411284e-11,0.0
2.0,14,NOMINAL_SRM,54.22709785703827,58.50552937787822,8.71546476030536,45.042234827421744,23.09904985028327
2.0,14,CAL_CURRENT_SRM,45.735304832278274,52.24224419007909,7.304867912338585,119.7115192392666,0.1598308249536894
2.0,14,ORACLE_SRM,97.15220568586277,121.21654738641442,15.845881343166573,5.360053309278816e-12,0.0
2.0,15,NOMINAL_SRM,55.81343097462507,60.9803255063524,8.978975244954333,37.52205304369534,18.836662429064422
2.0,15,CAL_CURRENT_SRM,94.94675977552424,109.97191268583278,15.479528201914325,0.4811010599381292,0.16841889012893643
2.0,15,ORACLE_SRM,97.19871820366193,119.39915322204145,15.853607675026899,1.0441765902431866e-11,0.0
2.0,16,NOMINAL_SRM,60.00697100731102,63.98685810446223,9.675576579287547,23.144563650651637,12.834839421719131
2.0,16,CAL_CURRENT_SRM,95.4578309977687,111.33874514496642,15.564423753782176,0.4658797907788261,0.19663039383094066
2.0,16,ORACLE_SRM,97.07910745144005,121.03497713137924,15.833738779308979,5.36172124368953e-12,0.0
2.0,17,NOMINAL_SRM,57.07332322721746,61.882419162756435,9.18825967229526,32.45210588631225,15.479567137945498
2.0,17,CAL_CURRENT_SRM,95.08952182624938,110.63191348222013,15.503242828280628,0.4746969951189353,0.23736092238648748
2.0,17,ORACLE_SRM,97.31826591508602,121.42851168587363,15.873466098851498,5.359496870827841e-12,0.0
2.0,18,NOMINAL_SRM,51.286141830823915,55.38607229716114,8.22693385894085,63.181043566327816,30.14739478070901
2.0,18,CAL_CURRENT_SRM,94.97899527325843,106.2330344065805,15.484882935757215,0.4867169975234089,0.21088010916261019
2.0,18,ORACLE_SRM,97.14483113775863,120.66307749438971,15.844656335175852,5.360059215641525e-12,0.0
2.0,19,NOMINAL_SRM,58.3588167847317,61.34836812845127,9.401796808094968,27.99666206904884,17.880357549139706
2.0,19,CAL_CURRENT_SRM,95.12986721086413,113.77815875592505,15.509944719412648,0.47670076561866687,0.2008121833613504
2.0,19,ORACLE_SRM,97.12168567762468,121.37093310696304,15.84081157435626,1.305175966545884e-11,0.0
2.0,20,NOMINAL_SRM,52.501706364486836,56.443072121787814,8.428854877821735,54.93546803290372,27.610883127755894
2.0,20,CAL_CURRENT_SRM,95.6773651576768,112.69989098056591,15.60089122220545,0.4527319321782046,0.1659081128193461
2.0,20,ORACLE_SRM,97.19431577443333,121.37646019464972,15.852876374490588,6.255789036560346e-16,0.0
2.0,21,NOMINAL_SRM,57.23478156708735,66.15480901649342,9.215079994532784,31.85602907845426,17.090943655328594
2.0,21,CAL_CURRENT_SRM,95.22297909570922,112.85634108565523,15.525411809918475,0.47105667513371097,0.17247741192907265
2.0,21,ORACLE_SRM,97.05883594374889,120.7769193943907,15.83037141922739,1.0441740883122006e-11,0.0
2.0,22,NOMINAL_SRM,51.537745245553225,55.47764061242407,8.268728446105188,61.385800046839904,28.61976148059509
2.0,22,CAL_CURRENT_SRM,95.83803084550823,118.12246761558157,15.627579874669141,0.45136192719846235,0.15891913805253086
2.0,22,ORACLE_SRM,97.22624643761982,120.55389848189884,15.858180471365419,1.0443536400828915e-11,0.0
2.0,23,NOMINAL_SRM,54.750708230456844,62.058981667903026,8.80244322765064,42.408804708298604,22.703157439137755
2.0,23,CAL_CURRENT_SRM,95.52332543411408,118.39641988529928,15.575303228258154,0.4578906678492425,0.16528842683381256
2.0,23,ORACLE_SRM,97.10595465373531,121.28273867274766,15.838198447464338,1.8162355281019886e-11,0.0
2.0,24,NOMINAL_SRM,55.21565910242987,61.56190214424416,8.879677591765759,40.19636172520464,18.750806036734858
2.0,24,CAL_CURRENT_SRM,95.71945571551987,113.60512340026494,15.60788300922257,0.4479237849170551,0.20251521980697082
2.0,24,ORACLE_SRM,97.22419082086127,120.34831136867678,15.857839006787586,5.359926853670405e-12,0.0
2.0,25,NOMINAL_SRM,51.68356883649402,55.45055251887037,8.292951633969107,60.35383017799173,28.413056504380407
2.0,25,CAL_CURRENT_SRM,94.01168281954126,110.10808253241807,15.32419980391051,0.5249096305672903,0.20645962681113983
2.0,25,ORACLE_SRM,97.17701743049568,121.16074031150085,15.850002895431176,1.0443877690425353e-11,0.0
2.0,26,NOMINAL_SRM,48.17635781169906,50.67865543651844,7.710358440481572,90.38862532970006,41.66575789946971
2.0,26,CAL_CURRENT_SRM,95.72575334216351,118.51947669702773,15.608929126605235,0.45701925930774345,0.1848167531167311
2.0,26,ORACLE_SRM,97.1039557526487,119.45002426995713,15.837866404094468,1.0442790260357904e-11,0.0
2.0,27,NOMINAL_SRM,57.48988301171826,61.64235994868236,9.257455649787088,30.93596973102114,18.993425561110538
2.0,27,CAL_CURRENT_SRM,95.56972851217934,108.99996515600165,15.583011380760688,0.46417981031093836,0.17278345589067526
2.0,27,ORACLE_SRM,97.14310582560643,119.85621041702485,15.844369738472828,5.359496922574099e-12,0.0
2.0,28,NOMINAL_SRM,56.249051599886045,65.77539003055352,9.051337475064129,35.67417064381874,16.110205876903233
2.0,28,CAL_CURRENT_SRM,94.94235638527101,111.31538127332198,15.478796741739371,0.4807678760343074,0.20993164772612183
2.0,28,ORACLE_SRM,97.26642429712143,120.44376971292165,15.864854534405554,5.312333970709034e-16,0.0
2.0,29,NOMINAL_SRM,52.863953751066106,57.74168426372757,8.489028862303341,52.6822034265768,26.178870549276883
2.0,29,CAL_CURRENT_SRM,95.19609691279936,112.24791273634037,15.520946331029794,0.46935736576950426,0.19247394130011272
2.0,29,ORACLE_SRM,97.22032452632801,120.82190083397924,15.857196765170766,1.5558640318166262e-11,0.0
2.0,30,NOMINAL_SRM,49.978059042053296,53.49274898905085,8.009644359145067,73.45223817310605,34.31726688061814
2.0,30,CAL_CURRENT_SRM,94.2829983216686,108.47768177490101,15.369268824197443,0.5146200534812388,0.2304814454596694
2.0,30,ORACLE_SRM,97.01428979598552,119.4376666153238,15.822971726907895,2.0689647856528824e-11,0.0
2.0,31,NOMINAL_SRM,52.468760856357115,56.962418870638345,8.423382202052677,55.13977935595059,28.48028902566833
2.0,31,CAL_CURRENT_SRM,95.52122579743057,117.32402760717432,15.574954451400428,0.4634238839831992,0.2035677457854496
2.0,31,ORACLE_SRM,97.08664138647273,120.4008483529705,15.834990263533678,1.3051776480312414e-11,0.0
2.0,32,NOMINAL_SRM,54.04838173236012,63.63560028603837,8.685777696405337,45.97263469151471,18.44494457731608
2.0,32,CAL_CURRENT_SRM,95.2939542401765,112.36949547212936,15.537201701025998,0.4772100042967012,0.19407021842273178
2.0,32,ORACLE_SRM,97.0844330571147,120.2983995635632,15.834623431414402,5.3599612463593245e-12,0.0
2.0,33,NOMINAL_SRM,47.47734325658556,51.73227444543785,7.594243065878001,97.95753381058972,45.25231084124286
2.0,33,CAL_CURRENT_SRM,93.46339909993114,106.29137935677386,15.23312277407494,0.5417826923160372,0.2421588782008898
2.0,33,ORACLE_SRM,97.2200411832584,121.0131444653137,15.857149698215682,4.446613001044404e-15,0.0
2.0,34,NOMINAL_SRM,55.73449095766644,59.47972834904371,8.965862285326653,37.85957459483933,16.25156602868586
2.0,34,CAL_CURRENT_SRM,95.18865033839495,110.79606086048528,15.519709358537368,0.468333570952696,0.23052561430153423
2.0,34,ORACLE_SRM,97.09093899586173,119.76778401923684,15.8357041521365,2.3281367701858074e-11,0.0
2.0,35,NOMINAL_SRM,60.48723881739177,65.7784986075368,9.755355285281025,21.89908931338388,10.554665629421141
2.0,35,CAL_CURRENT_SRM,94.22895734822191,110.49488746887826,15.360291918309288,0.5162929172819133,0.21921676915022442
2.0,35,ORACLE_SRM,97.1635527009638,120.68988934565338,15.847766229395981,5.874748045952207e-16,0.0
2.0,36,NOMINAL_SRM,60.92800633632025,67.01949497176915,9.828572481116321,20.830995886856105,10.965536628463441
2.0,36,CAL_CURRENT_SRM,95.23151760936928,111.78312308217329,15.526830167669315,0.4780573928620397,0.1809766299756936
2.0,36,ORACLE_SRM,97.04666679072034,121.33147241036114,15.828349965235937,1.5557112428550924e-11,0.0
2.0,37,NOMINAL_SRM,57.742293284390215,62.63229620607931,9.299384266510003,30.045021299211864,15.103198741419869
2.0,37,CAL_CURRENT_SRM,70.51934578030657,82.65949682090655,11.421818235931323,6.908271715230296,0.14409853210468312
2.0,37,ORACLE_SRM,97.10120440652311,120.88715663985948,15.837409369854337,1.3051775686553596e-11,0.0
2.0,38,NOMINAL_SRM,54.05073438419899,63.10979731937912,8.686168502358637,45.9575480314928,19.154624188659774
2.0,38,CAL_CURRENT_SRM,95.93258459390987,116.45456531529639,15.643286477393666,0.4502828638162052,0.19399831566779566
2.0,38,ORACLE_SRM,97.17310247846684,120.82665757793922,15.849352571173895,3.077260985455185e-12,0.0
2.0,39,NOMINAL_SRM,59.248764291368026,68.7345463448544,9.549628619828576,25.262142270477344,8.384742711938555
2.0,39,CAL_CURRENT_SRM,94.63794402853091,108.97544571066442,15.42822990507158,0.48345623100323026,0.2337008444432576
2.0,39,ORACLE_SRM,97.03744377379931,119.61936580786634,15.826817902624471,5.359502046601136e-12,0.0
2.0,40,NOMINAL_SRM,55.66395700597625,62.63185994519133,8.954145682055856,38.164248294740936,15.969169971729556
2.0,40,CAL_CURRENT_SRM,96.24995863063232,117.62199675534119,15.696006417048558,0.43671988880807544,0.16444192967731078
2.0,40,ORACLE_SRM,96.94335942554457,121.70512007965897,15.811189273346274,1.0443897315501441e-11,0.0
2.0,41,NOMINAL_SRM,52.9262230814681,55.82782321021688,8.499372604895035,52.31393920936284,24.644465111064676
2.0,41,CAL_CURRENT_SRM,67.83256092042372,79.1517770299465,10.975508458542146,9.394912238070239,0.15030162445157555
2.0,41,ORACLE_SRM,97.02989885612561,120.83432902316439,15.8255645940408,1.9860273225978185e-15,0.0
2.0,42,NOMINAL_SRM,50.996081581254316,54.383826434155445,8.178751093231615,65.32311347331368,31.15549226677618
2.0,42,CAL_CURRENT_SRM,95.17157233005685,112.95221760187445,15.516872480075888,0.4704615926510236,0.19285659506210318
2.0,42,ORACLE_SRM,96.97951517819388,119.62941157989769,15.817195212324565,5.359610016278088e-12,0.0
2.0,43,NOMINAL_SRM,51.65126541126412,58.015122834222836,8.287585616489057,60.5890126503917,31.16530625357491
2.0,43,CAL_CURRENT_SRM,95.7927271969989,115.23989168222431,15.620054351660947,0.45423230834776174,0.21236675985201
2.0,43,ORACLE_SRM,97.13695964300041,120.34550342086193,15.843348777907044,2.3551386880256624e-16,0.0
2.0,44,NOMINAL_SRM,54.63509164277497,58.28279457206523,8.783237814414447,42.9698859365302,17.19961113306666
2.0,44,CAL_CURRENT_SRM,95.39381007299806,117.08707035450716,15.553789048670776,0.45970827328715164,0.1985096641725417
2.0,44,ORACLE_SRM,97.16191277824338,120.85225816992948,15.847493816983949,5.3599343667269594e-12,0.0
2.0,45,NOMINAL_SRM,50.42847180889198,54.52379160748487,8.084463755629898,69.74851630434449,34.10958750315591
2.0,45,CAL_CURRENT_SRM,93.62450163163902,107.28649691571351,15.259883991966616,0.5488554267804959,0.23314935598091702
2.0,45,ORACLE_SRM,97.03356082544184,120.76775973520087,15.826172894591668,3.077817886026048e-12,0.0
2.0,46,NOMINAL_SRM,58.52934175982163,61.8920182346941,9.430123215917215,27.4531270761994,12.989550846578547
2.0,46,CAL_CURRENT_SRM,95.19046211789177,113.4971895483871,15.520010318586673,0.473370861061468,0.22586282523265813
2.0,46,ORACLE_SRM,97.09394987903468,120.41949450157992,15.83620429884297,3.0770277372867e-12,0.0
2.0,47,NOMINAL_SRM,50.56120974965553,54.37823829296092,8.106513247451087,68.68055561854261,31.279861002758953
2.0,47,CAL_CURRENT_SRM,95.39425007298915,114.60300735625465,15.553862138370292,0.4810265299158963,0.20707355720906398
2.0,47,ORACLE_SRM,97.14017052037681,121.03505257337963,15.843882146241995,5.495323605393213e-16,0.0
2.0,48,NOMINAL_SRM,55.55528209937246,59.96351351987747,8.936093371988783,38.64236415657197,16.233589987343777
2.0,48,CAL_CURRENT_SRM,95.44572423462569,109.6407829273858,15.562412663559085,0.4652140991514893,0.24199361194650426
2.0,48,ORACLE_SRM,97.34361348765981,120.50318708073482,15.877676659079702,2.0135828433845523e-15,0.0
2.0,49,NOMINAL_SRM,52.63685315879343,56.83509895727141,8.45130451142748,54.08716719459526,27.460675583786863
2.0,49,CAL_CURRENT_SRM,95.1017990835828,109.36902312044589,15.505282239797808,0.4774080937239182,0.21885696608895813
2.0,49,ORACLE_SRM,97.02422659919002,120.49414782013807,15.824622358669439,5.359495214947304e-12,0.0
2.0,50,NOMINAL_SRM,67.68500190952166,75.48534427186617,10.950996994937153,9.561261142730864,4.729283135012713
2.0,50,CAL_CURRENT_SRM,94.97121170756958,113.7338294480235,15.48358998464611,0.4850758837079671,0.17126648422458107
2.0,50,ORACLE_SRM,97.07360578172359,121.68021158824399,15.832824880684981,1.5558442838323525e-11,0.0
2.0,51,NOMINAL_SRM,54.84120941632932,64.01127385053113,8.817476647230786,41.96394552552221,17.38443325488876
2.0,51,CAL_CURRENT_SRM,95.04865781083772,114.34829737531038,15.496454785853443,0.4788867067512502,0.26615989861512424
2.0,51,ORACLE_SRM,97.05647957878882,120.76761870931239,15.829979996476549,3.077048428040221e-12,0.0
2.0,52,NOMINAL_SRM,50.30171228251205,53.230536290805745,8.063407355899013,70.76727355561651,28.46802814809797
2.0,52,CAL_CURRENT_SRM,95.55338283730632,111.49643909408792,15.580296152376464,0.46743518489648045,0.19282977615720737
2.0,52,ORACLE_SRM,97.15623439605979,120.67870168359471,15.846550564129533,5.3618555207920714e-12,0.0
2.0,53,NOMINAL_SRM,61.89468836270762,66.64863404511138,9.98915089081522,18.62966424756138,13.460303891530694
2.0,53,CAL_CURRENT_SRM,95.55345120595744,115.178181619899,15.580307509295256,0.45951598161685436,0.18215374365292458
2.0,53,ORACLE_SRM,97.06282825509754,120.29225259650423,15.831034593870024,7.980143169858994e-12,0.0
2.0,54,NOMINAL_SRM,50.514406854324996,54.998060076503364,8.098738680120432,69.0553218817689,29.549987105867658
2.0,54,CAL_CURRENT_SRM,95.70563700813972,111.49646215819865,15.605587542880352,0.45071483891780106,0.17284967509179922
2.0,54,ORACLE_SRM,97.30687930958668,120.66026526535347,15.871574636143967,5.359942691726482e-12,0.0
2.0,55,NOMINAL_SRM,51.546969688633496,57.53924130021993,8.270260745620183,61.32161658736581,32.591966039583845
2.0,55,CAL_CURRENT_SRM,93.03941495721865,107.47018009120345,15.162693514488149,0.5674700057617464,0.27542445681787914
2.0,55,ORACLE_SRM,97.10158971489372,119.30872563628553,15.837473374567063,1.5558499743515486e-11,0.0
2.0,56,NOMINAL_SRM,53.05177208572572,57.166288958940996,8.520227921216899,51.56034554587137,21.378218621126525
2.0,56,CAL_CURRENT_SRM,94.55530396885888,106.58649582054827,15.414502320408452,0.5013690360637683,0.24214106575053163
2.0,56,ORACLE_SRM,97.11091957257105,120.29061369587632,15.839023184812467,5.359931875059936e-12,0.0
2.0,57,NOMINAL_SRM,54.67638038273195,61.712297010421324,8.790096409091687,42.764167277540665,20.60622448310099
2.0,57,CAL_CURRENT_SRM,95.7756113033488,113.59680005777622,15.617211179958272,0.45915148632603264,0.1814704485750403
2.0,57,ORACLE_SRM,97.07119095119845,120.86141337326478,15.832423746046254,5.361834245775862e-12,0.0
2.0,58,NOMINAL_SRM,62.163391398444276,68.98779386283096,10.033785946585429,18.063341680896894,9.68730689471359
2.0,58,CAL_CURRENT_SRM,95.3636993169738,113.15766690921278,15.54878726195578,0.47359353653195657,0.21150143225495244
2.0,58,ORACLE_SRM,97.2268233394274,120.87237253294383,15.858276302230465,7.376145397762941e-17,0.0
2.0,59,NOMINAL_SRM,50.39397751624823,57.19803899375805,8.078733806685753,70.0109336831648,37.14947250971919
2.0,59,CAL_CURRENT_SRM,70.06556197527402,82.0329234635125,11.346438866324588,7.278582492003993,0.1972905451750091
2.0,59,ORACLE_SRM,97.17934088900648,121.11329472860582,15.850388851994433,2.3282242021242167e-11,0.0
2.0,60,NOMINAL_SRM,47.619623934957794,51.50104125618589,7.617877730059435,96.36964961857174,47.038525958933015
2.0,60,CAL_CURRENT_SRM,94.12118850870621,105.23176138798883,15.342390117725284,0.5237363581510721,0.2528202430524147
2.0,60,ORACLE_SRM,97.15427738011711,121.38645281911562,15.846225478424769,5.3599129988048884e-12,0.0
2.0,61,NOMINAL_SRM,48.994315386266535,53.63663536596859,7.846231791738628,82.25961454582806,43.987802682167896
2.0,61,CAL_CURRENT_SRM,94.34262955143663,110.43445841590506,15.379174344092464,0.4998989639524889,0.22322164211269022
2.0,61,ORACLE_SRM,97.12489342730173,120.89459013284723,15.841344423139823,1.305118187632772e-11,0.0
2.0,62,NOMINAL_SRM,52.61923033070937,56.43694911457648,8.448377131347073,54.186972178099126,22.05521534879833
2.0,62,CAL_CURRENT_SRM,95.53705069938358,111.325984055483,15.57758317265508,0.462597091373076,0.16316137789741958
2.0,62,ORACLE_SRM,97.09154134876357,120.81484205869612,15.835804210758068,7.977959174119193e-12,0.0
2.0,63,NOMINAL_SRM,50.736409513635,54.28554219260401,8.13561619827824,67.31685969728973,31.935271125977792
2.0,63,CAL_CURRENT_SRM,96.3842891053112,111.16868488167272,15.718320449387242,0.435980767402548,0.18073658837946222
2.0,63,ORACLE_SRM,97.22864096909987,120.17802577223185,15.858578234069746,5.3617401137312274e-12,0.0
2.0,64,NOMINAL_SRM,53.22726190206499,58.332598748700306,8.549379053499168,50.53400662907071,23.45632495031828
2.0,64,CAL_CURRENT_SRM,95.71275866257068,110.75304403937047,15.606770541955262,0.4549738555143948,0.18166185422757614
2.0,64,ORACLE_SRM,97.20208722772327,120.38259763766611,15.854167313575294,5.359940305272017e-12,0.0
2.0,65,NOMINAL_SRM,56.16232259104952,60.790561827293885,9.036930662965037,36.04078645169845,16.1648021422925
2.0,65,CAL_CURRENT_SRM,94.66942594529579,109.01920324718188,15.43345945935146,0.497595349465591,0.2043466819641391
2.0,65,ORACLE_SRM,97.25174142701063,120.53107589886567,15.862415519436981,5.360056841024356e-12,0.0
2.0,66,NOMINAL_SRM,50.523698979297585,56.47359213409719,8.100282222474682,68.97987370493686,30.645434968363265
2.0,66,CAL_CURRENT_SRM,95.87662524352797,114.37223106692821,15.633990904240527,0.4494019946954299,0.17706168138138673
2.0,66,ORACLE_SRM,97.19200051029325,120.12237321296298,15.85249177911848,3.077814728263563e-12,0.0
2.0,67,NOMINAL_SRM,55.3244043581305,63.26461724133884,8.89774158772932,39.69268063903274,18.815887125171724
2.0,67,CAL_CURRENT_SRM,95.20177634864677,113.56439750333904,15.521889758911424,0.4750054394647843,0.19151657697692992
2.0,67,ORACLE_SRM,97.12036689652352,120.37928515766696,15.840592507728159,7.980032176405186e-12,0.0
2.0,68,NOMINAL_SRM,55.32495853400606,62.61593285403319,8.897833643522603,39.69342729973395,21.38552976355354
2.0,68,CAL_CURRENT_SRM,49.846981990020694,57.29319216346572,7.9878707624619105,74.56557755721511,0.18261906703181258
2.0,68,ORACLE_SRM,97.22404464865129,119.41062298957412,15.857814725689583,6.131407058289218e-16,0.0
2.0,69,NOMINAL_SRM,49.51773978785888,53.23499015126849,7.933179366753968,77.45461243877875,34.10998841954753
2.0,69,CAL_CURRENT_SRM,95.50892322848001,112.58206673297286,15.572910835295684,0.465998198902139,0.196147371590563
2.0,69,ORACLE_SRM,97.23051641182161,121.2013112722145,15.858889769405584,3.0772453234158915e-12,0.0
2.0,70,NOMINAL_SRM,51.88796150494028,56.26729225825144,8.326903904475131,58.94664322427255,24.255761047439048
2.0,70,CAL_CURRENT_SRM,94.59135600187899,111.4147430813358,15.420491030212457,0.5055305054698779,0.24299044025482716
2.0,70,ORACLE_SRM,97.11526405159047,120.79441063397582,15.839744859068185,1.6050308076832566e-15,0.0
2.0,71,NOMINAL_SRM,53.726478365366546,60.29336755593201,8.632305376306736,47.710126389953096,26.0609652343174
2.0,71,CAL_CURRENT_SRM,95.13260160372234,108.76366952572741,15.510398937495404,0.47530314506338217,0.1965985317509275
2.0,71,ORACLE_SRM,97.2495428841552,121.56699771854903,15.862050312982593,2.0690908296675787e-11,0.0
2.0,72,NOMINAL_SRM,54.751953456333815,62.27325788732577,8.80265007580296,42.394427768380545,22.961816544782874
2.0,72,CAL_CURRENT_SRM,95.00024249083707,113.50246226708765,15.488412373893201,0.4805997682767126,0.21783123341119512
2.0,72,ORACLE_SRM,97.19145914487036,120.51095022940535,15.85240185130737,6.855121490028353e-16,0.0
2.0,73,NOMINAL_SRM,56.51598940092238,62.590703309716574,9.095679302478802,34.59636311789387,18.926434345709406
2.0,73,CAL_CURRENT_SRM,95.64607565360512,118.6873908983617,15.595693630166965,0.459137500664057,0.17997631684519297
2.0,73,ORACLE_SRM,97.02484085927074,119.40022267661006,15.824724395227697,1.3048319466455091e-11,0.0
2.0,74,NOMINAL_SRM,52.50861358861446,58.75167924205607,8.430002257244928,54.897187268682444,26.3095988308193
2.0,74,CAL_CURRENT_SRM,95.8216499850964,109.4005956162245,15.62485880151103,0.4530349453345831,0.19533854390423744
2.0,74,ORACLE_SRM,97.11523696286626,120.17379179018923,15.83974035928011,1.0443946038206316e-11,0.0
2.0,75,NOMINAL_SRM,54.015910888324825,59.925669187910735,8.680383868492497,46.14893531451123,23.479603889943796
2.0,75,CAL_CURRENT_SRM,94.30510922576337,112.75572162576196,15.37294173185438,0.5195049406372345,0.19259564418724404
2.0,75,ORACLE_SRM,96.97527571467097,120.94828902303229,15.816490982503485,5.359613549321895e-12,0.0
2.0,76,NOMINAL_SRM,58.0868419796746,64.84787397025183,9.356618269048939,28.872289478327943,15.487940506377372
2.0,76,CAL_CURRENT_SRM,95.09141749830242,107.0204241584336,15.503557723970502,0.4794023226328403,0.22185709396994355
2.0,76,ORACLE_SRM,97.21236289470286,121.03279570216498,15.855874235000476,1.5558766060841103e-11,0.0
2.0,77,NOMINAL_SRM,51.12510562242345,58.22510519680605,8.200183658209875,64.36383977945147,29.92718849792692
2.0,77,CAL_CURRENT_SRM,94.60399601890668,109.52284009320466,15.422590700815064,0.49743354536709894,0.2133552514688736
2.0,77,ORACLE_SRM,97.1779083533673,119.58543536015804,15.850150889263672,7.980847406197152e-12,0.0
2.0,78,NOMINAL_SRM,51.42209087373375,57.121901312442674,8.24951675643418,62.214388776740805,28.23853621997916
2.0,78,CAL_CURRENT_SRM,73.49918046857243,86.04225614595323,11.916807386806052,4.892477332519709,0.15606016767066422
2.0,78,ORACLE_SRM,97.22821966081538,120.95970590550907,15.858508249304881,1.0443905855174463e-11,0.0
2.0,79,NOMINAL_SRM,53.87337825127018,60.2561599856665,8.656707350709334,46.90816395098183,23.76115103736059
2.0,79,CAL_CURRENT_SRM,95.86641069135842,111.20171862327018,15.632294134777148,0.4568009480305527,0.15454354555776662
2.0,79,ORACLE_SRM,97.12221303016555,120.92179131593532,15.840899174446106,1.0442822034236554e-11,0.0
2.0,80,NOMINAL_SRM,52.23209857335192,55.91822237412528,8.38406953045713,56.66511265749306,23.009828431901138
2.0,80,CAL_CURRENT_SRM,60.40810463319524,70.266312418297,9.742210071959343,22.0883977180628,0.15252926845798884
2.0,80,ORACLE_SRM,97.25538752811148,120.19522469414844,15.863021184071675,1.0441691821444458e-11,0.0
2.0,81,NOMINAL_SRM,51.7672842885903,58.32811386664421,8.306857855247559,59.7897816131922,29.526400330362847
2.0,81,CAL_CURRENT_SRM,95.38881568671991,114.96752444833108,15.552959416398656,0.4609735441630696,0.20128460404124934
2.0,81,ORACLE_SRM,97.1291793378054,120.40293859301573,15.842056368406212,5.361834251025683e-12,0.0
2.0,82,NOMINAL_SRM,55.03223355150017,59.78954048321239,8.849208231146209,41.051084498055104,22.756117222446026
2.0,82,CAL_CURRENT_SRM,95.12773435293107,108.55224669775342,15.50959042407493,0.4722988503202175,0.1870924373156449
2.0,82,ORACLE_SRM,97.37689948389911,120.66330651641059,15.8832058943354,5.359963533489045e-12,0.0
2.0,83,NOMINAL_SRM,59.976244737334795,68.39168098412476,9.670472547730034,23.228545012712882,10.027019049478998
2.0,83,CAL_CURRENT_SRM,94.94803107167412,113.5140807888935,15.479739380676765,0.4775309492679837,0.24912503504670755
2.0,83,ORACLE_SRM,97.33281642491022,120.68318126392882,15.875883127061499,1.5558786687526675e-11,0.0
2.0,84,NOMINAL_SRM,51.32719414222169,55.830801674381185,8.233753179771046,62.889839829865466,32.27848397707853
2.0,84,CAL_CURRENT_SRM,46.633939893160644,53.35682324522372,7.454142839395456,107.94934983098835,0.20503126286756287
2.0,84,ORACLE_SRM,97.22666792763783,121.26440154333554,15.858250486318576,1.861486813260173e-15,0.0
2.0,85,NOMINAL_SRM,51.555779272001026,55.14139790428064,8.271724131561633,61.25245617051072,27.35966712815037
2.0,85,CAL_CURRENT_SRM,95.58334378497058,114.92780963002907,15.585273053981824,0.45819491629426556,0.22065964857233972
2.0,85,ORACLE_SRM,97.14291788271858,121.8776132573409,15.844338518724017,7.977926494199746e-12,0.0
2.0,86,NOMINAL_SRM,61.26105096936419,67.80905551600762,9.883895509861162,20.04430318444463,9.884151468731012
2.0,86,CAL_CURRENT_SRM,53.008107967955226,61.1594833142119,8.512974745507513,51.82546933870528,0.18335599130135002
2.0,86,ORACLE_SRM,97.29874140442726,120.9362246876922,15.870222824655691,1.784820558071233e-15,0.0
2.0,87,NOMINAL_SRM,49.31960383242689,53.08980561249699,7.900266417346661,79.23967436191933,34.42181389098394
2.0,87,CAL_CURRENT_SRM,58.45984545871971,67.84989327587228,9.418578979853773,27.671558211899455,0.1743142822771944
2.0,87,ORACLE_SRM,97.15114079376846,120.42993369078202,15.845704450792104,1.3050875264111505e-11,0.0
2.0,88,NOMINAL_SRM,50.937514243242326,55.12469396427289,8.169022299541915,65.77404747774257,24.02062364561015
2.0,88,CAL_CURRENT_SRM,93.52034778491102,109.55029126407,15.242582688523425,0.5443981631743717,0.20126266541627802
2.0,88,ORACLE_SRM,97.30796519894533,120.865210575009,15.8717550164361,1.55585165981448e-11,0.0
2.0,89,NOMINAL_SRM,49.7067820502565,53.501572961527216,7.964581735923008,75.7878022442083,37.929265464822414
2.0,89,CAL_CURRENT_SRM,94.87801132448027,108.28662139955725,15.468108193435262,0.4881587190443068,0.16797749656464125
2.0,89,ORACLE_SRM,97.01971476176651,120.96060567883535,15.82387288401437,1.5558729874198708e-11,0.0
2.0,90,NOMINAL_SRM,58.968451642657016,63.44477701636008,9.503065056919771,26.099861577450497,12.409664844159282
2.0,90,CAL_CURRENT_SRM,94.89997448610094,114.29263568629587,15.47175655915298,0.49136564478960276,0.18998159878887816
2.0,90,ORACLE_SRM,96.89020749510081,121.42396454968222,15.802360049020068,7.021666937153402e-16,0.0
2.0,91,NOMINAL_SRM,55.8600363123701,60.88158576826642,8.986716995410317,37.312071788798754,18.65765294127012
2.0,91,CAL_CURRENT_SRM,94.76114133338316,109.4163507147497,15.44869457365169,0.49675473787437885,0.1827509914647676
2.0,91,ORACLE_SRM,97.02093204539425,120.76692040888031,15.82407509059705,1.968125395611828e-15,0.0
2.0,92,NOMINAL_SRM,48.959432910131575,52.03807709361611,7.840437360486973,82.59291545574114,37.99897716597904
2.0,92,CAL_CURRENT_SRM,95.16457686381466,114.4543303672276,15.51571044249413,0.4852406000060168,0.1874840121921845
2.0,92,ORACLE_SRM,97.07686454863891,120.31041496920497,15.833366204092842,5.359502238062105e-12,0.0
2.0,93,NOMINAL_SRM,55.377566558807096,58.85829532326607,8.90657251807427,39.46046503069598,17.459828285497515
2.0,93,CAL_CURRENT_SRM,95.34640904425726,110.86401458562437,15.545915123630774,0.4718742642102772,0.15996164942877078
2.0,93,ORACLE_SRM,96.9786751056243,121.08896180452795,15.817055665386098,1.0443872826195509e-11,0.0
2.0,94,NOMINAL_SRM,57.74852776328136,67.21732103234254,9.300419894232785,30.02325621061368,14.434709133233245
2.0,94,CAL_CURRENT_SRM,94.84461058416886,108.04729511110759,15.46255989770247,0.4823205814847852,0.21351056747176816
2.0,94,ORACLE_SRM,97.01430537348693,121.00351991545814,15.822974314532713,7.977835997541413e-12,0.0
2.0,95,NOMINAL_SRM,53.35406331129586,64.0983511470915,8.570442410514264,49.80789782452797,25.508601024581214
2.0,95,CAL_CURRENT_SRM,95.32871891960257,111.95511809733495,15.542976564718034,0.4672219220757796,0.19913972814476155
2.0,95,ORACLE_SRM,97.08503051244043,121.18619619141973,15.834722676485121,5.359913155504827e-12,0.0
2.0,96,NOMINAL_SRM,55.66559608927503,58.396686160088116,8.954417955029076,38.15355390605173,16.646260336622667
2.0,96,CAL_CURRENT_SRM,95.3485352086704,115.1806569287953,15.546268307088106,0.4675995844286624,0.2102301811376274
2.0,96,ORACLE_SRM,97.27368762065387,120.8459513651051,15.866061066553799,5.361734576150975e-12,0.0
2.0,97,NOMINAL_SRM,55.28568705697243,61.86397649990713,8.891310142354225,39.86549587044593,21.156770653089506
2.0,97,CAL_CURRENT_SRM,95.51246284062584,108.93686585459518,15.57349881073519,0.46303924306881783,0.22604510590734456
2.0,97,ORACLE_SRM,97.11689677563456,121.12719025843931,15.840016075686805,1.3051776145054381e-11,0.0
2.0,98,NOMINAL_SRM,50.07414283478538,55.56645458695086,8.025605122057373,72.64523591770083,33.46862419306896
2.0,98,CAL_CURRENT_SRM,94.78175114496558,109.77462729588854,15.452118130392954,0.49175873338550946,0.1955909621972489
2.0,98,ORACLE_SRM,97.0649632626545,120.51053204165544,15.831389246288124,1.0442991496090104e-11,0.0
2.0,99,NOMINAL_SRM,59.80958344636292,64.10636796634229,9.64278794790082,23.679711559562737,15.464149450370256
2.0,99,CAL_CURRENT_SRM,96.10671956255429,118.69541809438692,15.672212551919317,0.43897687317135103,0.17861970806649288
2.0,99,ORACLE_SRM,97.31211767035603,121.13884680791455,15.872444795740204,5.359957110465133e-12,0.0
2.0,100,NOMINAL_SRM,52.34029513969912,55.06584871713383,8.402042382009823,55.9707882350527,26.723767909709835
2.0,100,CAL_CURRENT_SRM,94.70809978282146,109.02666084499401,15.439883684854063,0.4886581096747971,0.19481624418247936
2.0,100,ORACLE_SRM,97.09867218478757,120.9213560136074,15.836988735014547,1.0442999249487666e-11,0.0
2.0,101,NOMINAL_SRM,60.421629790189215,65.90947065576106,9.744456775778941,22.069669295727582,11.020823451405244
2.0,101,CAL_CURRENT_SRM,57.16359260534871,66.26801387692001,9.2032545856061,32.11707573674093,0.20365244346140784
2.0,101,ORACLE_SRM,97.24179720811588,120.95419856019166,15.860763655833203,1.3050844245607285e-11,0.0
2.0,102,NOMINAL_SRM,50.40832485063991,54.41362460003397,8.081117084823905,69.90046547859386,33.551135203416386
2.0,102,CAL_CURRENT_SRM,95.97776352371447,116.34276729314982,15.650791283009049,0.4393735962969849,0.15183155925600045
2.0,102,ORACLE_SRM,97.21839521472393,120.79516220339394,15.856876281515603,3.0772938057849424e-12,0.0
2.0,103,NOMINAL_SRM,53.99625622545457,60.14740980749643,8.677118974328003,46.25097252818852,19.961165585408747
2.0,103,CAL_CURRENT_SRM,95.20162808292642,111.48527666816437,15.521865130054223,0.47202299988669866,0.20210562377113195
2.0,103,ORACLE_SRM,97.16984628470595,119.73619166650468,15.848811675200325,2.5818706066856712e-11,0.0
2.0,104,NOMINAL_SRM,51.88743916741629,55.50419127821216,8.326817137444568,58.95504590061095,32.00889710831764
2.0,104,CAL_CURRENT_SRM,96.05840700262283,113.22399568027859,15.664187209738012,0.4425763679471753,0.17537556400635498
2.0,104,ORACLE_SRM,97.08963044851163,119.7923272673896,15.835486785467047,5.3599412471196575e-12,0.0
2.0,105,NOMINAL_SRM,55.58432079875124,63.650753385096635,8.940917076204526,38.52517625140213,21.43953796387078
2.0,105,CAL_CURRENT_SRM,96.25411257332671,117.4127674863229,15.696696440751944,0.4378252648222796,0.1641239351160495
2.0,105,ORACLE_SRM,97.00284566723752,120.18365843087635,15.821070708843443,1.6731801358972937e-15,0.0
2.0,106,NOMINAL_SRM,55.31814689170757,57.68749892393825,8.896702141479663,39.71544597080895,18.4538577209151
2.0,106,CAL_CURRENT_SRM,95.71705034570388,114.61431819050817,15.607483446130214,0.46096680948255675,0.16812665007214123
2.0,106,ORACLE_SRM,97.11821523592293,121.5874187813965,15.840235089023743,5.5212190593205246e-17,0.0
2.0,107,NOMINAL_SRM,53.328915324766186,56.4315650564786,8.566265004113985,49.95046999137143,24.839225605578438
2.0,107,CAL_CURRENT_SRM,94.14605240289049,105.86214487286438,15.346520332706062,0.5128984041297748,0.2203535449905079
2.0,107,ORACLE_SRM,97.22845352661972,121.52243229069046,15.858547097445136,1.0441445582956363e-11,0.0
2.0,108,NOMINAL_SRM,55.27333049669784,62.76568098505814,8.889257557591003,39.921006835631545,18.96463730767269
2.0,108,CAL_CURRENT_SRM,58.229517609261386,67.55285038742659,9.380318539744417,28.39792966472019,0.13317422347014857
2.0,108,ORACLE_SRM,97.01855147379204,119.95908768212655,15.82367964680931,1.0441745520813395e-11,0.0
2.0,109,NOMINAL_SRM,54.45337739162491,57.446569274324474,8.753052722861282,43.874763894988355,17.55768622813773
2.0,109,CAL_CURRENT_SRM,95.05607525944907,115.83895690449091,15.497686920174266,0.47816704830756646,0.24202343216997213
2.0,109,ORACLE_SRM,97.03888756402849,119.99691253155574,15.827057734888452,1.0443783608291568e-11,0.0
2.0,110,NOMINAL_SRM,54.95331012123756,62.92184879101079,8.836098026783649,41.416818872383544,22.008467957806864
2.0,110,CAL_CURRENT_SRM,93.8064819993182,109.76982061275476,15.290113288923289,0.5382807491285473,0.24313120833317953
2.0,110,ORACLE_SRM,97.20621527649715,121.22741119894924,15.854853035962982,5.359602878315107e-12,0.0
2.0,111,NOMINAL_SRM,54.29532250475067,58.53111049886388,8.726797758264231,44.685687316324525,22.720605945817738
2.0,111,CAL_CURRENT_SRM,95.4533296109217,118.04402027169334,15.563676015103272,0.46249392760172314,0.20303588790918958
2.0,111,ORACLE_SRM,97.3627140041699,121.35664013777442,15.880849502353804,1.0441446581518481e-11,0.0
2.0,112,NOMINAL_SRM,52.361211963924745,55.94256294770418,8.405516937529029,55.8197797001889,28.36253854759762
2.0,112,CAL_CURRENT_SRM,95.03193583168616,108.21495918415289,15.49367704845285,0.49166071113848364,0.17816453713111832
2.0,112,ORACLE_SRM,96.99890739888372,119.07156775599191,15.820416511442478,7.980321837470246e-12,0.0
2.0,113,NOMINAL_SRM,59.90692609948724,64.9168152795716,9.65895782383509,23.419352139742923,12.129591359546737
2.0,113,CAL_CURRENT_SRM,94.89191176455029,109.23091007255462,15.47041723663626,0.48211414897372834,0.1809335388083566
2.0,113,ORACLE_SRM,97.28069815525096,120.92891692087255,15.867225607184546,1.3051782742198958e-11,0.0
2.0,114,NOMINAL_SRM,59.21665611273955,63.522663776750534,9.544295035338797,25.351713420766405,11.098136219330465
2.0,114,CAL_CURRENT_SRM,95.53432642683092,112.32253775292357,15.5771306356862,0.4616264584183678,0.22066990847467383
2.0,114,ORACLE_SRM,97.09735478725179,121.1917393031551,15.836769898214584,5.361846368016332e-12,0.0
2.0,115,NOMINAL_SRM,52.77629006919503,55.15699138749547,8.474466788902829,53.23438872358156,24.66501563006301
2.0,115,CAL_CURRENT_SRM,94.03405591759666,111.3757941649272,15.327916265381505,0.5344064489345802,0.19308636737123597
2.0,115,ORACLE_SRM,97.15024238545793,119.61877465993379,15.845555213531219,5.361953296486245e-12,0.0
2.0,116,NOMINAL_SRM,53.19223937639778,60.04580654100296,8.543561358205611,50.73574173643036,27.55931524357654
2.0,116,CAL_CURRENT_SRM,94.91123789579927,110.45193328222219,15.47362755744174,0.4918839809172505,0.22892181010269524
2.0,116,ORACLE_SRM,97.06694279674834,121.20611394221694,15.831718072549558,1.0441450844195972e-11,0.0
2.0,117,NOMINAL_SRM,59.501793120666804,65.73628608564394,9.59165998682173,24.54178094702116,10.913501009710618
2.0,117,CAL_CURRENT_SRM,95.7111131534705,114.5312257737807,15.606497201573173,0.4539713055161075,0.18706375771757572
2.0,117,ORACLE_SRM,97.18591704292652,121.93089400527457,15.851481236366531,3.0772616014094122e-12,0.0
2.0,118,NOMINAL_SRM,50.27300336385253,53.35859624271309,8.058638432533645,70.99516833378837,33.47457790792174
2.0,118,CAL_CURRENT_SRM,94.86843325374679,106.84184628434822,15.466517151785181,0.4879379891540358,0.2508951680610714
2.0,118,ORACLE_SRM,97.23311795679044,121.43376540414737,15.859321919732631,3.0772613912942845e-12,0.0
2.0,119,NOMINAL_SRM,53.062861379225275,57.15092801025256,8.52206999654905,51.49095420085721,31.098177950544
2.0,119,CAL_CURRENT_SRM,95.14633004649228,115.50785447375159,15.512679409716325,0.47187861390647967,0.18388806330444335
2.0,119,ORACLE_SRM,97.28067865282199,121.71282376010387,15.867222367578403,7.977902989670457e-12,0.0
2.0,120,NOMINAL_SRM,53.87855390016149,56.65070912667203,8.657567093050083,46.87697097946914,21.750361441596095
2.0,120,CAL_CURRENT_SRM,96.04408429952953,119.21417727771188,15.661808023177663,0.4389700699042854,0.15787837696631196
2.0,120,ORACLE_SRM,97.01475585976414,121.12997787631839,15.823049146140223,1.5700924586837751e-15,0.0
2.0,121,NOMINAL_SRM,49.63279480474305,53.60485734986366,7.952291495804494,76.44091790305525,35.68787547329473
2.0,121,CAL_CURRENT_SRM,94.43989082825381,105.78085273058127,15.395330702367742,0.5089280469339504,0.2107086232234112
2.0,121,ORACLE_SRM,97.01666243754958,119.64256295445779,15.823365853413552,7.980742364953112e-12,0.0
2.0,122,NOMINAL_SRM,50.857936306729385,54.21198952572127,8.155803373210862,66.39548967724352,32.44763002568482
2.0,122,CAL_CURRENT_SRM,95.27445959880112,108.48227790388583,15.53396338850517,0.466634608687892,0.20837452795159028
2.0,122,ORACLE_SRM,97.05223423925004,120.21867702502561,15.829274790573097,5.359485967880026e-12,0.0
2.0,123,NOMINAL_SRM,54.95752672590407,58.37711210759644,8.836798459452504,41.40366276404647,21.468327929525724
2.0,123,CAL_CURRENT_SRM,94.95415577192824,110.8930747534142,15.480756772745556,0.4874450238774696,0.190460884424312
2.0,123,ORACLE_SRM,97.28632689018325,121.69812110374752,15.86816061298725,1.9389211565826713e-15,0.0
2.0,124,NOMINAL_SRM,52.077117987995216,55.49666473054644,8.358325247175285,57.67923105883438,25.0913759582847
2.0,124,CAL_CURRENT_SRM,94.26023798220776,108.15285781940248,15.365488036911588,0.5106139233188228,0.19047476671110666
2.0,124,ORACLE_SRM,97.14835158848743,120.93687522150242,15.845241127655719,4.496745898103479e-15,0.0
2.0,125,NOMINAL_SRM,61.5289041183471,71.14623102627887,9.928389388429752,19.431414748137463,8.269593571698412
2.0,125,CAL_CURRENT_SRM,95.54150680920026,110.88930855413012,15.578323390232601,0.4603691630240513,0.15681312998492675
2.0,125,ORACLE_SRM,97.1701745049595,121.11943398839048,15.848866196837127,1.3051783030119353e-11,0.0
2.0,126,NOMINAL_SRM,56.98236796219626,61.758366470853616,9.173150824285093,32.79247071867346,15.494583215081006
2.0,126,CAL_CURRENT_SRM,95.10287986808373,114.12402389893302,15.505461772106933,0.4693937320668685,0.24076268144764995
2.0,126,ORACLE_SRM,97.11551288739395,121.3974490288569,15.839786193919261,2.0689624761123085e-11,0.0
2.0,127,NOMINAL_SRM,49.966329546933736,52.94731381641143,8.00769593802886,73.5504412546127,34.029870829825214
2.0,127,CAL_CURRENT_SRM,94.49064239573627,113.13352613161706,15.403761195305028,0.5029622420145755,0.2384954269257168
2.0,127,ORACLE_SRM,97.2006841464607,120.50379471713556,15.853934243598124,1.0443924512209878e-11,0.0
3.0,0,NOMINAL_SRM,54.36192068466372,58.346389467841355,8.737860578847796,44.33082336855862,20.68346231530004
3.0,0,CAL_CURRENT_SRM,95.69573956149452,115.32159789568679,15.603943448753244,0.4641998976570295,0.2034120911747164
3.0,0,ORACLE_SRM,97.3103145435541,120.78261496184692,15.872145273015631,5.361721463915008e-12,0.0
3.0,1,NOMINAL_SRM,47.53439839182599,50.67388559079528,7.603720663094019,97.31482949745805,47.16621639915507
3.0,1,CAL_CURRENT_SRM,47.16289904245649,53.99404725237457,7.542009807717025,101.56336998549801,0.14816168348838368
3.0,1,ORACLE_SRM,97.32794750153818,120.79567101283737,15.875074335803683,1.305209566802201e-11,0.0
3.0,2,NOMINAL_SRM,51.370842729005275,55.045624402951105,8.241003775582273,62.56823285796218,28.525812251328446
3.0,2,CAL_CURRENT_SRM,90.98446458618156,104.80610352772126,14.821339632256073,0.680565740636532,0.24147462877050338
3.0,2,ORACLE_SRM,97.10765759776072,120.88431951133157,15.838481328531682,5.359941487863534e-12,0.0
3.0,3,NOMINAL_SRM,47.883992681294174,50.212443734461104,7.661792804201691,93.48468978011884,43.09437175318969
3.0,3,CAL_CURRENT_SRM,95.42999460972554,112.80958464346341,15.559799769057399,0.46554341213660494,0.17573173295487635
3.0,3,ORACLE_SRM,97.10988268414985,121.09036147280574,15.83885094421094,1.815586951515011e-11,0.0
3.0,4,NOMINAL_SRM,46.37825532873088,49.19258644644316,7.4116703203871905,111.17298299261307,53.99115772590134
3.0,4,CAL_CURRENT_SRM,94.45547446304396,113.65626339420788,15.397919346020592,0.5026876110514118,0.22436050564689244
3.0,4,ORACLE_SRM,97.14269389340295,120.14401477263512,15.844301311196503,7.980033811266776e-12,0.0
3.0,5,NOMINAL_SRM,49.24082700450141,56.44283891521259,7.887180565531797,79.95380674603355,29.19196776749366
3.0,5,CAL_CURRENT_SRM,96.02686640307205,117.57866360176074,15.658947907487052,0.4428510095837346,0.13951601968573094
3.0,5,ORACLE_SRM,97.27261475151428,120.32710060145192,15.865882849088752,5.359610641819619e-12,0.0
3.0,6,NOMINAL_SRM,49.976340470112184,53.338622269580604,8.009358882078438,73.4757351215059,33.16847536070238
3.0,6,CAL_CURRENT_SRM,47.221492000952864,54.084739952308325,7.551742857301141,100.8916420176574,0.16863237937427406
3.0,6,ORACLE_SRM,97.20015537696031,121.4449349862721,15.853846408132942,6.874934781341075e-16,0.0
3.0,7,NOMINAL_SRM,51.52474825814426,59.55590413312243,8.266569478097054,61.47678500078189,27.828382306244066
3.0,7,CAL_CURRENT_SRM,95.5321465673906,107.77334639910947,15.576768532789137,0.4587724030671473,0.1798864001568364
3.0,7,ORACLE_SRM,97.10118799304935,120.09759750662313,15.83740664336368,2.0689624777282943e-11,0.0
3.0,8,NOMINAL_SRM,43.6662670856207,46.728942880093946,6.96117393448849,151.911926778043,73.34684656679146
3.0,8,CAL_CURRENT_SRM,69.55986774447938,80.95200432601807,11.262436502405212,7.714582612396535,0.14997746532176653
3.0,8,ORACLE_SRM,97.2410565984088,120.4689023074975,15.860640630964918,5.361720367672647e-12,0.0
3.0,9,NOMINAL_SRM,53.39887599258855,57.48541526198938,8.577886377506404,49.54159657586176,25.390389512322017
3.0,9,CAL_CURRENT_SRM,92.88788166307248,107.08660481870494,15.137521870942273,0.5917597690967275,0.2590576378527233
3.0,9,ORACLE_SRM,97.1754375644427,121.7664583167366,15.849740459209752,1.555850041066202e-11,0.0
3.0,10,NOMINAL_SRM,52.11650466380624,57.79184596614737,8.364867884353197,57.423818335618314,24.270798965697068
3.0,10,CAL_CURRENT_SRM,95.38970471808229,110.54742840746027,15.553107096026958,0.4710594612963402,0.13037447239729122
3.0,10,ORACLE_SRM,97.11662094524704,120.83982161874509,15.839970256685554,7.021666937153402e-16,0.0
3.0,11,NOMINAL_SRM,51.212420439343155,56.702873783749766,8.214687780621787,63.72087080788068,31.101859264773015
3.0,11,CAL_CURRENT_SRM,92.37217532727274,109.2853826019877,15.051856366656603,0.6146147345680261,0.22328869670677598
3.0,11,ORACLE_SRM,97.19179647270587,120.54363393397634,15.85245788583154,5.359939490335806e-12,0.0
3.0,12,NOMINAL_SRM,51.970662022536445,54.75948574176898,8.340641531982799,58.38680141911145,26.472084139578726
3.0,12,CAL_CURRENT_SRM,95.36006404259437,113.97328170635146,15.548183395779796,0.4547878134491834,0.1730315083069456
3.0,12,ORACLE_SRM,97.21105120628714,119.59919415901942,15.855656346559325,4.804200709122865e-15,0.0
3.0,13,NOMINAL_SRM,48.58333648068981,51.43801403034693,7.777962870546481,86.25632271857002,42.61760884460277
3.0,13,CAL_CURRENT_SRM,94.08502387021795,109.12792748194803,15.336382702694012,0.5219076319283809,0.18775780567556868
3.0,13,ORACLE_SRM,97.06020306694512,121.1205415999469,15.83059851610384,5.3599547153934486e-12,0.0
3.0,14,NOMINAL_SRM,50.69431809532402,55.02071320957042,8.12862426832625,67.64330748098695,34.640796240120984
3.0,14,CAL_CURRENT_SRM,39.31256745262462,44.29538622204725,6.2379680153861505,250.76223935170654,0.1794269025124664
3.0,14,ORACLE_SRM,97.19689430130721,120.74210599203774,15.853304701213823,1.0443868092745361e-11,0.0
3.0,15,NOMINAL_SRM,52.29022193637608,57.75446026421192,8.393724574148852,56.282843327160705,28.296646742483077
3.0,15,CAL_CURRENT_SRM,95.12851610334316,109.3556843193494,15.509720282947368,0.468977863591266,0.17534589595751557
3.0,15,ORACLE_SRM,97.23412782489308,120.27265330790416,15.85948967190915,2.0689502038835854e-11,0.0
3.0,16,NOMINAL_SRM,56.471579878420556,60.45407979891846,9.088302305385476,34.7780773512823,19.29187509440593
3.0,16,CAL_CURRENT_SRM,95.91650363693714,115.91063962340208,15.64061522208258,0.4460804291462145,0.17667525880520968
3.0,16,ORACLE_SRM,97.06857629156117,120.21509617059857,15.831989417202852,5.454941614056062e-15,0.0
3.0,17,NOMINAL_SRM,53.51754690524328,58.35570300976555,8.597599153694897,48.87158358625786,23.224255625717607
3.0,17,CAL_CURRENT_SRM,95.52159950372392,113.96951669571274,15.575016528857795,0.459163749932762,0.20442176112758373
3.0,17,ORACLE_SRM,97.31716588589751,121.49061496538573,15.873283369750418,7.980743552258024e-12,0.0
3.0,18,NOMINAL_SRM,47.82885942909614,52.04839915404033,7.65263445666049,94.07652394753725,45.27068371879494
3.0,18,CAL_CURRENT_SRM,96.00026425792666,114.27482025401122,15.654528946499445,0.446470919275483,0.1916711392913082
3.0,18,ORACLE_SRM,97.19619789446668,119.77762057149894,15.8531890190144,5.359940153495547e-12,0.0
3.0,19,NOMINAL_SRM,54.78630370145468,57.84519219495452,8.808356096587156,42.23789336018644,26.839215771639314
3.0,19,CAL_CURRENT_SRM,56.112733662738805,64.98949596163898,9.028693299458274,36.238873466613924,0.1849169255949191
3.0,19,ORACLE_SRM,97.08106467242291,120.796577695967,15.834063899073573,1.5558518358879883e-11,0.0
3.0,20,NOMINAL_SRM,48.96833667113913,52.956273263391566,7.841916390554673,82.50461247737071,41.42056575972317
3.0,20,CAL_CURRENT_SRM,94.80187477481586,104.90918259459052,15.455460926049145,0.48599653806201115,0.16046918948836916
3.0,20,ORACLE_SRM,97.27102470679434,121.75261385794208,15.86561872205886,5.359963724214894e-12,0.0
3.0,21,NOMINAL_SRM,53.68739204420518,62.71478539667348,8.625812631927772,47.920619254182604,25.588778215759657
3.0,21,CAL_CURRENT_SRM,94.97967364240233,112.40215843122974,15.484995621661517,0.4793785630766317,0.18414421704332953
3.0,21,ORACLE_SRM,97.18629142275871,121.04659130412091,15.851543425707428,3.077815593294572e-12,0.0
3.0,22,NOMINAL_SRM,48.00185776128487,51.950321121527196,7.681371721143667,92.21970515835363,42.90950537678555
3.0,22,CAL_CURRENT_SRM,95.7822423954621,113.9418845113077,15.618312690276097,0.4567428494805783,0.16675274055125772
3.0,22,ORACLE_SRM,97.1755716356406,121.96550874422117,15.849762730172856,5.359960307102288e-12,0.0
3.0,23,NOMINAL_SRM,51.20202944579791,58.704447288105904,8.212961701959786,63.79799291653675,34.049637863141164
3.0,23,CAL_CURRENT_SRM,95.22054018846649,109.96320646913519,15.525006675824997,0.4727250663590933,0.15978338347273524
3.0,23,ORACLE_SRM,97.09088671218629,120.13058269766582,15.83569546714058,7.980743068262368e-12,0.0
3.0,24,NOMINAL_SRM,51.72746306145165,58.24528893175872,8.30024303346373,60.05057675553085,28.135774659996002
3.0,24,CAL_CURRENT_SRM,95.61535779760037,117.03608152748417,15.590590996279131,0.4477086865723843,0.1912906334235874
3.0,24,ORACLE_SRM,97.3157828362155,120.37785873124079,15.873053627278324,7.977859532087617e-12,0.0
3.0,25,NOMINAL_SRM,48.139493857610844,51.86851253618441,7.704234860068247,90.7650784311059,42.663057399475996
3.0,25,CAL_CURRENT_SRM,93.82746235842802,107.8064826844083,15.293598398409971,0.5278999408923556,0.20525461510923665
3.0,25,ORACLE_SRM,97.22710030669292,119.91749330230712,15.85832231008188,2.220446049250313e-16,0.0
3.0,26,NOMINAL_SRM,44.62646242313495,47.14497703007414,7.120674821118763,136.0195104138518,62.512802792068825
3.0,26,CAL_CURRENT_SRM,95.61104569308742,114.9364509924424,15.589874699848409,0.462030558704011,0.1993538300778848
3.0,26,ORACLE_SRM,97.10333712754672,120.60649472230105,15.837763642449621,5.359610562477039e-12,0.0
3.0,27,NOMINAL_SRM,53.9743431359981,58.26538098712575,8.673478926245533,46.377509213776094,28.50450538893876
3.0,27,CAL_CURRENT_SRM,94.95026865826864,111.98359541691092,15.4801110728021,0.47049133373495766,0.17729802056498445
3.0,27,ORACLE_SRM,97.03507107550661,121.22247871925444,15.82642376669545,1.0441746577905728e-11,0.0
3.0,28,NOMINAL_SRM,52.73554986497,61.924563116661545,8.46769931311794,53.46092449161543,24.156988928540283
3.0,28,CAL_CURRENT_SRM,95.2856239853325,108.28719789062202,15.535817937762875,0.4583779523955807,0.1867595090596448
3.0,28,ORACLE_SRM,97.16159948478244,120.87320633813081,15.847441774880805,5.361953079528765e-12,0.0
3.0,29,NOMINAL_SRM,49.33284775901642,54.19861288179429,7.9024664051522295,79.11061447603956,39.299257308181325
3.0,29,CAL_CURRENT_SRM,94.75575245123422,113.26093107864124,15.447799410504023,0.49974274381101214,0.1793329174125249
3.0,29,ORACLE_SRM,97.24150311892755,120.52559906017913,15.860714803808564,7.980033453885192e-12,0.0
3.0,30,NOMINAL_SRM,46.47031272586332,50.0431875350986,7.426962246821151,109.99664393781832,51.38087410390559
3.0,30,CAL_CURRENT_SRM,57.06562311431814,66.17427577238118,9.18698058377378,32.475816760628746,0.23299899524576909
3.0,30,ORACLE_SRM,97.13816301526025,120.82880893084264,15.84354867363127,2.068962970060337e-11,0.0
3.0,31,NOMINAL_SRM,48.95274636778567,53.64322826252997,7.839326639167056,82.65458048944772,42.69942166191913
3.0,31,CAL_CURRENT_SRM,94.0108599468037,105.6751985076371,15.324063114086995,0.5244537551751814,0.2247234974464878
3.0,31,ORACLE_SRM,97.20192118681338,120.93011754202726,15.8541397320288,1.555875517751698e-11,0.0
3.0,32,NOMINAL_SRM,50.575273809551966,59.85280061339401,8.108849470025245,68.57350716725975,27.699093925381884
3.0,32,CAL_CURRENT_SRM,93.65069621104666,107.61352155409372,15.264235251004429,0.5475548061155652,0.2739870309361051
3.0,32,ORACLE_SRM,97.07552087005939,121.2142999027873,15.833143001670996,6.377745716588144e-16,0.0
3.0,33,NOMINAL_SRM,44.00360617234117,48.14162681632674,7.017210327631425,146.12715405929868,67.85090883803525
3.0,33,CAL_CURRENT_SRM,94.0816041338641,114.38252256246942,15.335814640176762,0.519104227763151,0.20423064850488504
3.0,33,ORACLE_SRM,97.13868189564813,120.72811234328688,15.843634866386733,7.978304819643922e-12,0.0
3.0,34,NOMINAL_SRM,52.20614088087334,55.935723835784884,8.379757621407533,56.83609788325622,24.35432855907012
3.0,34,CAL_CURRENT_SRM,95.56059311466956,109.76651472981209,15.581493872868698,0.4570058071128408,0.21670317678981157
3.0,34,ORACLE_SRM,97.13342577664855,120.63273855871711,15.842761756918364,5.359483052834059e-12,0.0
3.0,35,NOMINAL_SRM,57.02280834732928,62.47524549611775,9.179868496234102,32.63767705660936,15.82867023963116
3.0,35,CAL_CURRENT_SRM,94.3228054661949,107.95505022379697,15.375881306676893,0.5106816385188868,0.19182611926213403
3.0,35,ORACLE_SRM,97.24112985619547,120.94395876892142,15.86065280003247,3.077001871114205e-12,0.0
3.0,36,NOMINAL_SRM,57.362781754019984,63.45620548684173,9.236342484056477,31.381763685546677,16.44676769626169
3.0,36,CAL_CURRENT_SRM,49.91935780540097,57.38370485592522,7.999893323156308,73.95223543770689,0.15046103712853542
3.0,36,ORACLE_SRM,97.04101246564177,119.40407313478703,15.827410708578368,2.507680640547782e-16,0.0
3.0,37,NOMINAL_SRM,54.20444580139704,59.2670884064148,8.711701960364959,45.151407415862025,22.657757872984686
3.0,37,CAL_CURRENT_SRM,51.59337845612461,59.47212008568421,8.27796984321007,60.98109196845283,0.15878948588451125
3.0,37,ORACLE_SRM,97.20872855244245,120.52505412171786,15.855270523661536,1.0441739949091007e-11,0.0
3.0,38,NOMINAL_SRM,50.61921436150219,59.59982782328225,8.116148565033587,68.22273699913568,28.74312257949677
3.0,38,CAL_CURRENT_SRM,96.05208212413936,112.30795583525811,15.663136565471655,0.44331773486279824,0.17568520275726499
3.0,38,ORACLE_SRM,97.15716649177705,120.70826597805777,15.846705397305158,5.361740287143365e-12,0.0
3.0,39,NOMINAL_SRM,55.78335068556267,65.32027944730574,8.973978519196457,37.641482212224176,12.582887591178395
3.0,39,CAL_CURRENT_SRM,95.01726300684072,111.28212653663755,15.49123970213301,0.47474728135241995,0.19224876568548768
3.0,39,ORACLE_SRM,97.03677318436726,119.9316743247917,15.826706509031107,1.5543122344752192e-15,0.0
3.0,40,NOMINAL_SRM,52.189004307866334,58.98287001790926,8.376911014595738,56.95541528446602,23.975996816582985
3.0,40,CAL_CURRENT_SRM,96.16486857025114,113.94120193502532,15.681871855523447,0.43261839105912175,0.14133363527241188
3.0,40,ORACLE_SRM,96.98117356153331,121.28764403550915,15.817470691284603,5.359941671834966e-12,0.0
3.0,41,NOMINAL_SRM,49.396673163988766,52.324220961002005,7.913068631891822,78.53596586589632,36.9833478762554
3.0,41,CAL_CURRENT_SRM,50.054976312814915,57.55362524115205,8.022421314421083,72.79102863613166,0.15109092287063242
3.0,41,ORACLE_SRM,97.05028821489779,119.86346507777881,15.828951530713919,2.068950894740198e-11,0.0
3.0,42,NOMINAL_SRM,47.48730303682034,50.85618641164488,7.595897514421985,97.8444080896818,46.797341939643175
3.0,42,CAL_CURRENT_SRM,94.05981273430083,107.06889891716928,15.332194806362265,0.5303463592933315,0.21832001778585242
3.0,42,ORACLE_SRM,96.9604604042471,120.32140098699415,15.814029967482908,2.068962477504886e-11,0.0
3.0,43,NOMINAL_SRM,48.133729667025776,54.51857994214319,7.703277353326541,90.8278250027526,46.77347208484365
3.0,43,CAL_CURRENT_SRM,95.85366129702138,114.04061488035063,15.630176295186276,0.4511675434009148,0.18140972076670211
3.0,43,ORACLE_SRM,97.19058426419957,121.18878795989335,15.852256522292288,1.861486813260173e-15,0.0
3.0,44,NOMINAL_SRM,51.05587472195745,54.61701493921656,8.188683508630806,64.87756060150105,25.852011209115766
3.0,44,CAL_CURRENT_SRM,95.08657689630601,113.18425527522425,15.502753637260135,0.47868219739621615,0.20390715184612604
3.0,44,ORACLE_SRM,97.26093822605486,121.01251854016621,15.863943226919412,5.359911965684703e-12,0.0
3.0,45,NOMINAL_SRM,46.904292057384765,51.02605440775781,7.499051836774878,104.64674812164944,51.19742381852463
3.0,45,CAL_CURRENT_SRM,93.49953887519149,112.97504497420951,15.23912605900191,0.5534471585106162,0.24801820988154355
3.0,45,ORACLE_SRM,97.15833327793501,121.54418051850455,15.846899215603823,1.6050308076832566e-15,0.0
3.0,46,NOMINAL_SRM,55.023064450876085,58.38144285881914,8.847685124730248,41.09538349502436,19.48493512096865
3.0,46,CAL_CURRENT_SRM,61.47379964391294,71.51272569759469,9.919235821247998,19.55079276684866,0.18372900544583012
3.0,46,ORACLE_SRM,97.16575035822017,120.93031336059539,15.848131288740891,5.360060772609104e-12,0.0
3.0,47,NOMINAL_SRM,47.0751991317897,50.99108042067317,7.527441716244137,102.6008522436063,46.951018078847454
3.0,47,CAL_CURRENT_SRM,62.63177954862855,72.76485896293886,10.1115912871476,17.122660099451874,0.17227253920060462
3.0,47,ORACLE_SRM,97.18220866201455,121.10418994627256,15.850865226248263,1.8159653461626318e-11,0.0
3.0,48,NOMINAL_SRM,51.996406986176034,56.28745542417197,8.344918104015953,58.21500652924707,24.35237449713033
3.0,48,CAL_CURRENT_SRM,94.4439100410575,107.55966492028966,15.395998345690616,0.5061363787005585,0.25073723265222914
3.0,48,ORACLE_SRM,97.22536713397785,120.65003068540001,15.858034407637518,1.0441452232376621e-11,0.0
3.0,49,NOMINAL_SRM,49.062476073517246,53.24864200981697,7.857554165036088,81.61186017221267,41.22589665445431
3.0,49,CAL_CURRENT_SRM,94.24060385276647,109.3152137182291,15.362226553615693,0.5131455320204801,0.23927487445405585
3.0,49,ORACLE_SRM,97.1370223644943,120.05633523441489,15.84335919675985,5.359603734986156e-12,0.0
3.0,50,NOMINAL_SRM,64.19288487798809,72.06114559930239,10.370911109300348,14.296113009774452,7.081355729826392
3.0,50,CAL_CURRENT_SRM,94.46666702642516,110.52111691305727,15.399778575818132,0.5014479324205563,0.16669554304866044
3.0,50,ORACLE_SRM,97.01675300321996,120.55798290503454,15.823380897544844,1.044299186459532e-11,0.0
3.0,51,NOMINAL_SRM,51.30892929457961,60.80769721155488,8.230719151923525,63.02169500949298,26.057290140583348
3.0,51,CAL_CURRENT_SRM,94.57985978924796,110.91453730897322,15.418581360340193,0.5036021099888321,0.22266700681727744
3.0,51,ORACLE_SRM,97.05637836688908,120.28378904073499,15.829963183868617,1.5558345103078505e-11,0.0
3.0,52,NOMINAL_SRM,46.763729787246,49.69596155608564,7.475702622466113,106.35975814603896,42.67548959597326
3.0,52,CAL_CURRENT_SRM,95.0411274672752,105.47380382875163,15.495203898218472,0.48144249028066816,0.18347367857883642
3.0,52,ORACLE_SRM,97.22125454301178,120.42026777464015,15.857351252991991,7.97790284422429e-12,0.0
3.0,53,NOMINAL_SRM,58.27360685287858,62.90963727923162,9.387642334365214,28.270532117598446,20.230588629902165
3.0,53,CAL_CURRENT_SRM,95.3930968565044,109.56094144761094,15.553670574170166,0.46243198205259217,0.15644667972531376
3.0,53,ORACLE_SRM,97.05004603918289,119.76952533737497,15.828911302189848,1.5558617060784804e-11,0.0
3.0,54,NOMINAL_SRM,47.049189311443705,51.66686658899955,7.52312114808035,102.91042305313651,44.33071708183399
3.0,54,CAL_CURRENT_SRM,94.61828843937938,114.18207682776377,15.424964857039765,0.493508398766945,0.15575190424446606
3.0,54,ORACLE_SRM,97.21400412198528,121.82525231422802,15.856146864117157,2.068509773709081e-11,0.0
3.0,55,NOMINAL_SRM,47.99422687632995,53.83932103591023,7.680104132280723,92.29883838597462,48.991050979403255
3.0,55,CAL_CURRENT_SRM,92.64347923730043,109.07335952384821,15.096923461345586,0.587877429861602,0.27861442043190626
3.0,55,ORACLE_SRM,97.13270314131893,121.63137203762297,15.842641717827064,3.0772821336888554e-12,0.0
3.0,56,NOMINAL_SRM,49.4477188777936,53.36311362873336,7.921547986344453,78.07583808976963,32.103982218313355
3.0,56,CAL_CURRENT_SRM,95.09920034119246,114.81076799344736,15.50485055501536,0.4867467683599809,0.23063463716903385
3.0,56,ORACLE_SRM,97.19074413315468,120.80825688645041,15.852283078597123,4.5288390936029406e-15,0.0
3.0,57,NOMINAL_SRM,51.13247073008147,58.26416742643033,8.201407098020178,64.31122889258887,30.932962741972396
3.0,57,CAL_CURRENT_SRM,95.08290786789262,113.5082075985242,15.502144164101763,0.4748044466219399,0.15589703105129377
3.0,57,ORACLE_SRM,96.9936309049242,120.25320588747434,15.81954001742927,1.0441395041536447e-11,0.0
3.0,58,NOMINAL_SRM,58.63597802185991,65.34974687411959,9.447836880707628,27.11795061427126,14.536735852143243
3.0,58,CAL_CURRENT_SRM,69.03003132253693,80.77468680953031,11.174423807730387,8.19792669491287,0.1906884643757724
3.0,58,ORACLE_SRM,97.35095507381314,119.8382506074948,15.878896191663312,7.977959186470145e-12,0.0
3.0,59,NOMINAL_SRM,46.844046811325086,53.451331955602285,7.489044320818121,105.3735660903537,55.700903004399855
3.0,59,CAL_CURRENT_SRM,49.28437282355791,56.612537514068904,7.894414090292012,79.56152415722666,0.17204408371990787
3.0,59,ORACLE_SRM,97.1550514677906,121.18584870881674,15.846354064417044,3.0772599734574703e-12,0.0
3.0,60,NOMINAL_SRM,44.101996317237464,48.01256051737215,7.033554205521174,144.48799456108648,70.55156579650459
3.0,60,CAL_CURRENT_SRM,94.6031989639553,110.19979939669531,15.422458299660349,0.5205350898608605,0.22798936549357401
3.0,60,ORACLE_SRM,97.07347036223243,120.18036767761282,15.832802385752895,1.3050852730636528e-11,0.0
3.0,61,NOMINAL_SRM,45.4441321699686,50.15496682335616,7.256500360459901,123.78994198455173,66.01182715227255
3.0,61,CAL_CURRENT_SRM,93.25309200923486,107.3324080833251,15.19818804140114,0.5644442937471704,0.24588785558335757
3.0,61,ORACLE_SRM,97.15475850306527,121.09020170593224,15.846305399180277,1.5558757548853034e-11,0.0
3.0,62,NOMINAL_SRM,49.08392975904529,52.89151437633272,7.861117900173637,81.41582948004597,33.09656212618033
3.0,62,CAL_CURRENT_SRM,94.74907174159603,111.25934097688395,15.44668965807243,0.48690079433489064,0.19176244059750633
3.0,62,ORACLE_SRM,97.04562668743688,119.4091871466239,15.828177190604134,3.0772597027422754e-12,0.0
3.0,63,NOMINAL_SRM,47.228227046181395,50.801737136430624,7.552861635578306,100.811547889705,47.87012525874949
3.0,63,CAL_CURRENT_SRM,95.76318097293067,109.47376960834924,15.615146341018384,0.45285481197798216,0.19692450787112137
3.0,63,ORACLE_SRM,97.17080242172841,120.74510604669554,15.84897050194824,7.977926108340294e-12,0.0
3.0,64,NOMINAL_SRM,49.76056688293666,54.997766847896806,7.973516093511074,75.32049640821765,35.17751505115777
3.0,64,CAL_CURRENT_SRM,95.7330519964401,108.33571263512167,15.610141527647857,0.45449488505978575,0.17068224706463173
3.0,64,ORACLE_SRM,97.25064196548148,120.11093158375598,15.862232884631474,1.0443898653265005e-11,0.0
3.0,65,NOMINAL_SRM,52.64082168606592,57.247350192697965,8.451963735226897,54.05555691004363,24.23722059584067
3.0,65,CAL_CURRENT_SRM,95.23584731706173,111.68553444746297,15.527549388216233,0.47316463127552255,0.1860534232401558
3.0,65,ORACLE_SRM,97.28377821939333,120.26261731551033,15.8677372457464,5.338891568193822e-16,0.0
3.0,66,NOMINAL_SRM,46.998116395289394,52.97132547663118,7.5146372749650165,103.52640743619276,45.96347957353394
3.0,66,CAL_CURRENT_SRM,66.2969606305771,77.4323353493545,10.720425353916463,11.22056673064095,0.1562374595329217
3.0,66,ORACLE_SRM,97.30612544124006,119.91991451277488,15.871449408843864,3.0778168748215464e-12,0.0
3.0,67,NOMINAL_SRM,51.783831380948435,59.37769467210203,8.309606541685788,59.66178199056486,28.263387853463104
3.0,67,CAL_CURRENT_SRM,95.73827924142665,117.5847841190172,15.611009840768547,0.4535848582423442,0.14496484079368369
3.0,67,ORACLE_SRM,97.10355522790975,122.01454607932136,15.837799871745807,1.0443885718199456e-11,0.0
3.0,68,NOMINAL_SRM,51.825848082749374,59.31418261276696,8.316586060257372,59.3779498857114,32.06309722526899
3.0,68,CAL_CURRENT_SRM,40.944455095677185,46.31865924010292,6.509045696956344,207.80973647615826,0.15470824750116574
3.0,68,ORACLE_SRM,97.30335286564366,120.66324652309218,15.870988848113566,1.04438291391965e-11,0.0
3.0,69,NOMINAL_SRM,46.01970093434802,49.772187914677986,7.352109789758809,115.85698864852591,51.191226687648054
3.0,69,CAL_CURRENT_SRM,60.93667348345488,70.78713430462642,9.830012206553969,20.80625788471733,0.16707508690971348
3.0,69,ORACLE_SRM,97.27730366635966,120.69183171765827,15.86666173859795,5.359962422334773e-12,0.0
3.0,70,NOMINAL_SRM,48.327008791731046,52.70772269086735,7.735383520221105,88.8210708218915,36.34626292812474
3.0,70,CAL_CURRENT_SRM,94.25169725567142,107.65960820597621,15.364069311573326,0.5208400018250755,0.22764194645624775
3.0,70,ORACLE_SRM,97.0959719916618,120.22421288679502,15.836540197950464,1.0441765715035898e-11,0.0
3.0,71,NOMINAL_SRM,50.22627314611954,56.71853306661643,8.050875937893611,71.38887304142736,39.064572218326326
3.0,71,CAL_CURRENT_SRM,95.38234144935498,115.0642409285681,15.551883961686874,0.4653116152265629,0.19346294546533646
3.0,71,ORACLE_SRM,97.16289344819451,120.43332962410875,15.847656718969187,1.1102230246251565e-16,0.0
3.0,72,NOMINAL_SRM,51.203770691435466,58.56076934764269,8.213250945421175,63.78935302810441,34.456906477974705
3.0,72,CAL_CURRENT_SRM,94.82882453134097,116.87131395727683,15.45993762979086,0.4899557353546945,0.18233367805105288
3.0,72,ORACLE_SRM,97.10777509186101,121.46296156776575,15.83850084582409,7.021666937153402e-16,0.0
3.0,73,NOMINAL_SRM,53.01003724445509,59.02102084601022,8.513295223331411,51.813588941925104,28.376767740221204
3.0,73,CAL_CURRENT_SRM,95.07480741636358,107.63830744853439,15.500798574146774,0.4863471548600041,0.16216040964681935
3.0,73,ORACLE_SRM,96.98371993281529,120.21160275550044,15.81789367654739,1.3048318123949437e-11,0.0
3.0,74,NOMINAL_SRM,49.012783472478844,55.19749698800423,7.849299580145988,82.08953819115642,39.44701467278706
3.0,74,CAL_CURRENT_SRM,95.65431455805161,114.2061824842747,15.59706221894545,0.45587689133275255,0.17786535577437704
3.0,74,ORACLE_SRM,97.18613181231356,120.36440446350696,15.851516912344445,1.0443868100195433e-11,0.0
3.0,75,NOMINAL_SRM,50.55948989309505,56.272048380403554,8.106227556992534,68.71183291299816,35.246215994264546
3.0,75,CAL_CURRENT_SRM,93.95976938326463,108.1825976393546,15.315576309512396,0.5357487043053085,0.21338801898956583
3.0,75,ORACLE_SRM,97.13528453953356,121.31080101952622,15.843070521517202,1.5558511349212108e-11,0.0
3.0,76,NOMINAL_SRM,54.560785370900604,61.35008398147604,8.770894579883823,43.335129058138214,23.20578526413036
3.0,76,CAL_CURRENT_SRM,94.75671981204357,107.12377734755168,15.447960101668368,0.4846826027211356,0.2195992494072906
3.0,76,ORACLE_SRM,97.16000467738026,120.93858561328571,15.847176856707684,1.0441450297510288e-11,0.0
3.0,77,NOMINAL_SRM,47.56858209093199,54.56543470040485,7.609399018427242,96.9306870673315,44.85824480916718
3.0,77,CAL_CURRENT_SRM,94.18362169986545,114.72045887197758,15.35276107971187,0.5155340889278693,0.21581345772081495
3.0,77,ORACLE_SRM,97.06166492623925,120.28055798197066,15.83084134987363,5.359503581163487e-12,0.0
3.0,78,NOMINAL_SRM,47.93712051351111,53.71594388961212,7.670618025500185,92.90528298869559,42.37810454961873
3.0,78,CAL_CURRENT_SRM,51.30056814765288,59.08723133937325,8.229330257085197,63.0868458659935,0.1691727447253253
3.0,78,ORACLE_SRM,97.28143798293405,121.15447657640644,15.867348502148515,1.897149936107019e-15,0.0
3.0,79,NOMINAL_SRM,50.332994065543026,56.63438659283067,8.068603665372597,70.51273388138324,35.670326168047175
3.0,79,CAL_CURRENT_SRM,95.79876208491501,109.16148239351273,15.621056824736714,0.4488277049472704,0.13977708432107772
3.0,79,ORACLE_SRM,97.1040499273525,120.5588353261405,15.837882047732975,5.359503985933699e-12,0.0
3.0,80,NOMINAL_SRM,48.72054954138566,52.45283668146116,7.800755737771705,84.89841842757501,34.55052872233911
3.0,80,CAL_CURRENT_SRM,49.756079792989865,57.21741399284022,7.972770729732536,75.33744411975499,0.16944766144549134
3.0,80,ORACLE_SRM,97.21652427742399,119.17645096283047,15.856565494588702,7.108895957933346e-16,0.0
3.0,81,NOMINAL_SRM,48.237363730047704,54.72188710286596,7.7204923139614134,89.75115262202073,44.25178697743733
3.0,81,CAL_CURRENT_SRM,94.91021369084643,112.47525735901516,15.473457423728643,0.4865262311765772,0.20161271291459473
3.0,81,ORACLE_SRM,97.21747181918916,120.75616070699053,15.856722893553016,5.2224108824329155e-16,0.0
3.0,82,NOMINAL_SRM,51.467375892510965,56.095155105419124,8.257039184802487,61.877572038313765,34.13570074939786
3.0,82,CAL_CURRENT_SRM,95.94254715261181,113.80027042340774,15.644941387477045,0.44334752332255906,0.14968161343141467
3.0,82,ORACLE_SRM,97.32471454502408,119.36425442213857,15.874537299837888,3.0770021209779473e-12,0.0
3.0,83,NOMINAL_SRM,56.405689399859256,65.08881467153948,9.077357043165991,35.04890545839882,15.050073852210385
3.0,83,CAL_CURRENT_SRM,93.8978426747962,110.33728122079168,15.305289480863156,0.5308646392062858,0.24774815350632476
3.0,83,ORACLE_SRM,97.3300027660079,119.984822539448,15.875415741861776,5.359495588670387e-12,0.0
3.0,84,NOMINAL_SRM,47.79376611191463,52.45819166762299,7.646805001979175,94.45842948362855,48.41012850220011
3.0,84,CAL_CURRENT_SRM,38.72916949961379,43.57542349006759,6.141058056414251,268.1803106799882,0.18229084418871228
3.0,84,ORACLE_SRM,97.18901154208368,119.65623022679672,15.851995272771376,1.5558731359464363e-11,0.0
3.0,85,NOMINAL_SRM,48.003306334163085,51.44130847039611,7.681612347867623,92.204924243049,41.013448324593
3.0,85,CAL_CURRENT_SRM,95.52290927280579,109.61153839704302,15.575234098472723,0.4587439320314373,0.16817246527150387
3.0,85,ORACLE_SRM,97.02148655979425,120.0871915378305,15.82416720262363,6.855121490028353e-16,0.0
3.0,86,NOMINAL_SRM,57.76674389038071,64.22282028651334,9.303445828966897,29.957296593122628,14.822217490746473
3.0,86,CAL_CURRENT_SRM,42.88190223359756,48.71082425628086,6.830880769700592,166.2726481516947,0.19251304811550815
3.0,86,ORACLE_SRM,97.33165337362854,121.34123932562515,15.875689929174177,1.0441450491564238e-11,0.0
3.0,87,NOMINAL_SRM,45.826198958889,49.63029350477096,7.319966604466613,118.4610817163087,51.65751522851463
3.0,87,CAL_CURRENT_SRM,46.430902117782296,53.0974101123586,7.420415634183106,110.5082013018227,0.16459910343977124
3.0,87,ORACLE_SRM,97.20922176078638,121.04899947629261,15.85535245195787,1.973965922574211e-15,0.0
3.0,88,NOMINAL_SRM,47.42124216557432,51.490787922780754,7.584923947769822,98.59315838448038,36.076363028040035
3.0,88,CAL_CURRENT_SRM,93.25935880684668,111.73178418825414,15.199229037682173,0.5641285972257268,0.19236841661613605
3.0,88,ORACLE_SRM,97.16352051363214,120.85183982794177,15.847760882663145,4.464422001611701e-15,0.0
3.0,89,NOMINAL_SRM,46.15420433747012,49.82019398501072,7.3744525477525125,114.08086507864768,56.82972062043022
3.0,89,CAL_CURRENT_SRM,94.61054363884114,106.30974155394101,15.423678345322449,0.4990338375587075,0.17079342033158273
3.0,89,ORACLE_SRM,97.07815629965884,120.33000605057303,15.833580780674227,1.5876577437262774e-15,0.0
3.0,90,NOMINAL_SRM,55.465458420791194,59.81407142693356,8.92117249514804,39.052731544715854,18.589443524000792
3.0,90,CAL_CURRENT_SRM,94.45852770222558,113.12823381180715,15.398426528608901,0.5047233020478968,0.21383736827331365
3.0,90,ORACLE_SRM,96.94026441579281,121.55718651705241,15.810675152125052,5.3599422501951164e-12,0.0
3.0,91,NOMINAL_SRM,52.32567861684479,57.43254189192214,8.399614388180199,56.055986803499835,28.009781940373866
3.0,91,CAL_CURRENT_SRM,95.44545934739675,113.61990056165071,15.562368662358264,0.47253734268382286,0.13209677060375458
3.0,91,ORACLE_SRM,97.10791991736517,119.70385745535793,15.838524903216806,5.3618463749745466e-12,0.0
3.0,92,NOMINAL_SRM,45.42476893106247,48.493982629016934,7.253283875591773,124.077024446365,57.035668769482285
3.0,92,CAL_CURRENT_SRM,52.257331290220144,60.267094002245685,8.388261011664477,56.496714094531264,0.15782679170853944
3.0,92,ORACLE_SRM,97.13945968531593,120.34472451443081,15.843764067328227,1.5700924586837751e-15,0.0
3.0,93,NOMINAL_SRM,51.83844485564232,55.30366497984599,8.318678547448892,59.29409306532036,26.19381873144984
3.0,93,CAL_CURRENT_SRM,95.24532943571417,112.8917006787652,15.52912449098242,0.46605334268745924,0.1552924558360427
3.0,93,ORACLE_SRM,97.02922237710558,120.29402628959816,15.825452222110563,1.0443899602740673e-11,0.0
3.0,94,NOMINAL_SRM,54.25504682625358,63.84945853439929,8.720107446221526,44.88548258073271,21.634906575435743
3.0,94,CAL_CURRENT_SRM,94.60972995169345,107.93057512435652,15.423543181344428,0.5022968527264593,0.2177614766149634
3.0,94,ORACLE_SRM,97.01626948763922,121.19885339989926,15.823300579342064,3.0772608724662095e-12,0.0
3.0,95,NOMINAL_SRM,49.86540929307402,60.512056438553856,7.990931776258145,74.42143854360512,38.292733820821326
3.0,95,CAL_CURRENT_SRM,95.53815391644468,113.10915610650271,15.577766431303104,0.4629774284627264,0.19803128144266732
3.0,95,ORACLE_SRM,97.05252767934371,119.98523173694615,15.829323534774703,3.0772823172831793e-12,0.0
3.0,96,NOMINAL_SRM,52.15540346399067,54.89650988492073,8.37132947906822,57.16589612017326,24.95855084068691
3.0,96,CAL_CURRENT_SRM,94.80024800119023,112.04960423851331,15.455190697872132,0.4865749904454077,0.1878168099482275
3.0,96,ORACLE_SRM,97.21988083970528,121.31060992335627,15.857123063073967,1.5558767460481758e-11,0.0
3.0,97,NOMINAL_SRM,51.73784330723072,58.09656425682371,8.301967326782512,59.983299313812765,31.75060299610185
3.0,97,CAL_CURRENT_SRM,95.30765349924917,110.6152648378571,15.539477325456673,0.4714971622898526,0.21543619274427872
3.0,97,ORACLE_SRM,97.1393648413814,120.61547666771327,15.843748312521827,5.359495172975325e-12,0.0
3.0,98,NOMINAL_SRM,46.57707524752966,52.03977650222054,7.444696884971706,108.65523652951718,50.143052715095756
3.0,98,CAL_CURRENT_SRM,95.25038159474967,111.04418045687412,15.529963720058085,0.4686617866361915,0.1981996925026832
3.0,98,ORACLE_SRM,97.09594027480762,119.96641496159519,15.836534929370035,5.359912359500713e-12,0.0
3.0,99,NOMINAL_SRM,56.2877278056427,60.551608183972576,9.057762093960584,35.53045297000532,23.176821156300715
3.0,99,CAL_CURRENT_SRM,94.71790241956006,104.95132054691503,15.441512029827253,0.4903934468711219,0.19085437682092063
3.0,99,ORACLE_SRM,97.30972900141427,120.60612504302561,15.872048006879448,5.3599404133552584e-12,0.0
3.0,100,NOMINAL_SRM,48.812742925777854,51.559669946076106,7.816070253451472,83.994594560583,40.07399969563096
3.0,100,CAL_CURRENT_SRM,57.35193816691847,66.40564779182513,9.23454122374061,31.4315332761496,0.2455283291864219
3.0,100,ORACLE_SRM,97.13471705899808,120.5001924777732,15.842976255647521,1.0442991769257748e-11,0.0
3.0,101,NOMINAL_SRM,56.90950138028932,62.60114640311124,9.161046740911848,33.07304367341835,16.51362527754084
3.0,101,CAL_CURRENT_SRM,46.866322333740825,53.63519113328361,7.492744573711102,105.10353148218958,0.2381817119685687
3.0,101,ORACLE_SRM,97.30209174392849,121.42308010166012,15.87077935945656,4.5085513199963295e-15,0.0
3.0,102,NOMINAL_SRM,46.89231360099488,50.88165598199328,7.497062059965928,104.78416816757648,50.264597575708244
3.0,102,CAL_CURRENT_SRM,95.71246061197166,114.79812840365967,15.60672103188898,0.44647946146619166,0.15040323657945107
3.0,102,ORACLE_SRM,97.20204991456045,120.86724947442166,15.85416111537549,7.97792649436873e-12,0.0
3.0,103,NOMINAL_SRM,50.45856834287641,56.62468459686338,8.089463179879804,69.50810357232203,29.930684951234475
3.0,103,CAL_CURRENT_SRM,94.64688658433198,109.46189102666631,15.42971537945714,0.501746614660789,0.22565208850770038
3.0,103,ORACLE_SRM,97.13371526799904,120.91736714754748,15.842809845182565,3.077051053822052e-12,0.0
3.0,104,NOMINAL_SRM,48.372905557668666,51.98854128332386,7.743007567719048,88.37638421354414,47.996914739609956
3.0,104,CAL_CURRENT_SRM,95.71504543788961,109.95282046659585,15.607150404965052,0.4575582062013753,0.19671234615836042
3.0,104,ORACLE_SRM,97.19455493121066,120.63324408171077,15.85291610153001,3.0772496661418895e-12,0.0
3.0,105,NOMINAL_SRM,51.99810064681632,60.17851159612191,8.345199442992746,58.20955933561136,32.19786828427433
3.0,105,CAL_CURRENT_SRM,96.26004964774418,116.5065924846938,15.697682665738236,0.43571786098222987,0.15186092876170237
3.0,105,ORACLE_SRM,97.01285444391338,119.57479625305362,15.822733296331126,1.5558781449330535e-11,0.0
3.0,106,NOMINAL_SRM,51.79085316017815,54.15724355846491,8.310772950195707,59.61931089752531,27.674984211079533
3.0,106,CAL_CURRENT_SRM,96.2781911932391,117.34222390532787,15.70069621150151,0.44421822234462466,0.11882284220204674
3.0,106,ORACLE_SRM,97.08984774345232,119.84322088764992,15.835522880972148,7.977910041537047e-12,0.0
3.0,107,NOMINAL_SRM,49.825560802765565,52.923968537851245,7.984312425708566,74.74793740312086,37.21784295139169
3.0,107,CAL_CURRENT_SRM,94.02454438137816,106.08914633743771,15.32633627597644,0.525066830871692,0.2136051431417116
3.0,107,ORACLE_SRM,97.16972545720417,120.14219105994891,15.848791604186738,5.361734687628398e-12,0.0
3.0,108,NOMINAL_SRM,51.76580514929091,58.88066002930033,8.306612151045004,59.78170102802561,28.409639667503704
3.0,108,CAL_CURRENT_SRM,48.2467552542917,55.32760619208708,7.722052367822542,89.6436144048523,0.1401012213968373
3.0,108,ORACLE_SRM,96.99365203922426,120.66160672404136,15.819543528110342,1.0441767070484146e-11,0.0
3.0,109,NOMINAL_SRM,50.92617853719969,53.88881770907625,8.167139291893637,65.85247128914398,26.315261842167864
3.0,109,CAL_CURRENT_SRM,95.15156177311526,115.20202603922401,15.513548467294894,0.47365496310644817,0.24457068399239557
3.0,109,ORACLE_SRM,97.03940852895224,120.00338959743127,15.827144273912332,7.98023161372548e-12,0.0
3.0,110,NOMINAL_SRM,51.42378241817633,59.273659176629316,8.249797743883112,62.18740902003372,33.003197071147916
3.0,110,CAL_CURRENT_SRM,93.77819080120838,110.0294116189203,15.285413754353552,0.5276355814313899,0.20881009484159277
3.0,110,ORACLE_SRM,97.27889118195407,120.86286226881691,15.86692544550732,1.5558512509039817e-11,0.0
3.0,111,NOMINAL_SRM,50.75549259502069,54.951850029224225,8.138786145352276,67.16869876681199,34.078806722717495
3.0,111,CAL_CURRENT_SRM,94.7603364228863,110.88573757324178,15.448560867589086,0.4865880407106296,0.2278935695427858
3.0,111,ORACLE_SRM,97.25654367734803,120.7875889041914,15.863213235439874,5.361831804153112e-12,0.0
3.0,112,NOMINAL_SRM,48.852950736034025,52.3943661056342,7.8227492917000045,83.60523252261802,42.550634915162746
3.0,112,CAL_CURRENT_SRM,94.9391343653678,112.72723641225122,15.478261522486347,0.4846138358448042,0.1796148329263625
3.0,112,ORACLE_SRM,97.00673747504085,120.33721682690319,15.821717188544993,5.359940366931207e-12,0.0
3.0,113,NOMINAL_SRM,56.41404456120253,61.36442431310979,9.078744943721352,35.01419813768805,18.185851101424277
3.0,113,CAL_CURRENT_SRM,95.32840882595194,108.38923427057645,15.54292505414484,0.4770666655017656,0.1785502966463968
3.0,113,ORACLE_SRM,97.21140150986992,121.29323970623199,15.855714536523243,1.04417068867007e-11,0.0
3.0,114,NOMINAL_SRM,55.690190832011425,60.00285977291179,8.958503460467014,38.05623385545481,16.66055775021605
3.0,114,CAL_CURRENT_SRM,94.79093432746774,110.40437164376132,15.453643575991318,0.4940718842752379,0.221555867629868
3.0,114,ORACLE_SRM,97.10668184125454,120.28398783591007,15.838319242733313,5.361953079528765e-12,0.0
3.0,115,NOMINAL_SRM,49.25678684156455,51.666121129702915,7.88983170125657,79.81571259578756,36.96125966065508
3.0,115,CAL_CURRENT_SRM,94.38791632275056,111.23744494069851,15.386697063579827,0.498084848999117,0.21565609324218207
3.0,115,ORACLE_SRM,97.22769781180163,120.65862162458274,15.858421563422198,1.0441471073525442e-11,0.0
3.0,116,NOMINAL_SRM,49.63010915676964,56.49479796099448,7.951845374878679,76.45224543582351,41.39137605205675
3.0,116,CAL_CURRENT_SRM,94.23091936505764,111.03748208118226,15.360617834727183,0.5197614270303595,0.2860732559131762
3.0,116,ORACLE_SRM,97.02613784751108,120.77825784930774,15.82493984177925,1.044145049086275e-11,0.0
3.0,117,NOMINAL_SRM,55.97690237218999,62.24662515762145,9.006129962157807,36.81803395695777,16.362416215545007
3.0,117,CAL_CURRENT_SRM,95.50769702748605,116.5383574817296,15.572707147422932,0.4628229318314466,0.1812791989459512
3.0,117,ORACLE_SRM,97.16050078373094,121.04138398610745,15.847259266400489,7.977859424563889e-12,0.0
3.0,118,NOMINAL_SRM,46.74777344677641,49.83199419732262,7.4730520675708325,106.53752302366816,50.24190419342775
3.0,118,CAL_CURRENT_SRM,95.70041431374774,113.6581159562086,15.604719985672382,0.45311691806727117,0.18494744642897662
3.0,118,ORACLE_SRM,97.12707222598155,120.04964590439872,15.841706349830822,1.0441407414005392e-11,0.0
3.0,119,NOMINAL_SRM,49.50351704776675,53.46043878425834,7.930816785343315,77.5720877578897,46.633639918924715
3.0,119,CAL_CURRENT_SRM,94.0994235233984,113.93583202180912,15.338774671660865,0.5223501921705136,0.1967902500810309
3.0,119,ORACLE_SRM,97.20602730703413,119.8349307231905,15.85482181179969,1.0441475145400414e-11,0.0
3.0,120,NOMINAL_SRM,50.35016868440585,53.13188178541297,8.071456592093996,70.366639249085,32.66131854274581
3.0,120,CAL_CURRENT_SRM,96.0030400588257,116.88084568070231,15.654990042994303,0.4511458773705818,0.15515283733859603
3.0,120,ORACLE_SRM,97.12331240578679,121.06333473691197,15.841081794981195,1.0443876620935244e-11,0.0
3.0,121,NOMINAL_SRM,46.13072515627209,50.080884294863466,7.370552351540216,114.38755960169418,53.5063099805802
3.0,121,CAL_CURRENT_SRM,95.49923575762074,112.19317789712512,15.571301620867233,0.463338974246721,0.16036710762373743
3.0,121,ORACLE_SRM,97.00478940188347,121.14276296461767,15.821393588352736,5.359956080227997e-12,0.0
3.0,122,NOMINAL_SRM,47.35145297875681,50.690746081216616,7.573331059594156,99.39078491497511,48.60924427595643
3.0,122,CAL_CURRENT_SRM,95.91203397784554,112.0653056277408,15.63987275379494,0.44590413525377737,0.16425212790042523
3.0,122,ORACLE_SRM,97.11584589221965,120.8652302435609,15.839841510335491,5.359604054081713e-12,0.0
3.0,123,NOMINAL_SRM,51.42058618467364,54.752008915772635,8.249266808085324,62.20720533969032,32.1489340452922
3.0,123,CAL_CURRENT_SRM,95.29454595175216,113.30437497912543,15.537299991985408,0.4646929872705277,0.16266368131893477
3.0,123,ORACLE_SRM,97.2993597459803,121.47943834096688,15.870325539199385,2.0690906950352502e-11,0.0
3.0,124,NOMINAL_SRM,48.56129405019098,51.93692530301023,7.7743013372410275,86.46911391504155,37.638174940517985
3.0,124,CAL_CURRENT_SRM,94.09691427791458,111.83357988299845,15.338357853474182,0.5192056028538375,0.21905292080562203
3.0,124,ORACLE_SRM,97.10145284029198,120.96652801249786,15.837450637922256,1.3303748943682383e-14,0.0
3.0,125,NOMINAL_SRM,57.978805373701235,67.57119375439254,9.338671988986917,29.23895604359205,12.39561069381996
3.0,125,CAL_CURRENT_SRM,95.74984440864276,117.98456268050863,15.612930964890824,0.45633534664629083,0.1699696588812597
3.0,125,ORACLE_SRM,97.2543031802046,120.3805171862429,15.862841059834652,1.1102230246251565e-16,0.0
3.0,126,NOMINAL_SRM,53.45513498889215,58.24915398540843,8.587231725729593,49.21552083468147,23.23915923830744
3.0,126,CAL_CURRENT_SRM,95.49225922443135,114.93956829398753,15.570142728310856,0.4617403450569583,0.188271870590019
3.0,126,ORACLE_SRM,97.16535757169176,121.50948153655294,15.848066041809263,1.1102230246251565e-16,0.0
3.0,127,NOMINAL_SRM,46.44505480253798,49.41202376795878,7.422766578494683,110.31524122813931,51.075662369711324
3.0,127,CAL_CURRENT_SRM,93.39264396668321,106.43266584769997,15.221369429681596,0.5549635550170643,0.2582398466951056
3.0,127,ORACLE_SRM,97.20402147669246,120.69621444593552,15.854488617390775,5.359955422675591e-12,0.0
